Ticker,Contract Name,Type,Expiry,Strike,Bid,Ask,Volume,Open Interest,Implied Volatility,Last Stock Price,Bid Stock,Ask Stock,Moneyness
SOFI,SOFI260515C00013000,Call,2026-05-15,13.0,15.8,17.45,4.0,180,1.059086735839844,28.12,28.05,28.17,2.163076923076923
SOFI,SOFI251219P00021000,Put,2025-12-19,21.0,0.84,0.97,29.0,1892,0.7060576269531251,28.12,28.05,28.17,0.7467994310099573
SOFI,SOFI251024P00022000,Put,2025-10-24,22.0,0.2,0.23,73.0,1535,0.6601596484375001,28.12,28.05,28.17,0.7823613086770981
SOFI,SOFI270617C00017000,Call,2027-06-17,17.0,13.95,15.65,5.0,473,0.7202176416015625,28.12,28.05,28.17,1.6541176470588237
SOFI,SOFI260320P00014000,Put,2026-03-20,14.0,0.39,0.43,11.0,187,0.7421900781249999,28.12,28.05,28.17,0.4978662873399715
SOFI,SOFI270617P00030000,Put,2027-06-17,30.0,8.1,9.15,1.0,703,0.5116015637207032,28.12,28.05,28.17,1.0668563300142246
SOFI,SOFI251219C00015000,Call,2025-12-19,15.0,12.65,14.35,2.0,903,0.9570316796875,28.12,28.05,28.17,1.8746666666666667
SOFI,SOFI251010C00023000,Call,2025-10-10,23.0,5.25,5.85,1.0,349,0.9648441015625,28.12,28.05,28.17,1.222608695652174
SOFI,SOFI260417C00034000,Call,2026-04-17,34.0,3.6,4.0,3.0,301,0.6889679541015626,28.12,28.05,28.17,0.8270588235294118
SOFI,SOFI260116P00016000,Put,2026-01-16,16.0,0.31,0.36,7.0,3287,0.735354208984375,28.12,28.05,28.17,0.5689900426742531
SOFI,SOFI260320P00020000,Put,2026-03-20,20.0,1.42,1.63,4.0,1789,0.6796907031250001,28.12,28.05,28.17,0.7112375533428165
SOFI,SOFI251024C00018000,Call,2025-10-24,18.0,10.0,11.05,1.0,255,1.2480506347656248,28.12,28.05,28.17,1.5622222222222222
SOFI,SOFI251031C00026000,Call,2025-10-31,26.0,3.65,4.05,58.0,328,0.7753928710937501,28.12,28.05,28.17,1.0815384615384616
SOFI,SOFI251003C00026500,Call,2025-10-03,26.5,1.93,2.18,318.0,1255,0.6152382226562501,28.12,28.05,28.17,1.0611320754716982
SOFI,SOFI260918P00020000,Put,2026-09-18,20.0,2.28,2.62,68.0,3569,0.602787175292969,28.12,28.05,28.17,0.7112375533428165
SOFI,SOFI271217P00015000,Put,2027-12-17,15.0,2.27,2.57,30.0,1649,0.5932657861328126,28.12,28.05,28.17,0.5334281650071123
SOFI,SOFI250926C00025500,Call,2025-09-26,25.5,2.45,2.75,172.0,1019,1.12109814453125,28.12,28.05,28.17,1.1027450980392155
SOFI,SOFI271217P00035000,Put,2027-12-17,35.0,12.15,13.35,44.0,287,0.521367091064453,28.12,28.05,28.17,1.2446657183499288
SOFI,SOFI250926C00021000,Call,2025-09-26,21.0,7.1,7.8,130.0,287,3.28906427734375,28.12,28.05,28.17,1.339047619047619
SOFI,SOFI251031C00033000,Call,2025-10-31,33.0,0.94,1.05,453.0,881,0.7192410888671875,28.12,28.05,28.17,0.8521212121212122
SOFI,SOFI250926P00027000,Put,2025-09-26,27.0,0.07,0.08,3846.0,3779,0.5117236328125,28.12,28.05,28.17,0.9601706970128022
SOFI,SOFI251003C00025500,Call,2025-10-03,25.5,2.74,3.05,310.0,789,0.6757844921875001,28.12,28.05,28.17,1.1027450980392155
SOFI,SOFI280121C00035000,Call,2028-01-21,35.0,8.1,8.95,129.0,508,0.6323278955078125,28.12,28.05,28.17,0.8034285714285715
SOFI,SOFI251031P00029000,Put,2025-10-31,29.0,2.71,2.98,64.0,422,0.657229990234375,28.12,28.05,28.17,1.031294452347084
SOFI,SOFI270617P00035000,Put,2027-06-17,35.0,11.4,12.5,10.0,375,0.5343064147949219,28.12,28.05,28.17,1.2446657183499288
SOFI,SOFI251121C00013000,Call,2025-11-21,13.0,14.75,16.15,2.0,350,1.3398470507812497,28.12,28.05,28.17,2.163076923076923
SOFI,SOFI271217P00030000,Put,2027-12-17,30.0,9.0,9.9,27.0,477,0.5015918981933594,28.12,28.05,28.17,1.0668563300142246
SOFI,SOFI251017P00030000,Put,2025-10-17,30.0,2.66,3.0,105.0,2420,0.5952188916015625,28.12,28.05,28.17,1.0668563300142246
SOFI,SOFI260515P00022000,Put,2026-05-15,22.0,2.36,2.66,21.0,2339,0.6337927246093751,28.12,28.05,28.17,0.7823613086770981
SOFI,SOFI260918C00010000,Call,2026-09-18,10.0,17.4,19.2,27.0,747,0.6123085644531252,28.12,28.05,28.17,2.8120000000000003
SOFI,SOFI260515C00022000,Call,2026-05-15,22.0,8.45,9.35,7.0,914,0.6728548339843752,28.12,28.05,28.17,1.2781818181818183
SOFI,SOFI270617C00013000,Call,2027-06-17,13.0,16.45,17.85,1.0,247,0.7270535107421875,28.12,28.05,28.17,2.163076923076923
SOFI,SOFI251024C00034000,Call,2025-10-24,34.0,0.4,0.44,290.0,628,0.629886513671875,28.12,28.05,28.17,0.8270588235294118
SOFI,SOFI251003P00024000,Put,2025-10-03,24.0,0.08,0.09,739.0,2985,0.6796907031250001,28.12,28.05,28.17,0.8534850640113798
SOFI,SOFI251031C00030500,Call,2025-10-31,30.5,1.62,1.8,147.0,1293,0.737307314453125,28.12,28.05,28.17,0.9219672131147542
SOFI,SOFI271217C00037000,Call,2027-12-17,37.0,7.85,8.7,213.0,1107,0.6585727502441407,28.12,28.05,28.17,0.76
SOFI,SOFI270617P00037000,Put,2027-06-17,37.0,13.15,14.8,10.0,3185,0.5313767565917968,28.12,28.05,28.17,1.3157894736842104
SOFI,SOFI251219P00016000,Put,2025-12-19,16.0,0.24,0.27,4.0,3336,0.7929708203125,28.12,28.05,28.17,0.5689900426742531
SOFI,SOFI260618P00020000,Put,2026-06-18,20.0,1.88,2.15,6.0,10704,0.631839619140625,28.12,28.05,28.17,0.7112375533428165
SOFI,SOFI270115C00037000,Call,2027-01-15,37.0,5.7,6.3,295.0,1028,0.6806672558593752,28.12,28.05,28.17,0.76
SOFI,SOFI260320C00019000,Call,2026-03-20,19.0,9.85,10.8,4.0,612,0.6738313867187502,28.12,28.05,28.17,1.48
SOFI,SOFI260320C00016000,Call,2026-03-20,16.0,12.25,13.25,1.0,238,0.70312796875,28.12,28.05,28.17,1.7575
SOFI,SOFI251031P00021000,Put,2025-10-31,21.0,0.32,0.35,30.0,519,0.7675804492187501,28.12,28.05,28.17,0.7467994310099573
SOFI,SOFI260320P00021000,Put,2026-03-20,21.0,1.7,1.88,5.0,1199,0.6669955175781253,28.12,28.05,28.17,0.7467994310099573
SOFI,SOFI271217P00025000,Put,2027-12-17,25.0,6.2,6.95,66.0,3236,0.5217332983398437,28.12,28.05,28.17,0.8890469416785206
SOFI,SOFI251010P00024000,Put,2025-10-10,24.0,0.18,0.2,106.0,2013,0.6289099609375001,28.12,28.05,28.17,0.8534850640113798
SOFI,SOFI251024C00033000,Call,2025-10-24,33.0,0.52,0.57,240.0,761,0.6210975390625001,28.12,28.05,28.17,0.8521212121212122
SOFI,SOFI251017C00009000,Call,2025-10-17,9.0,17.75,19.3,30.0,468,2.6484408789062504,28.12,28.05,28.17,3.1244444444444444
SOFI,SOFI250926P00031000,Put,2025-09-26,31.0,2.78,3.05,86.0,925,0.79687703125,28.12,28.05,28.17,1.1024182076813656
SOFI,SOFI251031C00028500,Call,2025-10-31,28.5,2.38,2.59,184.0,512,0.7446314599609375,28.12,28.05,28.17,0.9866666666666668
SOFI,SOFI251031C00027500,Call,2025-10-31,27.5,2.71,2.96,67.0,711,0.7128934960937501,28.12,28.05,28.17,1.0225454545454546
SOFI,SOFI271217C00013000,Call,2027-12-17,13.0,17.4,19.0,6.0,698,0.7788108056640625,28.12,28.05,28.17,2.163076923076923
SOFI,SOFI260515C00039000,Call,2026-05-15,39.0,2.8,3.05,13.0,589,0.6752962158203126,28.12,28.05,28.17,0.721025641025641
SOFI,SOFI251121P00018000,Put,2025-11-21,18.0,0.25,0.28,70.0,4759,0.8027363476562499,28.12,28.05,28.17,0.6401137980085349
SOFI,SOFI251003P00031000,Put,2025-10-03,31.0,2.87,3.1,11.0,323,0.6035195898437502,28.12,28.05,28.17,1.1024182076813656
SOFI,SOFI251121C00014000,Call,2025-11-21,14.0,13.15,14.4,1.0,932,1.1816447167968749,28.12,28.05,28.17,2.0085714285714285
SOFI,SOFI250926P00029500,Put,2025-09-26,29.5,1.39,1.56,832.0,6352,0.6054726953125001,28.12,28.05,28.17,1.0490753911806543
SOFI,SOFI251031P00030000,Put,2025-10-31,30.0,3.5,3.8,29.0,516,0.7070341796875,28.12,28.05,28.17,1.0668563300142246
SOFI,SOFI270617C00015000,Call,2027-06-17,15.0,15.05,16.4,6.0,706,0.6977569287109376,28.12,28.05,28.17,1.8746666666666667
SOFI,SOFI251010C00021000,Call,2025-10-10,21.0,6.8,7.3,1.0,254,0.9882813671875,28.12,28.05,28.17,1.339047619047619
SOFI,SOFI251010C00033000,Call,2025-10-10,33.0,0.2,0.22,783.0,1731,0.62305064453125,28.12,28.05,28.17,0.8521212121212122
SOFI,SOFI251031P00027000,Put,2025-10-31,27.0,1.73,1.9,298.0,1577,0.6674837939453127,28.12,28.05,28.17,0.9601706970128022
SOFI,SOFI260618P00015000,Put,2026-06-18,15.0,0.81,0.9,37.0,4402,0.6870148486328126,28.12,28.05,28.17,0.5334281650071123
SOFI,SOFI260320C00037000,Call,2026-03-20,37.0,2.59,2.79,27.0,384,0.6889679541015626,28.12,28.05,28.17,0.76
SOFI,SOFI270617C00035000,Call,2027-06-17,35.0,6.9,7.55,41.0,1347,0.6433141137695313,28.12,28.05,28.17,0.8034285714285715
SOFI,SOFI270115P00010000,Put,2027-01-15,10.0,0.51,0.58,9.0,32809,0.6850617431640625,28.12,28.05,28.17,0.3556187766714082
SOFI,SOFI251017C00010000,Call,2025-10-17,10.0,16.75,18.25,8.0,1217,2.277348056640625,28.12,28.05,28.17,2.8120000000000003
SOFI,SOFI251010P00025500,Put,2025-10-10,25.5,0.39,0.42,66.0,470,0.5918009570312501,28.12,28.05,28.17,0.906827880512091
SOFI,SOFI251003C00031000,Call,2025-10-03,31.0,0.18,0.2,2259.0,6563,0.5742230078125,28.12,28.05,28.17,0.9070967741935484
SOFI,SOFI251024C00035000,Call,2025-10-24,35.0,0.31,0.34,328.0,2316,0.63867548828125,28.12,28.05,28.17,0.8034285714285715
SOFI,SOFI251121C00017000,Call,2025-11-21,17.0,10.5,11.5,46.0,2188,0.97070341796875,28.12,28.05,28.17,1.6541176470588237
SOFI,SOFI251121C00021000,Call,2025-11-21,21.0,7.8,8.55,118.0,2428,0.9150399121093752,28.12,28.05,28.17,1.339047619047619
SOFI,SOFI251219C00017000,Call,2025-12-19,17.0,11.2,12.4,5.0,5930,0.9443364941406248,28.12,28.05,28.17,1.6541176470588237
SOFI,SOFI260220C00024000,Call,2026-02-20,24.0,7.0,7.65,48.0,1994,0.7612328564453126,28.12,28.05,28.17,1.1716666666666666
SOFI,SOFI251031C00029000,Call,2025-10-31,29.0,2.14,2.32,238.0,1007,0.7314479980468749,28.12,28.05,28.17,0.9696551724137932
SOFI,SOFI260116C00021000,Call,2026-01-16,21.0,7.75,8.55,105.0,4503,0.64648791015625,28.12,28.05,28.17,1.339047619047619
SOFI,SOFI251010C00025500,Call,2025-10-10,25.5,2.86,3.1,22.0,1069,0.5634809277343751,28.12,28.05,28.17,1.1027450980392155
SOFI,SOFI251031P00026500,Put,2025-10-31,26.5,1.54,1.69,596.0,3177,0.6748079394531252,28.12,28.05,28.17,0.942389758179232
SOFI,SOFI251219P00018000,Put,2025-12-19,18.0,0.4,0.44,27.0,4205,0.74414318359375,28.12,28.05,28.17,0.6401137980085349
SOFI,SOFI251003C00032000,Call,2025-10-03,32.0,0.1,0.11,1569.0,4294,0.5937540625000001,28.12,28.05,28.17,0.87875
SOFI,SOFI270617C00020000,Call,2027-06-17,20.0,12.6,13.7,50.0,1646,0.7023955541992188,28.12,28.05,28.17,1.406
SOFI,SOFI251121P00019000,Put,2025-11-21,19.0,0.33,0.36,40.0,2299,0.7753928710937501,28.12,28.05,28.17,0.6756756756756757
SOFI,SOFI251024P00024500,Put,2025-10-24,24.5,0.52,0.56,102.0,810,0.5996133789062501,28.12,28.05,28.17,0.8712660028449501
SOFI,SOFI251017C00035000,Call,2025-10-17,35.0,0.2,0.22,1177.0,6298,0.648441015625,28.12,28.05,28.17,0.8034285714285715
SOFI,SOFI260220C00013000,Call,2026-02-20,13.0,15.55,16.5,3.0,231,1.105961501464844,28.12,28.05,28.17,2.163076923076923
SOFI,SOFI260220C00012000,Call,2026-02-20,12.0,15.3,16.65,12.0,2415,1.0263720556640623,28.12,28.05,28.17,2.3433333333333333
SOFI,SOFI251024C00026500,Call,2025-10-24,26.5,2.81,2.98,9.0,226,0.6347692773437501,28.12,28.05,28.17,1.0611320754716982
SOFI,SOFI260417C00022000,Call,2026-04-17,22.0,8.85,9.45,6.0,443,0.7561059545898439,28.12,28.05,28.17,1.2781818181818183
SOFI,SOFI251003P00028000,Put,2025-10-03,28.0,0.85,0.93,1646.0,4328,0.5400436621093752,28.12,28.05,28.17,0.995732574679943
SOFI,SOFI251031C00029500,Call,2025-10-31,29.5,1.92,2.05,239.0,467,0.71679970703125,28.12,28.05,28.17,0.9532203389830508
SOFI,SOFI251031C00028000,Call,2025-10-31,28.0,2.57,2.76,526.0,855,0.7324245507812499,28.12,28.05,28.17,1.0042857142857142
SOFI,SOFI260116P00017000,Put,2026-01-16,17.0,0.4,0.44,5.0,8571,0.711916943359375,28.12,28.05,28.17,0.604551920341394
SOFI,SOFI260918P00017000,Put,2026-09-18,17.0,1.62,1.76,416.0,3103,0.648441015625,28.12,28.05,28.17,0.604551920341394
SOFI,SOFI251031P00022000,Put,2025-10-31,22.0,0.44,0.47,54.0,655,0.743166630859375,28.12,28.05,28.17,0.7823613086770981
SOFI,SOFI250926C00028500,Call,2025-09-26,28.5,0.23,0.25,9011.0,3644,0.492192578125,28.12,28.05,28.17,0.9866666666666668
SOFI,SOFI271217P00013000,Put,2027-12-17,13.0,1.69,1.8,12.0,514,0.6010782080078126,28.12,28.05,28.17,0.4623044096728307
SOFI,SOFI260116C00024000,Call,2026-01-16,24.0,6.0,6.5,51.0,3127,0.6667513793945314,28.12,28.05,28.17,1.1716666666666666
SOFI,SOFI251017C00034000,Call,2025-10-17,34.0,0.26,0.28,186.0,1773,0.6279334082031252,28.12,28.05,28.17,0.8270588235294118
SOFI,SOFI251121C00039000,Call,2025-11-21,39.0,0.62,0.66,107.0,563,0.7348659326171875,28.12,28.05,28.17,0.721025641025641
SOFI,SOFI251017P00023000,Put,2025-10-17,23.0,0.22,0.24,487.0,7009,0.6601596484375001,28.12,28.05,28.17,0.817923186344239
SOFI,SOFI251031C00032000,Call,2025-10-31,32.0,1.22,1.31,321.0,1402,0.7324245507812499,28.12,28.05,28.17,0.87875
SOFI,SOFI250926C00029000,Call,2025-09-26,29.0,0.11,0.12,12343.0,7175,0.500005,28.12,28.05,28.17,0.9696551724137932
SOFI,SOFI251017C00033000,Call,2025-10-17,33.0,0.36,0.39,1071.0,3685,0.6210975390625001,28.12,28.05,28.17,0.8521212121212122
SOFI,SOFI251003P00026000,Put,2025-10-03,26.0,0.25,0.27,1506.0,2709,0.5751995605468749,28.12,28.05,28.17,0.9246088193456614
SOFI,SOFI251010P00023500,Put,2025-10-10,23.5,0.15,0.16,66.0,819,0.6523472265625001,28.12,28.05,28.17,0.8357041251778093
SOFI,SOFI271217C00022000,Call,2027-12-17,22.0,12.55,13.55,27.0,3083,0.679812772216797,28.12,28.05,28.17,1.2781818181818183
SOFI,SOFI251003P00025000,Put,2025-10-03,25.0,0.13,0.14,927.0,2569,0.6113320117187502,28.12,28.05,28.17,0.8890469416785206
SOFI,SOFI260918P00015000,Put,2026-09-18,15.0,1.14,1.22,6.0,1380,0.6626010302734376,28.12,28.05,28.17,0.5334281650071123
SOFI,SOFI251219C00039000,Call,2025-12-19,39.0,0.97,1.03,109.0,614,0.7006865869140625,28.12,28.05,28.17,0.721025641025641
SOFI,SOFI260918C00032000,Call,2026-09-18,32.0,5.8,6.2,137.0,1258,0.6674837939453127,28.12,28.05,28.17,0.87875
SOFI,SOFI270115P00015000,Put,2027-01-15,15.0,1.4,1.55,99.0,58041,0.6250037500000001,28.12,28.05,28.17,0.5334281650071123
SOFI,SOFI260618C00017000,Call,2026-06-18,17.0,12.75,13.85,133.0,7707,0.8430191479492187,28.12,28.05,28.17,1.6541176470588237
SOFI,SOFI251031C00027000,Call,2025-10-31,27.0,3.0,3.2,92.0,1124,0.7158231542968749,28.12,28.05,28.17,1.0414814814814817
SOFI,SOFI251031P00023500,Put,2025-10-31,23.5,0.71,0.75,41.0,394,0.7211941943359376,28.12,28.05,28.17,0.8357041251778093
SOFI,SOFI260116P00018000,Put,2026-01-16,18.0,0.52,0.56,28.0,3240,0.6962920996093751,28.12,28.05,28.17,0.6401137980085349
SOFI,SOFI271217C00010000,Call,2027-12-17,10.0,18.9,20.25,21.0,1877,0.7158231542968749,28.12,28.05,28.17,2.8120000000000003
SOFI,SOFI260918P00032000,Put,2026-09-18,32.0,8.45,8.9,45.0,314,0.5590864404296876,28.12,28.05,28.17,1.1379800853485065
SOFI,SOFI251010P00026500,Put,2025-10-10,26.5,0.63,0.67,171.0,933,0.5712933496093751,28.12,28.05,28.17,0.942389758179232
SOFI,SOFI260417C00024000,Call,2026-04-17,24.0,7.7,8.15,18.0,554,0.7326686889648437,28.12,28.05,28.17,1.1716666666666666
SOFI,SOFI251003C00027000,Call,2025-10-03,27.0,1.64,1.76,473.0,2662,0.6064492480468751,28.12,28.05,28.17,1.0414814814814817
SOFI,SOFI251010C00030000,Call,2025-10-10,30.0,0.68,0.73,1340.0,3003,0.6005899316406251,28.12,28.05,28.17,0.9373333333333334
SOFI,SOFI251010C00032000,Call,2025-10-10,32.0,0.3,0.32,704.0,1627,0.6093789062500001,28.12,28.05,28.17,0.87875
SOFI,SOFI260417C00018000,Call,2026-04-17,18.0,11.15,11.75,4.0,419,0.7128934960937501,28.12,28.05,28.17,1.5622222222222222
SOFI,SOFI260220P00016000,Put,2026-02-20,16.0,0.5,0.53,20.0,887,0.7221707470703125,28.12,28.05,28.17,0.5689900426742531
SOFI,SOFI260918C00015000,Call,2026-09-18,15.0,14.85,15.9,39.0,3043,0.8640150317382812,28.12,28.05,28.17,1.8746666666666667
SOFI,SOFI251010C00031000,Call,2025-10-10,31.0,0.45,0.48,672.0,1959,0.6005899316406251,28.12,28.05,28.17,0.9070967741935484
SOFI,SOFI251024C00031000,Call,2025-10-24,31.0,0.91,0.97,652.0,1945,0.6132851171875001,28.12,28.05,28.17,0.9070967741935484
SOFI,SOFI251121C00010000,Call,2025-11-21,10.0,18.15,19.15,10.0,598,1.951172119140625,28.12,28.05,28.17,2.8120000000000003
SOFI,SOFI260220P00017000,Put,2026-02-20,17.0,0.62,0.66,7.0,1754,0.7041045214843751,28.12,28.05,28.17,0.604551920341394
SOFI,SOFI250926P00030000,Put,2025-09-26,30.0,1.8,1.93,899.0,4278,0.6250037500000001,28.12,28.05,28.17,1.0668563300142246
SOFI,SOFI251010C00029500,Call,2025-10-10,29.5,0.83,0.88,640.0,1158,0.5996133789062501,28.12,28.05,28.17,0.9532203389830508
SOFI,SOFI251017C00032000,Call,2025-10-17,32.0,0.5,0.54,696.0,12116,0.6152382226562501,28.12,28.05,28.17,0.87875
SOFI,SOFI260618C00015000,Call,2026-06-18,15.0,14.35,15.55,54.0,18846,0.9133309448242188,28.12,28.05,28.17,1.8746666666666667
SOFI,SOFI251024P00028500,Put,2025-10-24,28.5,2.05,2.14,36.0,200,0.586918193359375,28.12,28.05,28.17,1.0135135135135134
SOFI,SOFI260116P00019000,Put,2026-01-16,19.0,0.65,0.7,54.0,9416,0.6777375976562501,28.12,28.05,28.17,0.6756756756756757
SOFI,SOFI251024P00026000,Put,2025-10-24,26.0,0.94,1.0,680.0,2153,0.5952188916015625,28.12,28.05,28.17,0.9246088193456614
SOFI,SOFI260320P00017000,Put,2026-03-20,17.0,0.77,0.82,45.0,2529,0.69336244140625,28.12,28.05,28.17,0.604551920341394
SOFI,SOFI251017C00021000,Call,2025-10-17,21.0,7.1,7.6,31.0,4880,0.87695435546875,28.12,28.05,28.17,1.339047619047619
SOFI,SOFI251003C00023500,Call,2025-10-03,23.5,4.6,4.85,17.0,823,0.789064609375,28.12,28.05,28.17,1.196595744680851
SOFI,SOFI251003C00029500,Call,2025-10-03,29.5,0.47,0.5,1383.0,2647,0.5722699023437501,28.12,28.05,28.17,0.9532203389830508
SOFI,SOFI251121C00016000,Call,2025-11-21,16.0,11.75,12.45,7.0,1591,1.0273486132812502,28.12,28.05,28.17,1.7575
SOFI,SOFI250926C00028000,Call,2025-09-26,28.0,0.44,0.47,10893.0,4966,0.492192578125,28.12,28.05,28.17,1.0042857142857142
SOFI,SOFI251003C00029000,Call,2025-10-03,29.0,0.62,0.66,2544.0,3374,0.570316796875,28.12,28.05,28.17,0.9696551724137932
SOFI,SOFI260220C00022000,Call,2026-02-20,22.0,8.15,8.65,50.0,2410,0.7500025,28.12,28.05,28.17,1.2781818181818183
SOFI,SOFI251024C00032000,Call,2025-10-24,32.0,0.7,0.74,397.0,1589,0.6181678808593751,28.12,28.05,28.17,0.87875
SOFI,SOFI251121C00019000,Call,2025-11-21,19.0,9.55,10.15,67.0,3281,0.9760744580078126,28.12,28.05,28.17,1.48
SOFI,SOFI251121C00037000,Call,2025-11-21,37.0,0.83,0.87,35.0,525,0.725588681640625,28.12,28.05,28.17,0.76
SOFI,SOFI250926P00027500,Put,2025-09-26,27.5,0.15,0.16,9511.0,5590,0.4804739453125,28.12,28.05,28.17,0.9779516358463728
SOFI,SOFI260918P00040000,Put,2026-09-18,40.0,14.15,14.75,25.0,259,0.5275926147460939,28.12,28.05,28.17,1.422475106685633
SOFI,SOFI270617P00040000,Put,2027-06-17,40.0,15.9,16.7,14.0,723,0.5288133056640626,28.12,28.05,28.17,1.422475106685633
SOFI,SOFI251121P00020000,Put,2025-11-21,20.0,0.43,0.46,576.0,8509,0.7490259472656251,28.12,28.05,28.17,0.7112375533428165
SOFI,SOFI251003P00026500,Put,2025-10-03,26.5,0.35,0.37,750.0,1801,0.561527822265625,28.12,28.05,28.17,0.942389758179232
SOFI,SOFI251024P00029000,Put,2025-10-24,29.0,2.34,2.45,72.0,494,0.5893595751953126,28.12,28.05,28.17,1.031294452347084
SOFI,SOFI260220P00024000,Put,2026-02-20,24.0,2.47,2.59,19.0,612,0.6501499829101562,28.12,28.05,28.17,0.8534850640113798
SOFI,SOFI270115P00040000,Put,2027-01-15,40.0,14.55,15.5,105.0,5749,0.5052539709472657,28.12,28.05,28.17,1.422475106685633
SOFI,SOFI251003P00025500,Put,2025-10-03,25.5,0.18,0.19,989.0,1656,0.5898478515625001,28.12,28.05,28.17,0.906827880512091
SOFI,SOFI251010P00027500,Put,2025-10-10,27.5,1.01,1.06,474.0,769,0.569340244140625,28.12,28.05,28.17,0.9779516358463728
SOFI,SOFI260417C00020000,Call,2026-04-17,20.0,9.85,10.3,20.0,487,0.709963837890625,28.12,28.05,28.17,1.406
SOFI,SOFI260220C00036000,Call,2026-02-20,36.0,2.37,2.49,1.0,1051,0.6811555322265627,28.12,28.05,28.17,0.7811111111111111
SOFI,SOFI251024C00028500,Call,2025-10-24,28.5,1.75,1.83,527.0,563,0.6103554589843752,28.12,28.05,28.17,0.9866666666666668
SOFI,SOFI251219C00013000,Call,2025-12-19,13.0,15.3,15.95,9.0,396,1.224613251953125,28.12,28.05,28.17,2.163076923076923
SOFI,SOFI251219P00019000,Put,2025-12-19,19.0,0.52,0.55,13.0,3398,0.7236355761718749,28.12,28.05,28.17,0.6756756756756757
SOFI,SOFI260220C00038000,Call,2026-02-20,38.0,2.03,2.12,259.0,549,0.6875031250000001,28.12,28.05,28.17,0.74
SOFI,SOFI271217C00017000,Call,2027-12-17,17.0,15.4,16.2,5.0,1650,0.7329128271484374,28.12,28.05,28.17,1.6541176470588237
SOFI,SOFI280121P00015000,Put,2028-01-21,15.0,2.36,2.48,5.0,1416,0.5809368078613282,28.12,28.05,28.17,0.5334281650071123
SOFI,SOFI260417P00018000,Put,2026-04-17,18.0,1.1,1.14,1.0,191,0.666263103027344,28.12,28.05,28.17,0.6401137980085349
SOFI,SOFI251219P00020000,Put,2025-12-19,20.0,0.66,0.7,57.0,5857,0.7070341796875,28.12,28.05,28.17,0.7112375533428165
SOFI,SOFI251003C00028500,Call,2025-10-03,28.5,0.82,0.86,3049.0,1224,0.5742230078125,28.12,28.05,28.17,0.9866666666666668
SOFI,SOFI260320C00010000,Call,2026-03-20,10.0,17.95,18.95,4.0,3470,0.993164130859375,28.12,28.05,28.17,2.8120000000000003
SOFI,SOFI270115C00035000,Call,2027-01-15,35.0,5.95,6.35,436.0,18673,0.6547886083984377,28.12,28.05,28.17,0.8034285714285715
SOFI,SOFI250926C00027500,Call,2025-09-26,27.5,0.77,0.81,4642.0,2157,0.523442265625,28.12,28.05,28.17,1.0225454545454546
SOFI,SOFI251010P00027000,Put,2025-10-10,27.0,0.82,0.86,233.0,1371,0.57617611328125,28.12,28.05,28.17,0.9601706970128022
SOFI,SOFI251219C00040000,Call,2025-12-19,40.0,0.87,0.92,955.0,5069,0.7050810742187501,28.12,28.05,28.17,0.7030000000000001
SOFI,SOFI270617P00022000,Put,2027-06-17,22.0,4.55,4.75,1.0,741,0.5719036950683594,28.12,28.05,28.17,0.7823613086770981
SOFI,SOFI251017C00031000,Call,2025-10-17,31.0,0.7,0.74,589.0,5489,0.6113320117187502,28.12,28.05,28.17,0.9070967741935484
SOFI,SOFI251031P00024000,Put,2025-10-31,24.0,0.82,0.86,324.0,1693,0.711916943359375,28.12,28.05,28.17,0.8534850640113798
SOFI,SOFI260220P00018000,Put,2026-02-20,18.0,0.78,0.82,7.0,2503,0.6914093359375001,28.12,28.05,28.17,0.6401137980085349
SOFI,SOFI260220C00014000,Call,2026-02-20,14.0,14.2,14.8,21.0,744,0.7929708203125,28.12,28.05,28.17,2.0085714285714285
SOFI,SOFI251017P00024000,Put,2025-10-17,24.0,0.33,0.35,463.0,12396,0.629886513671875,28.12,28.05,28.17,0.8534850640113798
SOFI,SOFI251121C00036000,Call,2025-11-21,36.0,0.96,1.0,67.0,711,0.7202176416015625,28.12,28.05,28.17,0.7811111111111111
SOFI,SOFI251031P00020000,Put,2025-10-31,20.0,0.24,0.25,1116.0,737,0.7939473730468749,28.12,28.05,28.17,0.7112375533428165
SOFI,SOFI251031P00028500,Put,2025-10-31,28.5,2.58,2.67,31.0,290,0.6772493212890626,28.12,28.05,28.17,1.0135135135135134
SOFI,SOFI251121C00038000,Call,2025-11-21,38.0,0.72,0.75,124.0,895,0.729494892578125,28.12,28.05,28.17,0.74
SOFI,SOFI251121C00015000,Call,2025-11-21,15.0,13.3,13.9,6.0,1689,1.2392616162109371,28.12,28.05,28.17,1.8746666666666667
SOFI,SOFI251010C00028500,Call,2025-10-10,28.5,1.21,1.26,730.0,924,0.5996133789062501,28.12,28.05,28.17,0.9866666666666668
SOFI,SOFI260918P00022000,Put,2026-09-18,22.0,3.3,3.45,7.0,2046,0.611576149902344,28.12,28.05,28.17,0.7823613086770981
SOFI,SOFI280121P00020000,Put,2028-01-21,20.0,4.35,4.5,3.0,338,0.5559126440429689,28.12,28.05,28.17,0.7112375533428165
SOFI,SOFI251003P00027500,Put,2025-10-03,27.5,0.67,0.7,995.0,1948,0.55273884765625,28.12,28.05,28.17,0.9779516358463728
SOFI,SOFI251024P00025000,Put,2025-10-24,25.0,0.66,0.69,994.0,2960,0.6025430371093752,28.12,28.05,28.17,0.8890469416785206
SOFI,SOFI251024P00025500,Put,2025-10-24,25.5,0.79,0.82,78.0,817,0.59570716796875,28.12,28.05,28.17,0.906827880512091
SOFI,SOFI251017C00019000,Call,2025-10-17,19.0,8.95,9.4,271.0,7412,0.8281267187499999,28.12,28.05,28.17,1.48
SOFI,SOFI251017C00017000,Call,2025-10-17,17.0,11.15,11.65,21.0,2963,1.42578412109375,28.12,28.05,28.17,1.6541176470588237
SOFI,SOFI251017P00026000,Put,2025-10-17,26.0,0.75,0.79,1122.0,13398,0.5961954443359375,28.12,28.05,28.17,0.9246088193456614
SOFI,SOFI251219C00037000,Call,2025-12-19,37.0,1.24,1.29,27.0,1424,0.6948272705078126,28.12,28.05,28.17,0.76
SOFI,SOFI260220P00019000,Put,2026-02-20,19.0,0.97,1.01,5.0,1694,0.6801789794921876,28.12,28.05,28.17,0.6756756756756757
SOFI,SOFI251024C00024000,Call,2025-10-24,24.0,4.6,4.75,10.0,371,0.6611362011718751,28.12,28.05,28.17,1.1716666666666666
SOFI,SOFI250926P00028500,Put,2025-09-26,28.5,0.59,0.62,3949.0,9601,0.4804739453125,28.12,28.05,28.17,1.0135135135135134
SOFI,SOFI251219C00038000,Call,2025-12-19,38.0,1.11,1.15,29.0,749,0.6992217578125001,28.12,28.05,28.17,0.74
SOFI,SOFI260320C00034000,Call,2026-03-20,34.0,3.25,3.35,24.0,294,0.676761044921875,28.12,28.05,28.17,0.8270588235294118
SOFI,SOFI251017C00023000,Call,2025-10-17,23.0,5.35,5.6,289.0,5582,0.7539087109375,28.12,28.05,28.17,1.222608695652174
SOFI,SOFI251010P00026000,Put,2025-10-10,26.0,0.5,0.52,490.0,1733,0.57812921875,28.12,28.05,28.17,0.9246088193456614
SOFI,SOFI251024C00030000,Call,2025-10-24,30.0,1.2,1.25,1070.0,2380,0.6113320117187502,28.12,28.05,28.17,0.9373333333333334
SOFI,SOFI271217C00032000,Call,2027-12-17,32.0,9.2,9.6,217.0,3421,0.6529575720214844,28.12,28.05,28.17,0.87875
SOFI,SOFI251024C00025500,Call,2025-10-24,25.5,3.5,3.6,55.0,229,0.6435582519531251,28.12,28.05,28.17,1.1027450980392155
SOFI,SOFI251010P00028500,Put,2025-10-10,28.5,1.52,1.57,361.0,525,0.5698285205078125,28.12,28.05,28.17,1.0135135135135134
SOFI,SOFI260220P00021000,Put,2026-02-20,21.0,1.45,1.5,20.0,718,0.6621127539062501,28.12,28.05,28.17,0.7467994310099573
SOFI,SOFI260320P00019000,Put,2026-03-20,19.0,1.17,1.21,1.0,699,0.6706575903320313,28.12,28.05,28.17,0.6756756756756757
SOFI,SOFI260417P00025000,Put,2026-04-17,25.0,3.4,3.5,4.0,284,0.6171913281250001,28.12,28.05,28.17,0.8890469416785206
SOFI,SOFI260116C00039000,Call,2026-01-16,39.0,1.32,1.37,41.0,1433,0.6804231176757813,28.12,28.05,28.17,0.721025641025641
SOFI,SOFI251024C00029500,Call,2025-10-24,29.5,1.37,1.43,593.0,4527,0.6123085644531252,28.12,28.05,28.17,0.9532203389830508
SOFI,SOFI280121C00037000,Call,2028-01-21,37.0,8.2,8.45,34.0,382,0.6478306701660157,28.12,28.05,28.17,0.76
SOFI,SOFI260220P00020000,Put,2026-02-20,20.0,1.19,1.24,60.0,3491,0.6704134521484376,28.12,28.05,28.17,0.7112375533428165
SOFI,SOFI251017P00031000,Put,2025-10-17,31.0,3.45,3.55,15.0,300,0.569340244140625,28.12,28.05,28.17,1.1024182076813656
SOFI,SOFI251017C00015000,Call,2025-10-17,15.0,12.65,13.25,29.0,10587,1.4570339648437498,28.12,28.05,28.17,1.8746666666666667
SOFI,SOFI260116C00029000,Call,2026-01-16,29.0,3.8,3.95,307.0,2425,0.6794465649414063,28.12,28.05,28.17,0.9696551724137932
SOFI,SOFI251010P00029000,Put,2025-10-10,29.0,1.82,1.88,118.0,693,0.5722699023437501,28.12,28.05,28.17,1.031294452347084
SOFI,SOFI260116P00020000,Put,2026-01-16,20.0,0.83,0.87,66.0,13341,0.6650424121093752,28.12,28.05,28.17,0.7112375533428165
SOFI,SOFI251024P00026500,Put,2025-10-24,26.5,1.12,1.16,152.0,1229,0.5888712988281251,28.12,28.05,28.17,0.942389758179232
SOFI,SOFI260515P00024000,Put,2026-05-15,24.0,3.3,3.4,1401.0,436,0.6279334082031252,28.12,28.05,28.17,0.8534850640113798
SOFI,SOFI250926C00027000,Call,2025-09-26,27.0,1.18,1.23,2339.0,4951,0.5312546875,28.12,28.05,28.17,1.0414814814814817
SOFI,SOFI251031P00028000,Put,2025-10-31,28.0,2.34,2.42,279.0,995,0.6860382958984376,28.12,28.05,28.17,0.995732574679943
SOFI,SOFI260417P00026000,Put,2026-04-17,26.0,3.9,4.0,2.0,182,0.6162147753906251,28.12,28.05,28.17,0.9246088193456614
SOFI,SOFI251003P00027000,Put,2025-10-03,27.0,0.5,0.52,2022.0,3246,0.561527822265625,28.12,28.05,28.17,0.9601706970128022
SOFI,SOFI260918C00027000,Call,2026-09-18,27.0,7.9,8.2,439.0,2441,0.6994658959960938,28.12,28.05,28.17,1.0414814814814817
SOFI,SOFI260220C00040000,Call,2026-02-20,40.0,1.71,1.78,407.0,4803,0.6884796777343751,28.12,28.05,28.17,0.7030000000000001
SOFI,SOFI251031C00026500,Call,2025-10-31,26.5,3.35,3.45,19.0,511,0.7246121289062499,28.12,28.05,28.17,1.0611320754716982
SOFI,SOFI251024P00027500,Put,2025-10-24,27.5,1.53,1.58,80.0,926,0.5820354296875,28.12,28.05,28.17,0.9779516358463728
SOFI,SOFI251003C00030500,Call,2025-10-03,30.5,0.26,0.27,3543.0,3036,0.5742230078125,28.12,28.05,28.17,0.9219672131147542
SOFI,SOFI251121P00022000,Put,2025-11-21,22.0,0.75,0.78,409.0,4262,0.71679970703125,28.12,28.05,28.17,0.7823613086770981
SOFI,SOFI260220C00037000,Call,2026-02-20,37.0,2.2,2.29,4.0,5240,0.6843293286132813,28.12,28.05,28.17,0.76
SOFI,SOFI260116C00011000,Call,2026-01-16,11.0,17.35,18.0,24.0,2804,1.29297228515625,28.12,28.05,28.17,2.5563636363636366
SOFI,SOFI260220C00039000,Call,2026-02-20,39.0,1.87,1.93,4.0,957,0.6875031250000001,28.12,28.05,28.17,0.721025641025641
SOFI,SOFI260320P00029000,Put,2026-03-20,29.0,5.2,5.35,2.0,493,0.6125527026367189,28.12,28.05,28.17,1.031294452347084
SOFI,SOFI251017C00012000,Call,2025-10-17,12.0,16.1,16.75,13.0,5686,2.275394936523437,28.12,28.05,28.17,2.3433333333333333
SOFI,SOFI270617P00025000,Put,2027-06-17,25.0,6.05,6.25,41.0,1272,0.5593305786132813,28.12,28.05,28.17,0.8890469416785206
SOFI,SOFI260220C00023000,Call,2026-02-20,23.0,7.6,7.9,42.0,5023,0.7395045581054687,28.12,28.05,28.17,1.222608695652174
SOFI,SOFI251031P00024500,Put,2025-10-31,24.5,0.96,0.99,108.0,874,0.7075224560546876,28.12,28.05,28.17,0.8712660028449501
SOFI,SOFI251024C00027500,Call,2025-10-24,27.5,2.26,2.32,163.0,321,0.6181678808593751,28.12,28.05,28.17,1.0225454545454546
SOFI,SOFI251219P00029000,Put,2025-12-19,29.0,3.95,4.05,186.0,248,0.6433141137695313,28.12,28.05,28.17,1.031294452347084
SOFI,SOFI270115P00022000,Put,2027-01-15,22.0,3.9,4.05,7.0,4200,0.5898478515625001,28.12,28.05,28.17,0.7823613086770981
SOFI,SOFI260220C00033000,Call,2026-02-20,33.0,3.15,3.25,124.0,1035,0.6853058813476562,28.12,28.05,28.17,0.8521212121212122
SOFI,SOFI260320C00033000,Call,2026-03-20,33.0,3.55,3.65,30.0,489,0.6804231176757813,28.12,28.05,28.17,0.8521212121212122
SOFI,SOFI251010C00027500,Call,2025-10-10,27.5,1.7,1.75,506.0,651,0.6001016552734376,28.12,28.05,28.17,1.0225454545454546
SOFI,SOFI250926C00022000,Call,2025-09-26,22.0,6.05,6.2,27.0,243,1.3125034374999998,28.12,28.05,28.17,1.2781818181818183
SOFI,SOFI260320P00018000,Put,2026-03-20,18.0,0.96,0.99,3.0,1042,0.6806672558593752,28.12,28.05,28.17,0.6401137980085349
SOFI,SOFI260515C00026000,Call,2026-05-15,26.0,7.1,7.3,9.0,547,0.7148466015625,28.12,28.05,28.17,1.0815384615384616
SOFI,SOFI251024C00029000,Call,2025-10-24,29.0,1.57,1.62,799.0,1241,0.614261669921875,28.12,28.05,28.17,0.9696551724137932
SOFI,SOFI260618P00017000,Put,2026-06-18,17.0,1.21,1.26,411.0,10150,0.6613803393554689,28.12,28.05,28.17,0.604551920341394
SOFI,SOFI260320C00021000,Call,2026-03-20,21.0,9.05,9.35,10.0,1686,0.7199735034179688,28.12,28.05,28.17,1.339047619047619
SOFI,SOFI251010C00025000,Call,2025-10-10,25.0,3.45,3.55,149.0,700,0.6455113574218749,28.12,28.05,28.17,1.1248
SOFI,SOFI260320C00013000,Call,2026-03-20,13.0,15.65,16.25,7.0,5618,0.9873048144531252,28.12,28.05,28.17,2.163076923076923
SOFI,SOFI251003P00028500,Put,2025-10-03,28.5,1.16,1.2,1134.0,2635,0.551762294921875,28.12,28.05,28.17,1.0135135135135134
SOFI,SOFI260618C00020000,Call,2026-06-18,20.0,10.7,11.15,307.0,14501,0.7521997436523438,28.12,28.05,28.17,1.406
SOFI,SOFI260220P00026000,Put,2026-02-20,26.0,3.35,3.45,38.0,941,0.639652041015625,28.12,28.05,28.17,0.9246088193456614
SOFI,SOFI280121C00032000,Call,2028-01-21,32.0,9.55,9.8,116.0,418,0.6566196447753907,28.12,28.05,28.17,0.87875
SOFI,SOFI250926P00029000,Put,2025-09-26,29.0,0.96,1.0,3972.0,14212,0.500005,28.12,28.05,28.17,1.031294452347084
SOFI,SOFI271217C00040000,Call,2027-12-17,40.0,7.25,7.55,247.0,13389,0.643680321044922,28.12,28.05,28.17,0.7030000000000001
SOFI,SOFI271217C00020000,Call,2027-12-17,20.0,13.9,14.4,184.0,4217,0.70312796875,28.12,28.05,28.17,1.406
SOFI,SOFI251121C00040000,Call,2025-11-21,40.0,0.55,0.57,551.0,4680,0.7412135253906249,28.12,28.05,28.17,0.7030000000000001
SOFI,SOFI251031P00026000,Put,2025-10-31,26.0,1.44,1.49,419.0,3260,0.69336244140625,28.12,28.05,28.17,0.9246088193456614
SOFI,SOFI260220C00018000,Call,2026-02-20,18.0,11.25,11.6,138.0,1499,0.8300798242187499,28.12,28.05,28.17,1.5622222222222222
SOFI,SOFI251017C00030000,Call,2025-10-17,30.0,0.96,1.0,2154.0,18545,0.6064492480468751,28.12,28.05,28.17,0.9373333333333334
SOFI,SOFI280121C00023000,Call,2028-01-21,23.0,12.65,12.95,23.0,283,0.6759065612792969,28.12,28.05,28.17,1.222608695652174
SOFI,SOFI251003C00024500,Call,2025-10-03,24.5,3.7,3.8,20.0,634,0.6796907031250001,28.12,28.05,28.17,1.1477551020408163
SOFI,SOFI260116C00037000,Call,2026-01-16,37.0,1.63,1.68,10.0,1514,0.6772493212890626,28.12,28.05,28.17,0.76
SOFI,SOFI251010C00028000,Call,2025-10-10,28.0,1.44,1.49,972.0,4020,0.5996133789062501,28.12,28.05,28.17,1.0042857142857142
SOFI,SOFI260220C00016000,Call,2026-02-20,16.0,12.65,13.0,59.0,786,0.7929708203125,28.12,28.05,28.17,1.7575
SOFI,SOFI260417C00035000,Call,2026-04-17,35.0,3.35,3.45,48.0,1324,0.6716341430664063,28.12,28.05,28.17,0.8034285714285715
SOFI,SOFI251003C00025000,Call,2025-10-03,25.0,3.25,3.35,613.0,1717,0.6640658593750002,28.12,28.05,28.17,1.1248
SOFI,SOFI260116C00009000,Call,2026-01-16,9.0,19.1,19.55,13.0,312,1.220707021484375,28.12,28.05,28.17,3.1244444444444444
SOFI,SOFI251121C00034000,Call,2025-11-21,34.0,1.3,1.34,24.0,1806,0.7133817724609376,28.12,28.05,28.17,0.8270588235294118
SOFI,SOFI270617C00022000,Call,2027-06-17,22.0,11.9,12.25,9.0,1333,0.68555001953125,28.12,28.05,28.17,1.2781818181818183
SOFI,SOFI251010C00027000,Call,2025-10-10,27.0,2.0,2.06,226.0,1559,0.6084023535156251,28.12,28.05,28.17,1.0414814814814817
SOFI,SOFI260417P00027000,Put,2026-04-17,27.0,4.4,4.5,2.0,267,0.6110878735351564,28.12,28.05,28.17,0.9601706970128022
SOFI,SOFI251017P00025000,Put,2025-10-17,25.0,0.51,0.53,1164.0,14469,0.6123085644531252,28.12,28.05,28.17,0.8890469416785206
SOFI,SOFI271217C00015000,Call,2027-12-17,15.0,16.5,17.1,40.0,7388,0.7355983471679688,28.12,28.05,28.17,1.8746666666666667
SOFI,SOFI260320P00025000,Put,2026-03-20,25.0,3.15,3.25,114.0,2436,0.6281775463867189,28.12,28.05,28.17,0.8890469416785206
SOFI,SOFI260618C00037000,Call,2026-06-18,37.0,3.7,3.8,32.0,778,0.6751741467285157,28.12,28.05,28.17,0.76
SOFI,SOFI251010P00029500,Put,2025-10-10,29.5,2.14,2.19,810.0,319,0.56836369140625,28.12,28.05,28.17,1.0490753911806543
SOFI,SOFI260116P00023000,Put,2026-01-16,23.0,1.6,1.65,42.0,2248,0.641605146484375,28.12,28.05,28.17,0.817923186344239
SOFI,SOFI251031C00030000,Call,2025-10-31,30.0,1.79,1.85,1447.0,3930,0.7211941943359376,28.12,28.05,28.17,0.9373333333333334
SOFI,SOFI251010C00026500,Call,2025-10-10,26.5,2.32,2.38,187.0,636,0.6113320117187502,28.12,28.05,28.17,1.0611320754716982
SOFI,SOFI251024P00029500,Put,2025-10-24,29.5,2.65,2.71,39.0,289,0.5810588769531251,28.12,28.05,28.17,1.0490753911806543
SOFI,SOFI260116P00027000,Put,2026-01-16,27.0,3.25,3.35,93.0,2184,0.6274451318359376,28.12,28.05,28.17,0.9601706970128022
SOFI,SOFI250926C00024500,Call,2025-09-26,24.5,3.6,3.7,26.0,1045,1.0468797656250002,28.12,28.05,28.17,1.1477551020408163
SOFI,SOFI251024C00025000,Call,2025-10-24,25.0,3.85,3.95,89.0,669,0.6455113574218749,28.12,28.05,28.17,1.1248
SOFI,SOFI280121C00020000,Call,2028-01-21,20.0,14.1,14.45,118.0,545,0.6989776196289064,28.12,28.05,28.17,1.406
SOFI,SOFI251010P00025000,Put,2025-10-10,25.0,0.31,0.32,280.0,3513,0.6015664843750002,28.12,28.05,28.17,0.8890469416785206
SOFI,SOFI251219C00033000,Call,2025-12-19,33.0,2.05,2.11,564.0,1694,0.6909210595703126,28.12,28.05,28.17,0.8521212121212122
SOFI,SOFI260918C00012000,Call,2026-09-18,12.0,16.95,17.4,20.0,911,0.8139667041015625,28.12,28.05,28.17,2.3433333333333333
SOFI,SOFI251010C00029000,Call,2025-10-10,29.0,1.01,1.04,1691.0,2040,0.596683720703125,28.12,28.05,28.17,0.9696551724137932
SOFI,SOFI251121P00029000,Put,2025-11-21,29.0,3.45,3.55,43.0,1717,0.6713900048828126,28.12,28.05,28.17,1.031294452347084
SOFI,SOFI260417C00025000,Call,2026-04-17,25.0,7.05,7.25,38.0,1515,0.6945831323242189,28.12,28.05,28.17,1.1248
SOFI,SOFI260220P00022000,Put,2026-02-20,22.0,1.75,1.8,27.0,1622,0.6552768847656252,28.12,28.05,28.17,0.7823613086770981
SOFI,SOFI251024P00027000,Put,2025-10-24,27.0,1.32,1.36,196.0,2594,0.5864299169921875,28.12,28.05,28.17,0.9601706970128022
SOFI,SOFI251121P00021000,Put,2025-11-21,21.0,0.58,0.6,40.0,7615,0.7334011035156249,28.12,28.05,28.17,0.7467994310099573
SOFI,SOFI260116C00031000,Call,2026-01-16,31.0,3.1,3.2,435.0,4594,0.6787141503906251,28.12,28.05,28.17,0.9070967741935484
SOFI,SOFI260515P00020000,Put,2026-05-15,20.0,1.84,1.89,2.0,1249,0.6511265356445313,28.12,28.05,28.17,0.7112375533428165
SOFI,SOFI260116P00029000,Put,2026-01-16,29.0,4.3,4.4,100.0,492,0.6147499462890625,28.12,28.05,28.17,1.031294452347084
SOFI,SOFI260220C00031000,Call,2026-02-20,31.0,3.8,3.9,74.0,1130,0.6911651977539064,28.12,28.05,28.17,0.9070967741935484
SOFI,SOFI251031C00025000,Call,2025-10-31,25.0,4.3,4.4,57.0,508,0.7392604199218749,28.12,28.05,28.17,1.1248
SOFI,SOFI260618C00010000,Call,2026-06-18,10.0,18.35,19.05,113.0,26804,0.93164130859375,28.12,28.05,28.17,2.8120000000000003
SOFI,SOFI260515C00035000,Call,2026-05-15,35.0,3.85,3.95,209.0,1121,0.6864045031738282,28.12,28.05,28.17,0.8034285714285715
SOFI,SOFI260417C00032000,Call,2026-04-17,32.0,4.2,4.3,90.0,630,0.6745638012695314,28.12,28.05,28.17,0.87875
SOFI,SOFI260116P00028000,Put,2026-01-16,28.0,3.75,3.85,85.0,1371,0.6201209863281252,28.12,28.05,28.17,0.995732574679943
SOFI,SOFI260116C00038000,Call,2026-01-16,38.0,1.47,1.51,132.0,1630,0.6784700122070313,28.12,28.05,28.17,0.74
SOFI,SOFI251219C00029000,Call,2025-12-19,29.0,3.35,3.45,245.0,3456,0.6948272705078126,28.12,28.05,28.17,0.9696551724137932
SOFI,SOFI251010C00026000,Call,2025-10-10,26.0,2.67,2.74,79.0,1324,0.6181678808593751,28.12,28.05,28.17,1.0815384615384616
SOFI,SOFI251024P00030000,Put,2025-10-24,30.0,2.98,3.05,76.0,638,0.5820354296875,28.12,28.05,28.17,1.0668563300142246
SOFI,SOFI260220C00035000,Call,2026-02-20,35.0,2.64,2.72,101.0,4137,0.684573466796875,28.12,28.05,28.17,0.8034285714285715
SOFI,SOFI260515C00031000,Call,2026-05-15,31.0,5.0,5.1,21.0,251,0.6867707104492189,28.12,28.05,28.17,0.9070967741935484
SOFI,SOFI260220P00027000,Put,2026-02-20,27.0,3.85,3.95,53.0,1295,0.6362341064453125,28.12,28.05,28.17,0.9601706970128022
SOFI,SOFI260116P00021000,Put,2026-01-16,21.0,1.05,1.08,1577.0,2664,0.6552768847656252,28.12,28.05,28.17,0.7467994310099573
SOFI,SOFI260116C00036000,Call,2026-01-16,36.0,1.81,1.86,38.0,2121,0.6755403540039064,28.12,28.05,28.17,0.7811111111111111
SOFI,SOFI251121P00030000,Put,2025-11-21,30.0,4.05,4.15,27.0,985,0.6665072412109377,28.12,28.05,28.17,1.0668563300142246
SOFI,SOFI270617C00032000,Call,2027-06-17,32.0,8.2,8.4,110.0,913,0.6630893066406252,28.12,28.05,28.17,0.87875
SOFI,SOFI260618C00012000,Call,2026-06-18,12.0,16.85,17.4,15.0,8892,0.928711650390625,28.12,28.05,28.17,2.3433333333333333
SOFI,SOFI260515C00024000,Call,2026-05-15,24.0,8.05,8.2,2.0,187,0.7133817724609376,28.12,28.05,28.17,1.1716666666666666
SOFI,SOFI251003C00024000,Call,2025-10-03,24.0,4.2,4.3,108.0,804,0.75586181640625,28.12,28.05,28.17,1.1716666666666666
SOFI,SOFI251219C00035000,Call,2025-12-19,35.0,1.6,1.65,543.0,6382,0.6928741650390625,28.12,28.05,28.17,0.8034285714285715
SOFI,SOFI260320C00038000,Call,2026-03-20,38.0,2.39,2.45,5.0,1233,0.6792024267578126,28.12,28.05,28.17,0.74
SOFI,SOFI260320C00031000,Call,2026-03-20,31.0,4.2,4.3,66.0,870,0.68555001953125,28.12,28.05,28.17,0.9070967741935484
SOFI,SOFI270115P00020000,Put,2027-01-15,20.0,3.1,3.2,6.0,9395,0.6008340698242189,28.12,28.05,28.17,0.7112375533428165
SOFI,SOFI260116C00034000,Call,2026-01-16,34.0,2.25,2.31,55.0,1969,0.6757844921875001,28.12,28.05,28.17,0.8270588235294118
SOFI,SOFI251219P00023000,Put,2025-12-19,23.0,1.33,1.37,59.0,5182,0.6713900048828126,28.12,28.05,28.17,0.817923186344239
SOFI,SOFI251121C00028000,Call,2025-11-21,28.0,3.2,3.3,1486.0,7411,0.7172879833984375,28.12,28.05,28.17,1.0042857142857142
SOFI,SOFI260220P00023000,Put,2026-02-20,23.0,2.1,2.15,23.0,928,0.6511265356445313,28.12,28.05,28.17,0.817923186344239
SOFI,SOFI270115P00025000,Put,2027-01-15,25.0,5.35,5.5,13.0,3112,0.5778850805664062,28.12,28.05,28.17,0.8890469416785206
SOFI,SOFI251010P00028000,Put,2025-10-10,28.0,1.26,1.29,601.0,1105,0.569340244140625,28.12,28.05,28.17,0.995732574679943
SOFI,SOFI251003P00029000,Put,2025-10-03,29.0,1.47,1.51,1541.0,2993,0.55273884765625,28.12,28.05,28.17,1.031294452347084
SOFI,SOFI251121C00032000,Call,2025-11-21,32.0,1.77,1.82,652.0,4055,0.711916943359375,28.12,28.05,28.17,0.87875
SOFI,SOFI251017C00013000,Call,2025-10-17,13.0,15.1,15.5,67.0,2460,1.859375703125,28.12,28.05,28.17,2.163076923076923
SOFI,SOFI260918P00030000,Put,2026-09-18,30.0,7.4,7.6,67.0,2890,0.5748333532714844,28.12,28.05,28.17,1.0668563300142246
SOFI,SOFI251219P00030000,Put,2025-12-19,30.0,4.55,4.65,217.0,668,0.6391637646484375,28.12,28.05,28.17,1.0668563300142246
SOFI,SOFI260220P00029000,Put,2026-02-20,29.0,4.95,5.05,53.0,397,0.6289099609375001,28.12,28.05,28.17,1.031294452347084
SOFI,SOFI251219P00022000,Put,2025-12-19,22.0,1.07,1.1,104.0,3965,0.6811555322265627,28.12,28.05,28.17,0.7823613086770981
SOFI,SOFI251121C00033000,Call,2025-11-21,33.0,1.52,1.56,356.0,2482,0.7124052197265626,28.12,28.05,28.17,0.8521212121212122
SOFI,SOFI260320C00022000,Call,2026-03-20,22.0,8.45,8.7,36.0,6494,0.717776259765625,28.12,28.05,28.17,1.2781818181818183
SOFI,SOFI250926P00028000,Put,2025-09-26,28.0,0.32,0.33,12326.0,10761,0.46680220703125,28.12,28.05,28.17,0.995732574679943
SOFI,SOFI251219C00012000,Call,2025-12-19,12.0,16.25,16.55,9.0,251,1.154301103515625,28.12,28.05,28.17,2.3433333333333333
SOFI,SOFI260220P00028000,Put,2026-02-20,28.0,4.35,4.45,95.0,983,0.6279334082031252,28.12,28.05,28.17,0.995732574679943
SOFI,SOFI260116P00022000,Put,2026-01-16,22.0,1.3,1.34,27.0,10033,0.6469761865234375,28.12,28.05,28.17,0.7823613086770981
SOFI,SOFI271217P00020000,Put,2027-12-17,20.0,4.25,4.4,9.0,38222,0.5593305786132813,28.12,28.05,28.17,0.7112375533428165
SOFI,SOFI251121P00032000,Put,2025-11-21,32.0,5.4,5.5,1.0,268,0.6586948193359375,28.12,28.05,28.17,1.1379800853485065
SOFI,SOFI250926C00024000,Call,2025-09-26,24.0,4.1,4.2,125.0,1564,1.171879140625,28.12,28.05,28.17,1.1716666666666666
SOFI,SOFI260618C00040000,Call,2026-06-18,40.0,3.1,3.2,2350.0,16702,0.6760286303710938,28.12,28.05,28.17,0.7030000000000001
SOFI,SOFI280121C00040000,Call,2028-01-21,40.0,7.55,7.75,571.0,3117,0.6449010119628906,28.12,28.05,28.17,0.7030000000000001
SOFI,SOFI260320C00036000,Call,2026-03-20,36.0,2.8,2.87,40.0,2164,0.6794465649414063,28.12,28.05,28.17,0.7811111111111111
SOFI,SOFI260116P00024000,Put,2026-01-16,24.0,1.94,1.99,72.0,2927,0.6350134155273439,28.12,28.05,28.17,0.8534850640113798
SOFI,SOFI251219C00018000,Call,2025-12-19,18.0,10.7,10.95,30.0,1451,0.8720715917968749,28.12,28.05,28.17,1.5622222222222222
SOFI,SOFI270115C00030000,Call,2027-01-15,30.0,7.65,7.9,885.0,25300,0.6706575903320313,28.12,28.05,28.17,0.9373333333333334
SOFI,SOFI251017P00029000,Put,2025-10-17,29.0,2.11,2.16,293.0,1629,0.5800823242187501,28.12,28.05,28.17,1.031294452347084
SOFI,SOFI251024C00028000,Call,2025-10-24,28.0,2.01,2.05,270.0,512,0.614261669921875,28.12,28.05,28.17,1.0042857142857142
SOFI,SOFI270115C00040000,Call,2027-01-15,40.0,5.05,5.2,1778.0,10812,0.6624789611816408,28.12,28.05,28.17,0.7030000000000001
SOFI,SOFI280121C00025000,Call,2028-01-21,25.0,11.9,12.15,189.0,734,0.6718782812500002,28.12,28.05,28.17,1.1248
SOFI,SOFI260515P00027000,Put,2026-05-15,27.0,4.8,4.9,1.0,701,0.6201209863281252,28.12,28.05,28.17,0.9601706970128022
SOFI,SOFI260320P00023000,Put,2026-03-20,23.0,2.37,2.42,12.0,810,0.6411168701171875,28.12,28.05,28.17,0.817923186344239
SOFI,SOFI260320C00029000,Call,2026-03-20,29.0,4.95,5.05,210.0,627,0.6906769213867189,28.12,28.05,28.17,0.9696551724137932
SOFI,SOFI251121C00035000,Call,2025-11-21,35.0,1.13,1.16,622.0,4768,0.7187528125,28.12,28.05,28.17,0.8034285714285715
SOFI,SOFI251031P00027500,Put,2025-10-31,27.5,2.1,2.14,55.0,453,0.68555001953125,28.12,28.05,28.17,0.9779516358463728
SOFI,SOFI260116C00027000,Call,2026-01-16,27.0,4.7,4.85,710.0,27114,0.6862824340820313,28.12,28.05,28.17,1.0414814814814817
SOFI,SOFI251031P00025000,Put,2025-10-31,25.0,1.11,1.14,587.0,5936,0.70312796875,28.12,28.05,28.17,0.8890469416785206
SOFI,SOFI251010P00030000,Put,2025-10-10,30.0,2.49,2.54,108.0,652,0.567387138671875,28.12,28.05,28.17,1.0668563300142246
SOFI,SOFI251003C00030000,Call,2025-10-03,30.0,0.36,0.37,4043.0,7993,0.57617611328125,28.12,28.05,28.17,0.9373333333333334
SOFI,SOFI251017C00018000,Call,2025-10-17,18.0,10.15,10.4,12.0,3048,1.126957490234375,28.12,28.05,28.17,1.5622222222222222
SOFI,SOFI260116P00032000,Put,2026-01-16,32.0,6.25,6.35,3.0,194,0.6110878735351564,28.12,28.05,28.17,1.1379800853485065
SOFI,SOFI251017C00029000,Call,2025-10-17,29.0,1.32,1.36,1188.0,20754,0.6103554589843752,28.12,28.05,28.17,0.9696551724137932
SOFI,SOFI251219P00024000,Put,2025-12-19,24.0,1.65,1.69,100.0,3027,0.6645541357421877,28.12,28.05,28.17,0.8534850640113798
SOFI,SOFI251024C00027000,Call,2025-10-24,27.0,2.54,2.59,84.0,685,0.6210975390625001,28.12,28.05,28.17,1.0414814814814817
SOFI,SOFI251024P00028000,Put,2025-10-24,28.0,1.79,1.83,348.0,1677,0.5830119824218749,28.12,28.05,28.17,0.995732574679943
SOFI,SOFI260320C00040000,Call,2026-03-20,40.0,2.05,2.11,714.0,16275,0.6813996704101564,28.12,28.05,28.17,0.7030000000000001
SOFI,SOFI251017C00025000,Call,2025-10-17,25.0,3.65,3.75,944.0,9540,0.6425816992187501,28.12,28.05,28.17,1.1248
SOFI,SOFI260618P00030000,Put,2026-06-18,30.0,6.75,6.9,69.0,1809,0.5954630297851562,28.12,28.05,28.17,1.0668563300142246
SOFI,SOFI251219C00034000,Call,2025-12-19,34.0,1.81,1.85,122.0,1976,0.6901886450195314,28.12,28.05,28.17,0.8270588235294118
SOFI,SOFI271217C00027000,Call,2027-12-17,27.0,11.0,11.25,26.0,2447,0.6696810375976563,28.12,28.05,28.17,1.0414814814814817
SOFI,SOFI260220C00030000,Call,2026-02-20,30.0,4.15,4.25,456.0,3909,0.692385888671875,28.12,28.05,28.17,0.9373333333333334
SOFI,SOFI251121P00024000,Put,2025-11-21,24.0,1.25,1.28,207.0,3795,0.6953155468750001,28.12,28.05,28.17,0.8534850640113798
SOFI,SOFI251017P00028000,Put,2025-10-17,28.0,1.56,1.6,5409.0,6862,0.5839885351562499,28.12,28.05,28.17,0.995732574679943
SOFI,SOFI260220C00029000,Call,2026-02-20,29.0,4.55,4.65,106.0,2037,0.6962920996093751,28.12,28.05,28.17,0.9696551724137932
SOFI,SOFI251219C00036000,Call,2025-12-19,36.0,1.42,1.45,14.0,1575,0.6938507177734375,28.12,28.05,28.17,0.7811111111111111
SOFI,SOFI260515P00030000,Put,2026-05-15,30.0,6.5,6.6,1.0,217,0.6064492480468751,28.12,28.05,28.17,1.0668563300142246
SOFI,SOFI251017P00027000,Put,2025-10-17,27.0,1.11,1.14,868.0,12230,0.5888712988281251,28.12,28.05,28.17,0.9601706970128022
SOFI,SOFI260515C00029000,Call,2026-05-15,29.0,5.75,5.85,62.0,440,0.6931183032226562,28.12,28.05,28.17,0.9696551724137932
SOFI,SOFI260116C00030000,Call,2026-01-16,30.0,3.45,3.55,3284.0,24137,0.6796907031250001,28.12,28.05,28.17,0.9373333333333334
SOFI,SOFI260116C00028000,Call,2026-01-16,28.0,4.25,4.35,950.0,3828,0.6816438085937502,28.12,28.05,28.17,1.0042857142857142
SOFI,SOFI251121C00012000,Call,2025-11-21,12.0,16.15,16.4,2.0,232,1.2421912890624998,28.12,28.05,28.17,2.3433333333333333
SOFI,SOFI270115C00015000,Call,2027-01-15,15.0,15.3,15.75,118.0,29343,0.77148666015625,28.12,28.05,28.17,1.8746666666666667
SOFI,SOFI260618P00027000,Put,2026-06-18,27.0,5.05,5.15,18.0,1117,0.6069375244140626,28.12,28.05,28.17,0.9601706970128022
SOFI,SOFI260417C00030000,Call,2026-04-17,30.0,4.9,5.0,113.0,1409,0.6799348413085939,28.12,28.05,28.17,0.9373333333333334
SOFI,SOFI251121C00031000,Call,2025-11-21,31.0,2.06,2.11,346.0,6114,0.710940390625,28.12,28.05,28.17,0.9070967741935484
SOFI,SOFI260320P00022000,Put,2026-03-20,22.0,2.02,2.06,14.0,1280,0.647464462890625,28.12,28.05,28.17,0.7823613086770981
SOFI,SOFI251121C00027000,Call,2025-11-21,27.0,3.7,3.8,613.0,17723,0.7231472998046875,28.12,28.05,28.17,1.0414814814814817
SOFI,SOFI251121C00026000,Call,2025-11-21,26.0,4.25,4.35,153.0,5113,0.729494892578125,28.12,28.05,28.17,1.0815384615384616
SOFI,SOFI251219C00027000,Call,2025-12-19,27.0,4.25,4.35,430.0,5425,0.6992217578125001,28.12,28.05,28.17,1.0414814814814817
SOFI,SOFI260220C00028000,Call,2026-02-20,28.0,4.95,5.05,232.0,1671,0.6962920996093751,28.12,28.05,28.17,1.0042857142857142
SOFI,SOFI251017C00024000,Call,2025-10-17,24.0,4.5,4.6,236.0,3561,0.684573466796875,28.12,28.05,28.17,1.1716666666666666
SOFI,SOFI251121P00034000,Put,2025-11-21,34.0,6.95,7.05,13.0,215,0.6616244775390626,28.12,28.05,28.17,1.209103840682788
SOFI,SOFI251219C00022000,Call,2025-12-19,22.0,7.4,7.55,26.0,1958,0.7543969873046875,28.12,28.05,28.17,1.2781818181818183
SOFI,SOFI271217C00025000,Call,2027-12-17,25.0,11.8,12.1,160.0,13293,0.6806672558593752,28.12,28.05,28.17,1.1248
SOFI,SOFI260417C00029000,Call,2026-04-17,29.0,5.3,5.4,170.0,1210,0.6843293286132813,28.12,28.05,28.17,0.9696551724137932
SOFI,SOFI260220C00017000,Call,2026-02-20,17.0,11.9,12.15,8.0,2694,0.7895528857421875,28.12,28.05,28.17,1.6541176470588237
SOFI,SOFI260116C00033000,Call,2026-01-16,33.0,2.51,2.56,153.0,1870,0.6755403540039064,28.12,28.05,28.17,0.8521212121212122
SOFI,SOFI251003C00026000,Call,2025-10-03,26.0,2.39,2.44,807.0,2765,0.6054726953125001,28.12,28.05,28.17,1.0815384615384616
SOFI,SOFI260417C00028000,Call,2026-04-17,28.0,5.7,5.8,21.0,780,0.68555001953125,28.12,28.05,28.17,1.0042857142857142
SOFI,SOFI260515C00030000,Call,2026-05-15,30.0,5.4,5.5,141.0,1146,0.6940948559570312,28.12,28.05,28.17,0.9373333333333334
SOFI,SOFI251003C00022000,Call,2025-10-03,22.0,6.15,6.25,3.0,493,0.9570316796875,28.12,28.05,28.17,1.2781818181818183
SOFI,SOFI260618C00022000,Call,2026-06-18,22.0,9.4,9.65,271.0,25786,0.7128934960937501,28.12,28.05,28.17,1.2781818181818183
SOFI,SOFI251121C00020000,Call,2025-11-21,20.0,8.65,8.85,176.0,6979,0.8378922460937499,28.12,28.05,28.17,1.406
SOFI,SOFI260220P00030000,Put,2026-02-20,30.0,5.55,5.65,140.0,1020,0.6252478881835939,28.12,28.05,28.17,1.0668563300142246
SOFI,SOFI260116C00040000,Call,2026-01-16,40.0,1.21,1.24,1038.0,13441,0.684573466796875,28.12,28.05,28.17,0.7030000000000001
SOFI,SOFI250926C00026500,Call,2025-09-26,26.5,1.66,1.69,319.0,1159,0.6093789062500001,28.12,28.05,28.17,1.0611320754716982
SOFI,SOFI260918C00040000,Call,2026-09-18,40.0,4.05,4.15,661.0,14999,0.6713900048828126,28.12,28.05,28.17,0.7030000000000001
SOFI,SOFI260918C00020000,Call,2026-09-18,20.0,11.4,11.65,114.0,5184,0.7253445434570311,28.12,28.05,28.17,1.406
SOFI,SOFI251219P00025000,Put,2025-12-19,25.0,2.01,2.05,80.0,2416,0.657229990234375,28.12,28.05,28.17,0.8890469416785206
SOFI,SOFI260618P00022000,Put,2026-06-18,22.0,2.74,2.8,8.0,5531,0.6274451318359376,28.12,28.05,28.17,0.7823613086770981
SOFI,SOFI260918P00025000,Put,2026-09-18,25.0,4.7,4.8,10.0,4438,0.5981485498046876,28.12,28.05,28.17,0.8890469416785206
SOFI,SOFI260320C00028000,Call,2026-03-20,28.0,5.35,5.45,182.0,1663,0.6916534741210938,28.12,28.05,28.17,1.0042857142857142
SOFI,SOFI260320P00030000,Put,2026-03-20,30.0,5.85,5.95,17.0,921,0.6123085644531252,28.12,28.05,28.17,1.0668563300142246
SOFI,SOFI270115P00032000,Put,2027-01-15,32.0,9.5,9.65,5.0,564,0.5549360913085939,28.12,28.05,28.17,1.1379800853485065
SOFI,SOFI251219C00026000,Call,2025-12-19,26.0,4.8,4.9,191.0,4248,0.7084990087890625,28.12,28.05,28.17,1.0815384615384616
SOFI,SOFI260220C00034000,Call,2026-02-20,34.0,2.91,2.97,151.0,4007,0.6865265722656251,28.12,28.05,28.17,0.8270588235294118
SOFI,SOFI260417C00027000,Call,2026-04-17,27.0,6.15,6.25,34.0,704,0.6899445068359377,28.12,28.05,28.17,1.0414814814814817
SOFI,SOFI260320C00030000,Call,2026-03-20,30.0,4.55,4.65,456.0,6911,0.6865265722656251,28.12,28.05,28.17,0.9373333333333334
SOFI,SOFI251031P00025500,Put,2025-10-31,25.5,1.26,1.28,170.0,638,0.692385888671875,28.12,28.05,28.17,0.906827880512091
SOFI,SOFI260918C00035000,Call,2026-09-18,35.0,5.2,5.3,104.0,2475,0.6745638012695314,28.12,28.05,28.17,0.8034285714285715
SOFI,SOFI260618C00035000,Call,2026-06-18,35.0,4.2,4.3,768.0,16301,0.6779817358398439,28.12,28.05,28.17,0.8034285714285715
SOFI,SOFI260918C00037000,Call,2026-09-18,37.0,4.7,4.8,18.0,5967,0.6728548339843752,28.12,28.05,28.17,0.76
SOFI,SOFI260515C00020000,Call,2026-05-15,20.0,10.5,10.65,18.0,350,0.7485376708984376,28.12,28.05,28.17,1.406
SOFI,SOFI260220C00027000,Call,2026-02-20,27.0,5.45,5.55,106.0,1833,0.7063017651367188,28.12,28.05,28.17,1.0414814814814817
SOFI,SOFI260220P00025000,Put,2026-02-20,25.0,2.9,2.95,13.0,1198,0.6413610083007812,28.12,28.05,28.17,0.8890469416785206
SOFI,SOFI251003P00030000,Put,2025-10-03,30.0,2.19,2.23,255.0,1832,0.5507857421875001,28.12,28.05,28.17,1.0668563300142246
SOFI,SOFI251219P00027000,Put,2025-12-19,27.0,2.89,2.94,152.0,1295,0.648441015625,28.12,28.05,28.17,0.9601706970128022
SOFI,SOFI260320C00027000,Call,2026-03-20,27.0,5.8,5.9,275.0,1291,0.6953155468750001,28.12,28.05,28.17,1.0414814814814817
SOFI,SOFI251121P00023000,Put,2025-11-21,23.0,0.98,1.0,217.0,4776,0.7050810742187501,28.12,28.05,28.17,0.817923186344239
SOFI,SOFI260515C00027000,Call,2026-05-15,27.0,6.6,6.7,17.0,588,0.7004424487304688,28.12,28.05,28.17,1.0414814814814817
SOFI,SOFI260116C00026000,Call,2026-01-16,26.0,5.25,5.35,287.0,3086,0.6931183032226562,28.12,28.05,28.17,1.0815384615384616
SOFI,SOFI260320P00024000,Put,2026-03-20,24.0,2.76,2.81,18.0,2352,0.6352575537109376,28.12,28.05,28.17,0.8534850640113798
SOFI,SOFI251121C00025000,Call,2025-11-21,25.0,4.85,4.95,191.0,7071,0.7358424853515625,28.12,28.05,28.17,1.1248
SOFI,SOFI260220C00026000,Call,2026-02-20,26.0,5.9,6.0,106.0,1549,0.7043486596679689,28.12,28.05,28.17,1.0815384615384616
SOFI,SOFI251121P00026000,Put,2025-11-21,26.0,1.96,2.0,236.0,6890,0.6806672558593752,28.12,28.05,28.17,0.9246088193456614
SOFI,SOFI271217C00035000,Call,2027-12-17,35.0,8.6,8.75,25.0,1996,0.6550327465820314,28.12,28.05,28.17,0.8034285714285715
SOFI,SOFI270115C00032000,Call,2027-01-15,32.0,7.1,7.25,90.0,10823,0.6715120739746094,28.12,28.05,28.17,0.87875
SOFI,SOFI250926C00026000,Call,2025-09-26,26.0,2.14,2.18,779.0,4088,0.70312796875,28.12,28.05,28.17,1.0815384615384616
SOFI,SOFI260515C00018000,Call,2026-05-15,18.0,11.9,12.05,1.0,302,0.7719749365234375,28.12,28.05,28.17,1.5622222222222222
SOFI,SOFI260918P00027000,Put,2026-09-18,27.0,5.75,5.85,7.0,2636,0.5903361279296876,28.12,28.05,28.17,0.9601706970128022
SOFI,SOFI270617C00030000,Call,2027-06-17,30.0,8.9,9.05,243.0,2107,0.6696810375976563,28.12,28.05,28.17,0.9373333333333334
SOFI,SOFI251017C00014000,Call,2025-10-17,14.0,14.15,14.4,19.0,3059,1.65234548828125,28.12,28.05,28.17,2.0085714285714285
SOFI,SOFI251219P00028000,Put,2025-12-19,28.0,3.4,3.45,219.0,835,0.6440465283203125,28.12,28.05,28.17,0.995732574679943
SOFI,SOFI251121C00029000,Call,2025-11-21,29.0,2.79,2.84,597.0,3618,0.7148466015625,28.12,28.05,28.17,0.9696551724137932
SOFI,SOFI251017C00027000,Call,2025-10-17,27.0,2.3,2.35,698.0,20828,0.6191444335937502,28.12,28.05,28.17,1.0414814814814817
SOFI,SOFI260320C00026000,Call,2026-03-20,26.0,6.3,6.4,215.0,1498,0.7016631396484375,28.12,28.05,28.17,1.0815384615384616
SOFI,SOFI270115P00030000,Put,2027-01-15,30.0,8.2,8.35,43.0,4990,0.5598188549804688,28.12,28.05,28.17,1.0668563300142246
SOFI,SOFI251017C00020000,Call,2025-10-17,20.0,8.2,8.35,176.0,5029,0.9023447265625,28.12,28.05,28.17,1.406
SOFI,SOFI251219C00032000,Call,2025-12-19,32.0,2.33,2.37,426.0,2994,0.6901886450195314,28.12,28.05,28.17,0.87875
SOFI,SOFI251121P00027000,Put,2025-11-21,27.0,2.41,2.45,199.0,2363,0.676761044921875,28.12,28.05,28.17,0.9601706970128022
SOFI,SOFI260618P00032000,Put,2026-06-18,32.0,8.05,8.15,9.0,341,0.5881388842773438,28.12,28.05,28.17,1.1379800853485065
SOFI,SOFI251219C00030000,Call,2025-12-19,30.0,2.99,3.05,1486.0,12139,0.694338994140625,28.12,28.05,28.17,0.9373333333333334
SOFI,SOFI270617C00027000,Call,2027-06-17,27.0,9.95,10.1,139.0,1207,0.6755403540039064,28.12,28.05,28.17,1.0414814814814817
SOFI,SOFI260320P00026000,Put,2026-03-20,26.0,3.65,3.7,1.0,664,0.6250037500000001,28.12,28.05,28.17,0.9246088193456614
SOFI,SOFI280121C00027000,Call,2028-01-21,27.0,11.2,11.35,35.0,615,0.6660189648437502,28.12,28.05,28.17,1.0414814814814817
SOFI,SOFI260116C00014000,Call,2026-01-16,14.0,14.5,14.75,5.0,4055,0.9775392871093752,28.12,28.05,28.17,2.0085714285714285
SOFI,SOFI251121C00024000,Call,2025-11-21,24.0,5.5,5.6,84.0,6491,0.7421900781249999,28.12,28.05,28.17,1.1716666666666666
SOFI,SOFI251121P00025000,Put,2025-11-21,25.0,1.58,1.61,414.0,10366,0.6875031250000001,28.12,28.05,28.17,0.8890469416785206
SOFI,SOFI251219C00019000,Call,2025-12-19,19.0,9.75,9.9,31.0,1867,0.7919942675781251,28.12,28.05,28.17,1.48
SOFI,SOFI251219C00031000,Call,2025-12-19,31.0,2.64,2.68,482.0,1679,0.6909210595703126,28.12,28.05,28.17,0.9070967741935484
SOFI,SOFI270115P00027000,Put,2027-01-15,27.0,6.45,6.55,47.0,2015,0.5701947277832031,28.12,28.05,28.17,0.9601706970128022
SOFI,SOFI260918C00025000,Call,2026-09-18,25.0,8.8,8.95,324.0,4536,0.7004424487304688,28.12,28.05,28.17,1.1248
SOFI,SOFI260116P00025000,Put,2026-01-16,25.0,2.34,2.38,1098.0,4691,0.6311072045898438,28.12,28.05,28.17,0.8890469416785206
SOFI,SOFI260618P00040000,Put,2026-06-18,40.0,14.0,14.15,1.0,215,0.5686078295898438,28.12,28.05,28.17,1.422475106685633
SOFI,SOFI260320C00018000,Call,2026-03-20,18.0,11.4,11.55,8.0,791,0.7729514892578125,28.12,28.05,28.17,1.5622222222222222
SOFI,SOFI251121C00030000,Call,2025-11-21,30.0,2.4,2.45,1775.0,38073,0.7124052197265626,28.12,28.05,28.17,0.9373333333333334
SOFI,SOFI270617C00040000,Call,2027-06-17,40.0,6.25,6.35,473.0,3404,0.6562534375000001,28.12,28.05,28.17,0.7030000000000001
SOFI,SOFI251121C00023000,Call,2025-11-21,23.0,6.25,6.35,112.0,3584,0.7651390673828126,28.12,28.05,28.17,1.222608695652174
SOFI,SOFI280121C00030000,Call,2028-01-21,30.0,10.25,10.4,256.0,1822,0.6629672375488282,28.12,28.05,28.17,0.9373333333333334
SOFI,SOFI251219C00024000,Call,2025-12-19,24.0,6.0,6.1,167.0,5216,0.7231472998046875,28.12,28.05,28.17,1.1716666666666666
SOFI,SOFI270617C00025000,Call,2027-06-17,25.0,10.75,10.9,58.0,1353,0.6817658776855471,28.12,28.05,28.17,1.1248
SOFI,SOFI260618C00032000,Call,2026-06-18,32.0,5.05,5.15,95.0,28693,0.6796907031250001,28.12,28.05,28.17,0.87875
SOFI,SOFI251219C00023000,Call,2025-12-19,23.0,6.7,6.8,11.0,2595,0.7397486962890624,28.12,28.05,28.17,1.222608695652174
SOFI,SOFI260220C00032000,Call,2026-02-20,32.0,3.5,3.55,164.0,1862,0.6899445068359377,28.12,28.05,28.17,0.87875
SOFI,SOFI251017C00022000,Call,2025-10-17,22.0,6.3,6.4,104.0,4297,0.7675804492187501,28.12,28.05,28.17,1.2781818181818183
SOFI,SOFI260618P00035000,Put,2026-06-18,35.0,10.15,10.25,5.0,183,0.5803264624023439,28.12,28.05,28.17,1.2446657183499288
SOFI,SOFI260515C00025000,Call,2026-05-15,25.0,7.55,7.65,139.0,1097,0.708010732421875,28.12,28.05,28.17,1.1248
SOFI,SOFI270115C00017000,Call,2027-01-15,17.0,14.05,14.3,54.0,12683,0.7463404272460938,28.12,28.05,28.17,1.6541176470588237
SOFI,SOFI260116C00032000,Call,2026-01-16,32.0,2.79,2.84,548.0,15206,0.6748079394531252,28.12,28.05,28.17,0.87875
SOFI,SOFI270115C00027000,Call,2027-01-15,27.0,8.9,9.05,191.0,8928,0.6850617431640625,28.12,28.05,28.17,1.0414814814814817
SOFI,SOFI260220C00025000,Call,2026-02-20,25.0,6.45,6.55,146.0,4456,0.7126493579101563,28.12,28.05,28.17,1.1248
SOFI,SOFI260320C00024000,Call,2026-03-20,24.0,7.35,7.45,20.0,1735,0.7097196997070312,28.12,28.05,28.17,1.1716666666666666
SOFI,SOFI260320C00035000,Call,2026-03-20,35.0,3.05,3.1,162.0,8061,0.6801789794921876,28.12,28.05,28.17,0.8034285714285715
SOFI,SOFI251121C00022000,Call,2025-11-21,22.0,7.0,7.1,32.0,2582,0.7763694238281251,28.12,28.05,28.17,1.2781818181818183
SOFI,SOFI251003C00027500,Call,2025-10-03,27.5,1.35,1.37,2997.0,3670,0.585941640625,28.12,28.05,28.17,1.0225454545454546
SOFI,SOFI260116P00026000,Put,2026-01-16,26.0,2.77,2.81,400.0,3287,0.6259803027343751,28.12,28.05,28.17,0.9246088193456614
SOFI,SOFI260320C00023000,Call,2026-03-20,23.0,7.95,8.05,15.0,1222,0.7182645361328125,28.12,28.05,28.17,1.222608695652174
SOFI,SOFI260515P00025000,Put,2026-05-15,25.0,3.8,3.85,2.0,1842,0.6259803027343751,28.12,28.05,28.17,0.8890469416785206
SOFI,SOFI251121C00018000,Call,2025-11-21,18.0,10.45,10.6,2.0,3723,0.8974619628906249,28.12,28.05,28.17,1.5622222222222222
SOFI,SOFI260618C00030000,Call,2026-06-18,30.0,5.75,5.85,1341.0,22340,0.6853058813476562,28.12,28.05,28.17,0.9373333333333334
SOFI,SOFI251219P00026000,Put,2025-12-19,26.0,2.43,2.47,361.0,13390,0.6528355029296876,28.12,28.05,28.17,0.9246088193456614
SOFI,SOFI260320C00025000,Call,2026-03-20,25.0,6.8,6.9,267.0,5012,0.7043486596679689,28.12,28.05,28.17,1.1248
SOFI,SOFI251121P00028000,Put,2025-11-21,28.0,2.91,2.95,1322.0,2944,0.6718782812500002,28.12,28.05,28.17,0.995732574679943
SOFI,SOFI251017C00028000,Call,2025-10-17,28.0,1.77,1.8,2489.0,21154,0.614261669921875,28.12,28.05,28.17,1.0042857142857142
SOFI,SOFI270115C00012000,Call,2027-01-15,12.0,17.5,17.8,40.0,23767,0.8063984204101562,28.12,28.05,28.17,2.3433333333333333
SOFI,SOFI260220C00010000,Call,2026-02-20,10.0,18.35,18.6,1.0,3200,1.1015669921875002,28.12,28.05,28.17,2.8120000000000003
SOFI,SOFI260618C00027000,Call,2026-06-18,27.0,6.95,7.05,140.0,6575,0.6931183032226562,28.12,28.05,28.17,1.0414814814814817
SOFI,SOFI260320C00032000,Call,2026-03-20,32.0,3.9,3.95,37.0,2748,0.6843293286132813,28.12,28.05,28.17,0.87875
SOFI,SOFI260918C00030000,Call,2026-09-18,30.0,6.75,6.85,439.0,9784,0.6829865686035157,28.12,28.05,28.17,0.9373333333333334
SOFI,SOFI260918P00035000,Put,2026-09-18,35.0,10.85,10.95,159.0,328,0.5642133422851563,28.12,28.05,28.17,1.2446657183499288
SOFI,SOFI260220C00021000,Call,2026-02-20,21.0,8.95,9.05,41.0,1241,0.7448755981445312,28.12,28.05,28.17,1.339047619047619
SOFI,SOFI271217C00030000,Call,2027-12-17,30.0,10.05,10.2,375.0,15193,0.6639437902832033,28.12,28.05,28.17,0.9373333333333334
SOFI,SOFI251017C00026000,Call,2025-10-17,26.0,2.95,2.99,702.0,6450,0.629886513671875,28.12,28.05,28.17,1.0815384615384616
SOFI,SOFI260320P00027000,Put,2026-03-20,27.0,4.15,4.2,3528.0,2550,0.6206092626953126,28.12,28.05,28.17,0.9601706970128022
SOFI,SOFI270115C00025000,Call,2027-01-15,25.0,9.75,9.9,522.0,25032,0.6921417504882813,28.12,28.05,28.17,1.1248
SOFI,SOFI251219C00028000,Call,2025-12-19,28.0,3.8,3.85,1036.0,6020,0.6960479614257813,28.12,28.05,28.17,1.0042857142857142
SOFI,SOFI260116C00035000,Call,2026-01-16,35.0,2.02,2.05,1008.0,18853,0.6738313867187502,28.12,28.05,28.17,0.8034285714285715
SOFI,SOFI270115P00035000,Put,2027-01-15,35.0,11.55,11.7,157.0,5745,0.5456588403320313,28.12,28.05,28.17,1.2446657183499288
SOFI,SOFI260116C00020000,Call,2026-01-16,20.0,9.2,9.35,879.0,55113,0.7504907763671875,28.12,28.05,28.17,1.406
SOFI,SOFI260116C00023000,Call,2026-01-16,23.0,7.05,7.15,42.0,13524,0.7148466015625,28.12,28.05,28.17,1.222608695652174
SOFI,SOFI251219C00010000,Call,2025-12-19,10.0,18.25,18.4,1.0,259,1.28515982421875,28.12,28.05,28.17,2.8120000000000003
SOFI,SOFI260116P00035000,Put,2026-01-16,35.0,8.45,8.55,3.0,2968,0.6010782080078126,28.12,28.05,28.17,1.2446657183499288
SOFI,SOFI260220C00019000,Call,2026-02-20,19.0,10.45,10.55,4.0,653,0.7768577001953125,28.12,28.05,28.17,1.48
SOFI,SOFI270115C00022000,Call,2027-01-15,22.0,11.15,11.3,310.0,9024,0.702151416015625,28.12,28.05,28.17,1.2781818181818183
SOFI,SOFI260918C00017000,Call,2026-09-18,17.0,13.4,13.55,160.0,3052,0.7543969873046875,28.12,28.05,28.17,1.6541176470588237
SOFI,SOFI260618P00025000,Put,2026-06-18,25.0,4.05,4.1,1512.0,7530,0.6140175317382813,28.12,28.05,28.17,0.8890469416785206
SOFI,SOFI251219C00016000,Call,2025-12-19,16.0,12.5,12.65,10.0,6701,0.9179695703125,28.12,28.05,28.17,1.7575
SOFI,SOFI260116C00019000,Call,2026-01-16,19.0,10.05,10.15,52.0,1588,0.7744163183593751,28.12,28.05,28.17,1.48
SOFI,SOFI260116P00030000,Put,2026-01-16,30.0,4.95,5.0,128.0,1795,0.6152382226562501,28.12,28.05,28.17,1.0668563300142246
SOFI,SOFI260116C00022000,Call,2026-01-16,22.0,7.7,7.8,320.0,16667,0.7170438452148438,28.12,28.05,28.17,1.2781818181818183
SOFI,SOFI260515C00028000,Call,2026-05-15,28.0,6.2,6.25,71.0,444,0.6982452050781252,28.12,28.05,28.17,1.0042857142857142
SOFI,SOFI260220C00020000,Call,2026-02-20,20.0,9.7,9.8,141.0,3168,0.76367423828125,28.12,28.05,28.17,1.406
SOFI,SOFI270115C00010000,Call,2027-01-15,10.0,19.1,19.35,623.0,28359,0.8471694970703124,28.12,28.05,28.17,2.8120000000000003
SOFI,SOFI251219C00020000,Call,2025-12-19,20.0,9.0,9.1,93.0,6640,0.7924825439453125,28.12,28.05,28.17,1.406
SOFI,SOFI260618C00025000,Call,2026-06-18,25.0,7.9,8.0,178.0,27347,0.7026396923828125,28.12,28.05,28.17,1.1248
SOFI,SOFI260320C00015000,Call,2026-03-20,15.0,13.9,14.05,4.0,6677,0.8437515624999999,28.12,28.05,28.17,1.8746666666666667
SOFI,SOFI260116C00013000,Call,2026-01-16,13.0,15.4,15.55,6.0,3107,0.971679970703125,28.12,28.05,28.17,2.163076923076923
SOFI,SOFI260116C00010000,Call,2026-01-16,10.0,18.3,18.55,84.0,81589,1.2158242333984377,28.12,28.05,28.17,2.8120000000000003
SOFI,SOFI260116C00018000,Call,2026-01-16,18.0,10.9,11.0,29.0,2402,0.8002949658203125,28.12,28.05,28.17,1.5622222222222222
SOFI,SOFI251003C00028000,Call,2025-10-03,28.0,1.07,1.08,2631.0,3113,0.577152666015625,28.12,28.05,28.17,1.0042857142857142
SOFI,SOFI260320C00020000,Call,2026-03-20,20.0,9.95,10.05,55.0,6017,0.7495142236328125,28.12,28.05,28.17,1.406
SOFI,SOFI251017C00011000,Call,2025-10-17,11.0,17.1,17.25,1.0,3091,1.8046884765625,28.12,28.05,28.17,2.5563636363636366
SOFI,SOFI251219C00025000,Call,2025-12-19,25.0,5.4,5.45,159.0,5234,0.7148466015625,28.12,28.05,28.17,1.1248
SOFI,SOFI260116C00016000,Call,2026-01-16,16.0,12.65,12.75,104.0,2636,0.8544936425781251,28.12,28.05,28.17,1.7575
SOFI,SOFI251219C00014000,Call,2025-12-19,14.0,14.4,14.5,12.0,1033,1.0078174609375,28.12,28.05,28.17,2.0085714285714285
SOFI,SOFI260320C00017000,Call,2026-03-20,17.0,12.25,12.35,7.0,3494,0.797853583984375,28.12,28.05,28.17,1.6541176470588237
SOFI,SOFI260417C00026000,Call,2026-04-17,26.0,6.65,6.7,28.0,2359,0.6940948559570312,28.12,28.05,28.17,1.0815384615384616
SOFI,SOFI260116C00012000,Call,2026-01-16,12.0,16.4,16.55,110.0,33777,1.05859845703125,28.12,28.05,28.17,2.3433333333333333
SOFI,SOFI251017C00016000,Call,2025-10-17,16.0,12.15,12.25,83.0,14642,1.2109414453124998,28.12,28.05,28.17,1.7575
SOFI,SOFI260116C00017000,Call,2026-01-16,17.0,11.75,11.85,107.0,29526,0.8203142968749999,28.12,28.05,28.17,1.6541176470588237
SOFI,SOFI260220C00015000,Call,2026-02-20,15.0,13.8,13.9,48.0,6883,0.8740246972656249,28.12,28.05,28.17,1.8746666666666667
SOFI,SOFI260116C00025000,Call,2026-01-16,25.0,5.8,5.85,693.0,50008,0.69336244140625,28.12,28.05,28.17,1.1248
SOFI,SOFI270115C00020000,Call,2027-01-15,20.0,12.3,12.4,744.0,28037,0.7192410888671875,28.12,28.05,28.17,1.406
SOFI,SOFI251219C00021000,Call,2025-12-19,21.0,8.2,8.25,13.0,2311,0.7666038964843751,28.12,28.05,28.17,1.339047619047619
SOFI,SOFI260116C00015000,Call,2026-01-16,15.0,13.6,13.7,234.0,35381,0.90820404296875,28.12,28.05,28.17,1.8746666666666667
SOFI,SOFI260918C00022000,Call,2026-09-18,22.0,10.4,10.45,153.0,3690,0.7182645361328125,28.12,28.05,28.17,1.2781818181818183
