Ticker,Timestamp,Option_Type,One_Yr_ATM_Rel_Error_Pct,P90_Rel_Error_Pct,N_Valid_Options,ATM_Dist_T,ATM_Dist_M,ATM_IV
AAL,20250916_2128,Call,,891.6842500394195,154,,,0.433266836123955
AAL,20250916_2128,Put,,,133,,,0.4410858417652571
ABBV,20250916_2128,Call,,2.251822642955621,158,,,87.66571955027764
ABBV,20250916_2128,Put,,,0,,,
ABNB,20250916_2128,Call,0.2913235391490329,344.474469470558,260,0.002053388090349051,0.012374582708793214,0.357163578818113
ABNB,20250916_2128,Put,0.5229606863630613,63.1312017716142,210,0.002053388090349051,0.012374582708793214,0.36503142357641893
ABR,20250916_2128,Call,,,0,,,
ABR,20250916_2128,Put,,,0,,,
AEIS,20250916_2128,Call,,43.26859253883511,51,,,0.5856402745576912
AEIS,20250916_2128,Put,,,0,,,
AFRM,20250916_2128,Call,1.0145452894465505,,358,0.2498288843258042,0.00470532920115363,0.6383772434274675
AFRM,20250916_2128,Put,0.09840368196179178,,215,0.2498288843258042,0.03160518516869004,0.6473929341913305
AG,20250916_2128,Call,,39.91973694131771,80,,,1.021456974935603
AG,20250916_2128,Put,,59.32007556276671,57,,,0.409426004112876
AKAM,20250916_2128,Call,0.26111365672648124,21.005030532994773,90,0.002053388090349051,0.0073895866783633135,0.35318257281809534
AKAM,20250916_2128,Put,0.017866096147246865,21.250839055978208,79,0.002053388090349051,0.0073895866783633135,0.3617890674600192
ALNY,20250916_2128,Call,1.130673980630921,19.479173727375983,110,0.17043121149897333,0.04612397753639996,0.40568872287425223
ALNY,20250916_2128,Put,1.8821494525309002,42.70338830199645,77,0.17043121149897333,0.016643461115783964,0.42066088160426096
ALRM,20250916_2128,Call,,18.92561904865877,13,,,0.3092892170769098
ALRM,20250916_2128,Put,,,0,,,
AMD,20250916_2128,Call,0.15089854751554865,55.5008243874241,645,0.002053388090349051,0.013111855421851004,0.45681324931271505
AMD,20250916_2128,Put,0.4506231030300092,,412,0.002053388090349051,0.013111855421851004,0.4651015650039958
AMPH,20250916_2128,Call,,131.22730989069933,12,,,0.43677068146348086
AMPH,20250916_2128,Put,,,0,,,
AMZN,20250916_2128,Call,0.2752455722978757,21.46348423794393,623,0.002053388090349051,0.004459596303005409,0.31109059565674657
AMZN,20250916_2128,Put,0.94553028767978,20.76100668897596,393,0.002053388090349051,0.004459596303005409,0.3216721334554278
AORT,20250916_2128,Call,,,0,,,
AORT,20250916_2128,Put,,,0,,,
APLS,20250916_2128,Call,,435.7113498169704,53,,,0.5798462098223014
APLS,20250916_2128,Put,,157.0140274480763,37,,,0.5633961246839688
AR,20250916_2128,Call,0.27925054397447474,2.3676708990812037,79,0.2498288843258042,0.02041146912466618,0.38253472828737245
AR,20250916_2128,Put,0.7584195250487438,39.69789524013184,107,0.2498288843258042,0.02041146912466618,0.4252248236714491
ARAY,20250916_2128,Call,,,0,,,
ARAY,20250916_2128,Put,,,0,,,
ARRY,20250916_2128,Call,,20.567716165178737,27,,,0.730668663947157
ARRY,20250916_2128,Put,,,27,,,0.7985485545123785
ASND,20250916_2128,Call,1.1758864228025052,57.57940955855724,56,0.2498288843258042,0.018395050732449958,0.44292029309623693
ASND,20250916_2128,Put,11.390604842247926,11.199472346678478,32,0.2498288843258042,0.018395050732449958,0.690886590005816
ASRT,20250916_2128,Call,,,0,,,
ASRT,20250916_2128,Put,,,0,,,
ATEC,20250916_2128,Call,1.6857708433729912,27.160107556778847,23,0.17043121149897333,0.03913530023453882,0.5142449953440718
ATEC,20250916_2128,Put,8.207330711684545e-06,,10,0.17043121149897333,0.03913530023453882,1.0948517409270404
ATI,20250916_2128,Call,22.49772196073935,205.9135703031203,90,0.17453798767967155,0.029689068910697447,0.38984306005039293
ATI,20250916_2128,Put,0.3790991358324507,14.56027707717712,37,0.07460643394934974,0.02265436288553524,0.39031591016580947
AVDL,20250916_2128,Call,,19.37932040503835,32,,,0.5282757587667525
AVDL,20250916_2128,Put,,,0,,,
AVGO,20250916_2128,Call,82.96507550909703,15.17531946603137,814,0.002053388090349051,0.0013007997675027472,3.3147241998358545
AVGO,20250916_2128,Put,6.778533817776357,132.91394163035864,234,0.002053388090349051,0.0013007997675027472,0.0861617284045855
AWK,20250916_2128,Call,,82.62904983772768,28,,,7.164760254314739
AWK,20250916_2128,Put,,,0,,,
AXON,20250916_2128,Call,0.11805706029269727,,277,0.002053388090349051,0.009497674951757462,0.4527220250296037
AXON,20250916_2128,Put,0.22720114657720394,34.64711393102018,214,0.002053388090349051,0.0032807766299103314,0.4582266442784428
BA,20250916_2128,Call,1.7685485363913047,310.8596426538879,468,0.002053388090349051,0.005035311330805037,0.3230429710718814
BA,20250916_2128,Put,3.4802449779287383,161.46679474600705,318,0.002053388090349051,0.005035311330805037,0.3309352422860936
BABA,20250916_2128,Call,6.395537002459645,19.174816590538967,506,0.002053388090349051,0.002164282126716266,3.0034868039016813
BABA,20250916_2128,Put,39.271858684400804,206.1209135974662,43,0.002053388090349051,0.002164282126716266,0.0761985602982911
BAND,20250916_2128,Call,,21.911410158341447,15,,,0.5421043690428773
BAND,20250916_2128,Put,,,0,,,
BB,20250916_2128,Call,,31.992192724940416,68,,,0.5542851647186127
BB,20250916_2128,Put,,67.29007926103975,40,,,0.5603897939437632
BBAI,20250916_2128,Call,,324.4609430356881,114,,,1.0383061122173858
BBAI,20250916_2128,Put,,,79,,,1.0766867933592907
BBIO,20250916_2128,Call,1.6634724482615229,22.4867537233403,66,0.17043121149897333,0.031113444854352856,0.5644213952273914
BBIO,20250916_2128,Put,,56.47930224887257,30,,,0.41667501312989946
BE,20250916_2128,Call,0.5237700260308592,64.73043723614262,412,0.002053388090349051,0.04787488052071831,0.8477440878088713
BE,20250916_2128,Put,,95.65344653375394,179,,,0.866403863860377
BFH,20250916_2128,Call,,,0,,,
BFH,20250916_2128,Put,,,0,,,
BHR,20250916_2128,Call,,,0,,,
BHR,20250916_2128,Put,,,0,,,
BILI,20250916_2128,Call,0.1706433737375241,,175,0.2498288843258042,0.045788031068885515,0.5753833559538444
BILI,20250916_2128,Put,0.12983334982527944,22.99043680168484,87,0.2498288843258042,0.045788031068885515,0.5909347810637997
BILL,20250916_2128,Call,,64.83124439129043,131,,,0.514889226626456
BILL,20250916_2128,Put,,,132,,,0.5395535873880484
BKD,20250916_2128,Call,,48.761976020081484,7,,,0.36056604824550875
BKD,20250916_2128,Put,,201.4982815313222,9,,,0.48223873824575264
BKNG,20250916_2128,Call,40.55086421050572,97.2409217560323,752,0.2498288843258042,0.007224230465462167,1.5419018750645745
BKNG,20250916_2128,Put,84.37878418379037,246.7253669476221,213,0.2498288843258042,0.007224230465462167,0.1245375523031611
BL,20250916_2128,Call,,60.80592200187935,29,,,0.39000636298880786
BL,20250916_2128,Put,,68.99452294628027,12,,,0.4105455814207115
BLMN,20250916_2128,Call,,,0,,,
BLMN,20250916_2128,Put,,,0,,,
BMRN,20250916_2128,Call,,20.28576596190172,50,,,0.33908226154289633
BMRN,20250916_2128,Put,,205.19823941006027,49,,,0.37034237352118976
BMY,20250916_2128,Call,,,108,,,0.31206611570247933
BMY,20250916_2128,Put,,,0,,,
BOX,20250916_2128,Call,,73.93584139202716,60,,,0.29418621826456626
BOX,20250916_2128,Put,,,42,,,0.35409834473363383
BSY,20250916_2128,Call,,45.95022427232112,19,,,1.015311992724329
BSY,20250916_2128,Put,,,0,,,
BTSG,20250916_2128,Call,,179.8267064758707,21,,,0.5120199291326717
BTSG,20250916_2128,Put,,,0,,,
BTU,20250916_2128,Call,,66.9969588082097,135,,,3.0351146005082232
BTU,20250916_2128,Put,,,0,,,
BURL,20250916_2128,Call,9.64133490912431,45.87233035421476,78,0.2498288843258042,0.014764897156431589,0.3552536393058185
BURL,20250916_2128,Put,1.405769426081684,82.36201850192498,79,0.2498288843258042,0.014764897156431589,0.402192799416065
BXMT,20250916_2128,Call,,,0,,,
BXMT,20250916_2128,Put,,,0,,,
BYND,20250916_2128,Call,,25.489425639209504,62,,,0.8346436914954631
BYND,20250916_2128,Put,,46.598581082544925,67,,,1.8312728172186272
CAKE,20250916_2128,Call,,10.73965230291329,53,,,9.52625747266713
CAKE,20250916_2128,Put,,,0,,,
CAMT,20250916_2128,Call,,14.648237633766566,30,,,5.201077955460299
CAMT,20250916_2128,Put,,,0,,,
CBRL,20250916_2128,Call,,28.4323588801058,60,,,7.154359533498184
CBRL,20250916_2128,Put,,,0,,,
CCL,20250916_2128,Call,0.4462546911924053,,242,0.002053388090349051,0.01379648425675728,0.4073706780072162
CCL,20250916_2128,Put,0.6766325479605625,385.2983445441702,136,0.002053388090349051,0.01379648425675728,0.4292432559898216
CDLX,20250916_2128,Call,,106.71921661719476,16,,,1.3741742827872256
CDLX,20250916_2128,Put,,55.851948057786565,10,,,1.2855374734889562
CDP,20250916_2128,Call,,,0,,,
CDP,20250916_2128,Put,,,0,,,
CENX,20250916_2128,Call,,111.97696273057406,82,,,0.5728060508357053
CENX,20250916_2128,Put,,439.2549892324257,30,,,0.5573334820913352
CFLT,20250916_2128,Call,,25.03319255586389,129,,,0.5722459199215557
CFLT,20250916_2128,Put,,44.3702483585804,107,,,0.6016032459987191
CHEF,20250916_2128,Call,,52.005536078796084,15,,,0.35800726554422513
CHEF,20250916_2128,Put,,,0,,,
CHGG,20250916_2128,Call,,72.47587660440428,23,,,0.968902788911334
CHGG,20250916_2128,Put,,72.51599721895995,16,,,1.1106632634512803
CHRS,20250916_2128,Call,,363.13263713468734,12,,,0.8741393196360345
CHRS,20250916_2128,Put,,,0,,,
CHTR,20250916_2128,Call,0.560920212762428,96.87934142335413,238,0.002053388090349051,0.007295441938275693,0.45504134599670476
CHTR,20250916_2128,Put,3.466230704074883,,226,0.002053388090349051,0.007295441938275693,0.45851447137415685
CMI,20250916_2128,Call,,65.77039390799298,133,,,5.306174431250479
CMI,20250916_2128,Put,,,0,,,
CMPO,20250916_2128,Call,,786.3237346297814,27,,,0.7743720043225693
CMPO,20250916_2128,Put,,,0,,,
CMRC,20250916_2128,Call,,31.60075204270068,10,,,0.6860579479661739
CMRC,20250916_2128,Put,,,0,,,
CMS,20250916_2128,Call,,84.0293607342833,13,,,2.3459004972037416
CMS,20250916_2128,Put,,,0,,,
CNK,20250916_2128,Call,,5.352939245532559,59,,,7.64008216118349
CNK,20250916_2128,Put,,,0,,,
CNMD,20250916_2128,Call,,,0,,,
CNMD,20250916_2128,Put,,,0,,,
CNP,20250916_2128,Call,,82.45349898219688,46,,,5.007199985272998
CNP,20250916_2128,Put,,,0,,,
CNX,20250916_2128,Call,,193.34736417988242,33,,,0.31183588197280704
CNX,20250916_2128,Put,,156.2520276144901,34,,,0.3555440568713786
COIN,20250916_2128,Call,0.1191212783112123,132.46419479886717,872,0.002053388090349051,0.0035676152076402623,0.5778892992206324
COIN,20250916_2128,Put,0.3077202874347531,51.40819720683166,590,0.002053388090349051,0.0035676152076402623,0.5684080096309293
COLL,20250916_2128,Call,,,0,,,
COLL,20250916_2128,Put,,,0,,,
CRNC,20250916_2128,Call,,68.63359278401019,44,,,0.8529823848026246
CRNC,20250916_2128,Put,,14.408947080860452,56,,,0.8722413407434776
CSGS,20250916_2128,Call,,,0,,,
CSGS,20250916_2128,Put,,,0,,,
CSIQ,20250916_2128,Call,,,64,,,0.5359602778027801
CSIQ,20250916_2128,Put,,92.6422587675777,40,,,0.7216474262704509
CTO,20250916_2128,Call,,,0,,,
CTO,20250916_2128,Put,,,0,,,
CVX,20250916_2128,Call,,90.15200169369724,109,,,12.435155235099096
CVX,20250916_2128,Put,,,0,,,
CYBR,20250916_2128,Call,,80.51790285047626,138,,,0.30405908322138664
CYBR,20250916_2128,Put,,134.06019431852326,75,,,0.30526285898638
CYRX,20250916_2128,Call,,21.914558511596553,14,,,0.6592841992136418
CYRX,20250916_2128,Put,,,0,,,
CYTK,20250916_2128,Call,,38.869423664194436,51,,,0.611457211323056
CYTK,20250916_2128,Put,,133.86706348298432,35,,,0.6049687050219977
DAY,20250916_2128,Call,,,0,,,
DAY,20250916_2128,Put,,,0,,,
DBRG,20250916_2128,Call,,177.10322524464684,35,,,1.1080464683295879
DBRG,20250916_2128,Put,,,0,,,
DBX,20250916_2128,Call,,424.48803525666676,51,,,0.3585739449115717
DBX,20250916_2128,Put,,94.58272465083253,25,,,0.30903963952201796
DDD,20250916_2128,Call,,16.2312539750929,33,,,0.9114029933183782
DDD,20250916_2128,Put,,65.67595978426735,19,,,0.9380304640289268
DDOG,20250916_2128,Call,0.6353697960764636,91.61672042541274,315,0.002053388090349051,0.0014158082932530514,0.4241141593450859
DDOG,20250916_2128,Put,0.0006497104191515949,,193,0.002053388090349051,0.0014158082932530514,0.4376901191510239
DIS,20250916_2128,Call,149.10624523615846,75.70430665365227,293,0.2498288843258042,0.039427370319694344,2.130255693151491
DIS,20250916_2128,Put,,,0,,,
DKNG,20250916_2128,Call,1.409929772573866,23.008182179981063,126,0.002053388090349051,0.024908082532459463,0.3614132330238811
DKNG,20250916_2128,Put,0.07892208288176705,18.037233752775045,91,0.002053388090349051,0.024908082532459463,0.4704935774455645
DNMR,20250916_2128,Call,,,0,,,
DNMR,20250916_2128,Put,,,0,,,
DOCN,20250916_2128,Call,,,93,,,0.5453169839310914
DOCN,20250916_2128,Put,,14.932580650899679,43,,,0.5230456826685443
DUK,20250916_2128,Call,,95.27840156052142,35,,,128.91656841194123
DUK,20250916_2128,Put,,,0,,,
DVAX,20250916_2128,Call,,,0,,,
DVAX,20250916_2128,Put,,,0,,,
DXCM,20250916_2128,Call,1.7292450487735311,26.46171964980411,149,0.002053388090349051,0.0010856038662179213,0.41443017044080943
DXCM,20250916_2128,Put,5.043845087340975,28.156851470919918,132,0.002053388090349051,0.0010856038662179213,0.44698629185796973
EB,20250916_2128,Call,,,0,,,
EB,20250916_2128,Put,,,0,,,
ECPG,20250916_2128,Call,,,0,,,
ECPG,20250916_2128,Put,,,0,,,
EEFT,20250916_2128,Call,,27.456384429336474,14,,,0.2939201148004352
EEFT,20250916_2128,Put,,45.226301247585454,23,,,0.34364392176711134
EGHT,20250916_2128,Call,,,0,,,
EGHT,20250916_2128,Put,,,0,,,
ENOV,20250916_2128,Call,,148.21848224491222,21,,,0.5825880817787046
ENOV,20250916_2128,Put,,83.80829139775,11,,,0.58757119077477
ENPH,20250916_2128,Call,1.0101193755400764,28.333167705764218,157,0.002053388090349051,0.03423127600857445,0.6389516494185561
ENPH,20250916_2128,Put,0.7446076517680055,,145,0.2498288843258042,0.026395050822066057,0.6998171230603523
ENVX,20250916_2128,Call,,35.72266902196015,79,,,0.8311376307945002
ENVX,20250916_2128,Put,,31.559881829055463,111,,,0.9150797534050946
EQT,20250916_2128,Call,,8.521201930329717,118,,,9.622945022769187
EQT,20250916_2128,Put,,,0,,,
EQX,20250916_2128,Call,,38.3511791229516,23,,,0.509833556450872
EQX,20250916_2128,Put,,12.08310077984932,11,,,0.5020493407329399
ETSY,20250916_2128,Call,0.8549349534038406,64.29423556167364,200,0.002053388090349051,0.027422047903087443,0.501599371176144
ETSY,20250916_2128,Put,1.7761398881982808,27.145676358588556,129,0.002053388090349051,0.027422047903087443,0.5177927096468717
EVH,20250916_2128,Call,,305.71938641451186,14,,,0.8572817803872028
EVH,20250916_2128,Put,,276.3951713824298,18,,,0.3570720501594098
EVRG,20250916_2128,Call,,,0,,,
EVRG,20250916_2128,Put,,,0,,,
EXAS,20250916_2128,Call,,203.95264741064986,104,,,0.4696944258189454
EXAS,20250916_2128,Put,,24.4357190951118,56,,,0.46785057597058344
EXPE,20250916_2128,Call,,10.39521084024786,208,,,3.6926958005266486
EXPE,20250916_2128,Put,,502.29026003209054,44,,,0.054636138505732734
EYE,20250916_2128,Call,,112.6991130885298,19,,,0.5124477529634145
EYE,20250916_2128,Put,,41.671514085733364,8,,,0.5386804184985338
EZPW,20250916_2128,Call,,556.3668696984341,16,,,0.3423531988295713
EZPW,20250916_2128,Put,,,0,,,
F,20250916_2128,Call,,,92,,,0.31206611570247933
F,20250916_2128,Put,,,0,,,
FE,20250916_2128,Call,,88.23379514209049,38,,,6.878343173690809
FE,20250916_2128,Put,,,0,,,
FIVN,20250916_2128,Call,12.876325727155596,59.46421813412821,61,0.17043121149897333,0.04051293028578318,0.5621416857748853
FIVN,20250916_2128,Put,4.4196790648502,32.258240722550504,61,0.17043121149897333,0.04051293028578318,0.5616389540630056
FLR,20250916_2128,Call,0.38433018706027877,17.566050297621512,100,0.002053388090349051,0.0016209226952628164,0.4859358044261053
FLR,20250916_2128,Put,0.4635790803691734,18.007961632612496,70,0.2498288843258042,0.006479902147070726,0.5119967190718968
FOUR,20250916_2128,Call,,312.43343073274184,106,,,0.45809513199980617
FOUR,20250916_2128,Put,,19.196109150429898,72,,,0.4467018381583201
FRPT,20250916_2128,Call,,61.813333239716236,55,,,0.4745063519623003
FRPT,20250916_2128,Put,,67.15061807690846,78,,,0.48975705660472113
FRT,20250916_2128,Call,,,0,,,
FRT,20250916_2128,Put,,,0,,,
FSLY,20250916_2128,Call,,,54,,,0.7743276837335933
FSLY,20250916_2128,Put,,87.25566889979947,19,,,0.6893604339459839
FUBO,20250916_2128,Call,,,83,,,0.8136159411966125
FUBO,20250916_2128,Put,,26.324836871516204,39,,,0.7956578558335213
FVRR,20250916_2128,Call,,468.5329630110221,75,,,0.5161694031858981
FVRR,20250916_2128,Put,,21.874216982831605,53,,,0.533573384385909
FWONK,20250916_2128,Call,,11.644328265628566,11,,,0.29029075697518597
FWONK,20250916_2128,Put,,,0,,,
GBX,20250916_2128,Call,,78.76594234950687,26,,,8.60691227941486
GBX,20250916_2128,Put,,,0,,,
GCI,20250916_2128,Call,,56.12108443531182,10,,,0.5720419188193944
GCI,20250916_2128,Put,,,0,,,
GDS,20250916_2128,Call,3.9769835183620073,120.12712688435957,155,0.2498288843258042,0.035096620456108285,0.7676900184234833
GDS,20250916_2128,Put,2.145254829529895,84.76541777740303,64,0.2498288843258042,0.035096620456108285,0.8101946264836735
GEO,20250916_2128,Call,,25.647303461143075,149,,,0.577394206235401
GEO,20250916_2128,Put,,84.03043241683532,109,,,0.5675200018531107
GES,20250916_2128,Call,,,9,,,0.31206611570247933
GES,20250916_2128,Put,,,0,,,
GH,20250916_2128,Call,,253.57174487079564,73,,,0.5165746597559419
GH,20250916_2128,Put,,20.536123060479213,31,,,0.5309525022953399
GKOS,20250916_2128,Call,,253.6833732190777,22,,,0.4614564474109699
GKOS,20250916_2128,Put,,74.0292792051888,30,,,0.3748908256709705
GMED,20250916_2128,Call,,82.13480519307699,23,,,0.30335996686784933
GMED,20250916_2128,Put,,350.0620193177482,24,,,0.35721535363286994
GOSS,20250916_2128,Call,,4.934873913660429,16,,,2.1007801754043385
GOSS,20250916_2128,Put,,,0,,,
GPN,20250916_2128,Call,,4.0665265948246,85,,,14.000597257081926
GPN,20250916_2128,Put,,,0,,,
GPRE,20250916_2128,Call,,12.847294106978337,42,,,0.6379237565101582
GPRE,20250916_2128,Put,,48.88370929022936,22,,,0.7508652085707319
GPRO,20250916_2128,Call,,68.16950898965727,39,,,1.345544901424594
GPRO,20250916_2128,Put,,101.59390129065045,10,,,1.4244365110192685
GRPN,20250916_2128,Call,,27.123042860247963,161,,,0.7179383333937339
GRPN,20250916_2128,Put,,,176,,,0.8152250360731659
GTLS,20250916_2128,Call,,,0,,,
GTLS,20250916_2128,Put,,,0,,,
GVA,20250916_2128,Call,,107.18018348890499,28,,,0.8690198470968609
GVA,20250916_2128,Put,,,0,,,
GWRE,20250916_2128,Call,,,68,,,0.382366232155506
GWRE,20250916_2128,Put,,31.621468958307823,49,,,0.39462497886336495
HAE,20250916_2128,Call,,36.0116216337091,15,,,0.367652774124066
HAE,20250916_2128,Put,,423.31586460509413,20,,,0.4592299348965894
HALO,20250916_2128,Call,,224.4430478602162,34,,,0.3608597719371096
HALO,20250916_2128,Put,,,0,,,
HASI,20250916_2128,Call,,,0,,,
HASI,20250916_2128,Put,,,0,,,
HCAT,20250916_2128,Call,,,0,,,
HCAT,20250916_2128,Put,,,0,,,
HCI,20250916_2128,Call,,61.31189344277398,43,,,1.8371293029940021
HCI,20250916_2128,Put,,,0,,,
HLF,20250916_2128,Call,,985.1469410707422,40,,,0.7118445967297033
HLF,20250916_2128,Put,,,29,,,0.7025086506980556
HLIT,20250916_2128,Call,,8.306378526234788,9,,,0.505736020698083
HLIT,20250916_2128,Put,,,0,,,
HLX,20250916_2128,Call,,80.5886600333159,13,,,0.4622180676734431
HLX,20250916_2128,Put,,,0,,,
HOPE,20250916_2128,Call,,,0,,,
HOPE,20250916_2128,Put,,,0,,,
HOUS,20250916_2128,Call,,436.39792161387487,23,,,0.6880527792990799
HOUS,20250916_2128,Put,,,0,,,
HRTG,20250916_2128,Call,,188.0351582443638,17,,,0.46144356153342453
HRTG,20250916_2128,Put,,,0,,,
HTHT,20250916_2128,Call,,,0,,,
HTHT,20250916_2128,Put,,,0,,,
HUBS,20250916_2128,Call,1.3206032768965936,31.82675759326281,183,0.2498288843258042,0.018697105546327863,0.4398073255324024
HUBS,20250916_2128,Put,8.682404043845997,,152,0.2498288843258042,0.0005441276782538473,0.48300732061795565
IART,20250916_2128,Call,,,0,,,
IART,20250916_2128,Put,,,0,,,
IBM,20250916_2128,Call,,25.105907837461018,152,,,6.6971757420104305
IBM,20250916_2128,Put,,,0,,,
IDCC,20250916_2128,Call,,16.076561068928413,95,,,4.612551413547388
IDCC,20250916_2128,Put,,,11,,,
IIIV,20250916_2128,Call,,,0,,,
IIIV,20250916_2128,Put,,,0,,,
IMAX,20250916_2128,Call,,254.5827188832637,43,,,0.38483666179253423
IMAX,20250916_2128,Put,,14.397603787746817,19,,,0.37353767352258954
IMCR,20250916_2128,Call,,,0,,,
IMCR,20250916_2128,Put,,,0,,,
INDI,20250916_2128,Call,,,43,,,0.8962771343608076
INDI,20250916_2128,Put,,291.5284470490867,20,,,0.8945277888487693
INN,20250916_2128,Call,,,0,,,
INN,20250916_2128,Put,,,0,,,
INSG,20250916_2128,Call,,36.12075488056159,41,,,0.7418036473393778
INSG,20250916_2128,Put,,125.20906351019228,17,,,0.7583848894207663
INSM,20250916_2128,Call,,172.50289280891474,138,,,0.4546288718770062
INSM,20250916_2128,Put,,118.2704766134245,43,,,0.4314644395217443
INVA,20250916_2128,Call,,,0,,,
INVA,20250916_2128,Put,,,0,,,
IONS,20250916_2128,Call,,,56,,,0.5415775425221219
IONS,20250916_2128,Put,,21.324225509363465,25,,,0.4862799070679769
IQ,20250916_2128,Call,,400.12848094078146,42,,,0.5253448018259584
IQ,20250916_2128,Put,,145.01075362517352,19,,,0.6287689605182635
IRTC,20250916_2128,Call,,76.85300637641335,39,,,0.4441448580278604
IRTC,20250916_2128,Put,,250.8068494253073,22,,,0.4483808131717938
IRWD,20250916_2128,Call,,,0,,,
IRWD,20250916_2128,Put,,,0,,,
ITGR,20250916_2128,Call,,148.21123128522729,11,,,0.32992365851748373
ITGR,20250916_2128,Put,,,0,,,
ITRI,20250916_2128,Call,,136.27741772463474,22,,,0.3584001187416035
ITRI,20250916_2128,Put,,49.029771793037106,22,,,0.3517635875548029
JAMF,20250916_2128,Call,,,0,,,
JAMF,20250916_2128,Put,,,0,,,
JAZZ,20250916_2128,Call,,49.586937910676276,57,,,0.4823451947074253
JAZZ,20250916_2128,Put,,125.04208368808006,29,,,0.42405402533789005
JBLU,20250916_2128,Call,,,83,,,0.6146100268908695
JBLU,20250916_2128,Put,,,61,,,0.6193143035611821
JD,20250916_2128,Call,,4.607912047950741,180,,,70.1802577204449
JD,20250916_2128,Put,,,0,,,
JOYY,20250916_2128,Call,,,0,,,
JOYY,20250916_2128,Put,,,0,,,
JPM,20250916_2128,Call,,3.590743948129425,375,,,33.95996312758437
JPM,20250916_2128,Put,,,0,,,
KHC,20250916_2128,Call,,,63,,,0.31206611570247933
KHC,20250916_2128,Put,,,0,,,
KOS,20250916_2128,Call,,66.82724532715525,19,,,0.767705439032836
KOS,20250916_2128,Put,,280.1379797120444,20,,,0.7106193986478008
KPTI,20250916_2128,Call,,39.446289806022236,12,,,2.243465656443327
KPTI,20250916_2128,Put,,,0,,,
KRG,20250916_2128,Call,,,0,,,
KRG,20250916_2128,Put,,,0,,,
LAB,20250916_2128,Call,,,0,,,
LAB,20250916_2128,Put,,,0,,,
LAC,20250916_2128,Call,,,39,,,0.7139892375072797
LAC,20250916_2128,Put,,38.93124607238635,23,,,0.8284043755440381
LAZR,20250916_2128,Call,,,28,,,0.5537760550794744
LAZR,20250916_2128,Put,,55.70824573702717,30,,,1.4613057414343713
LCID,20250916_2128,Call,3.6426707645391425,71.57495208993365,122,0.07460643394934974,0.042949901482664865,0.6436531786647874
LCID,20250916_2128,Put,,96.91014127927616,145,,,0.9386248791774606
LCII,20250916_2128,Call,,71.12131306787978,15,,,3.4052238933562347
LCII,20250916_2128,Put,,,0,,,
LI,20250916_2128,Call,0.48707479995425207,,133,0.2498288843258042,5.066829986288823e-05,0.5082248715964754
LI,20250916_2128,Put,0.0643656105717039,74.48003984586069,116,0.2498288843258042,5.066829986288823e-05,0.5385905478885302
LITE,20250916_2128,Call,1.1941985231219914,54.11352495418992,160,0.2498288843258042,0.019404725480272944,0.6352002513035119
LITE,20250916_2128,Put,,,72,,,0.6589489597483588
LIVN,20250916_2128,Call,,39.274196281277845,19,,,0.3811078898548205
LIVN,20250916_2128,Put,,,0,,,
LNT,20250916_2128,Call,,80.45717911036452,14,,,5.091886909196635
LNT,20250916_2128,Put,,,0,,,
LNTH,20250916_2128,Call,,70.22736264711423,69,,,0.6220775730302627
LNTH,20250916_2128,Put,,33.69499410145314,57,,,0.44242345886611534
LPSN,20250916_2128,Call,,297.88962746546395,9,,,1.3074953396966753
LPSN,20250916_2128,Put,,123.95988736871688,8,,,1.463790482776196
LRN,20250916_2128,Call,,200.79535355577428,78,,,0.5227254727844372
LRN,20250916_2128,Put,,24.85633191077382,63,,,0.5109098351702264
LUV,20250916_2128,Call,,3.9421757892643736,115,,,34.74152654291628
LUV,20250916_2128,Put,,,0,,,
LYFT,20250916_2128,Call,0.38136898162197247,,249,0.2498288843258042,0.030904738243145657,0.6270264509446729
LYFT,20250916_2128,Put,7.053032934503643,56.3584970976102,66,0.2498288843258042,0.030904738243145657,0.6045018929872061
LYV,20250916_2128,Call,0.051982829143157265,145.0637529550344,124,0.002053388090349051,0.00042046268873729975,0.3138863524750716
LYV,20250916_2128,Put,,465.56748682904157,79,,,0.294760533728998
MARA,20250916_2128,Call,0.3235211628925344,36.915586383236175,241,0.002053388090349051,0.011592618419587808,0.7686870557830467
MARA,20250916_2128,Put,0.11785384587651535,30.29890588360779,162,0.002053388090349051,0.011592618419587808,0.7783015513771656
MAXN,20250916_2128,Call,,277.5036842460999,7,,,3.2962864486520504
MAXN,20250916_2128,Put,,465.07892374995504,7,,,0.47665037551382056
MCHP,20250916_2128,Call,,1.0079287248911621,138,,,183.88558113225847
MCHP,20250916_2128,Put,,,0,,,
MCS,20250916_2128,Call,,,0,,,
MCS,20250916_2128,Put,,,0,,,
MDB,20250916_2128,Call,0.24857918825822575,,478,0.002053388090349051,0.006090596042721219,0.5496372931323374
MDB,20250916_2128,Put,0.7839141958242972,51.11786166526359,322,0.002053388090349051,0.006090596042721219,0.5508717062209757
MGNI,20250916_2128,Call,,119.88077298870445,91,,,0.6505398734053505
MGNI,20250916_2128,Put,,,55,,,0.6943740649826844
MGPI,20250916_2128,Call,,,0,,,
MGPI,20250916_2128,Put,,,0,,,
MIDD,20250916_2128,Call,,,0,,,
MIDD,20250916_2128,Put,,93.18218413168935,26,,,0.34131073924143013
MIRM,20250916_2128,Call,,,17,,,0.3938346426319921
MIRM,20250916_2128,Put,,,0,,,
MITK,20250916_2128,Call,,29.72537425378641,10,,,0.3928617772305729
MITK,20250916_2128,Put,,,0,,,
MITT,20250916_2128,Call,,,0,,,
MITT,20250916_2128,Put,,,0,,,
MKSI,20250916_2128,Call,,40.53132882806781,47,,,1.3878674558914108
MKSI,20250916_2128,Put,,,0,,,
MMM,20250916_2128,Call,,5.773108854845287,109,,,29.029196256999818
MMM,20250916_2128,Put,,,0,,,
MMSI,20250916_2128,Call,,296.6354819402666,8,,,0.3559777232143438
MMSI,20250916_2128,Put,,48.48552726949038,12,,,0.20248249972017368
MMYT,20250916_2128,Call,,155.10901561290905,17,,,0.18759866847300763
MMYT,20250916_2128,Put,,332.40207453413717,19,,,0.22911248377909998
MNKD,20250916_2128,Call,,48.81779857523383,29,,,0.5841591425237527
MNKD,20250916_2128,Put,,32.283445832681295,10,,,0.5473931629484506
MODG,20250916_2128,Call,0.003498072660560602,50.29144383643208,19,0.17043121149897333,0.0015863485187110893,0.5457659602458798
MODG,20250916_2128,Put,0.010995236772310896,897.1888894699104,15,0.17043121149897333,0.0015863485187110893,0.54777889676188
MOMO,20250916_2128,Call,,43.8539844541763,13,,,0.5069460400086472
MOMO,20250916_2128,Put,,8.159295948571405,7,,,0.42218952298297285
MP,20250916_2128,Call,,107.04206627399125,346,,,0.6826261290836508
MP,20250916_2128,Put,,,193,,,0.6952792062139181
MRK,20250916_2128,Call,,90.31905246338097,104,,,10.856729034615846
MRK,20250916_2128,Put,,,0,,,
MSFT,20250916_2128,Call,26.80987469459424,64.99465425122358,896,0.2498288843258042,0.0051449164633752265,2.020520672679556
MSFT,20250916_2128,Put,3.4969079550186626,185.20359497510358,60,0.2498288843258042,0.011332869052417704,0.05559714243620531
MSTR,20250916_2128,Call,0.3691166176251427,192.28888161065865,1254,0.002053388090349051,0.0024728058454950297,0.6001060162869759
MSTR,20250916_2128,Put,0.49124992390323236,46.436925071423666,930,0.002053388090349051,0.0024728058454950297,0.6052153004035612
MTCH,20250916_2128,Call,,48.83307834407176,52,,,7.068965762531593
MTCH,20250916_2128,Put,,,0,,,
MTH,20250916_2128,Call,,79.2957510171673,34,,,5.396060590475048
MTH,20250916_2128,Put,,,0,,,
MTN,20250916_2128,Call,,,43,,,0.31206611570247933
MTN,20250916_2128,Put,,,0,,,
MTSI,20250916_2128,Call,,35.35307748831903,36,,,0.32997465256935904
MTSI,20250916_2128,Put,,65.12266621884012,25,,,0.42171148936197933
NBR,20250916_2128,Call,,63.43844129493656,45,,,0.6951205832305567
NBR,20250916_2128,Put,,49.89343876763541,42,,,0.8200203352495652
NCLH,20250916_2128,Call,0.7891347328695179,95.2443585505944,170,0.002053388090349051,0.014723631364072398,0.44539496014214996
NCLH,20250916_2128,Put,1.1083611220477219,21.67548157632062,95,0.002053388090349051,0.014723631364072398,0.45323860555048634
NEE,20250916_2128,Call,,13.63017834346252,144,,,35.84048354773232
NEE,20250916_2128,Put,,,0,,,
NEO,20250916_2128,Call,,246.1326186735776,27,,,0.5761841087017235
NEO,20250916_2128,Put,,,0,,,
NET,20250916_2128,Call,0.34603543238668055,,327,0.002053388090349051,0.00627321130454872,0.5205467022311642
NET,20250916_2128,Put,0.1521104321659403,,197,0.002053388090349051,0.00627321130454872,0.5312829523801723
NICE,20250916_2128,Call,,58.66475968470217,66,,,0.3917357458416615
NICE,20250916_2128,Put,,46.1324444580709,82,,,0.41152965825855115
NIO,20250916_2128,Call,1.8340183779742563,34.237885206919884,115,0.2498288843258042,0.036487719480862824,0.7171289617694545
NIO,20250916_2128,Put,0.628675647377655,298.652327746792,68,0.2498288843258042,0.036487719480862824,0.7530073793050338
NKE,20250916_2128,Call,,1.943145812128518,147,,,101.55621254057438
NKE,20250916_2128,Put,,,0,,,
NMFC,20250916_2128,Call,,,0,,,
NMFC,20250916_2128,Put,,,0,,,
NOG,20250916_2128,Call,,,50,,,0.31206611570247933
NOG,20250916_2128,Put,,,0,,,
NOTV,20250916_2128,Call,,,0,,,
NOTV,20250916_2128,Put,,,0,,,
NRG,20250916_2128,Call,,22.390717651067725,209,,,6.903886972266612
NRG,20250916_2128,Put,,171.2421327911697,25,,,0.08910053660431223
NSIT,20250916_2128,Call,,382.88518245411774,11,,,0.3661746802906244
NSIT,20250916_2128,Put,,,0,,,
NTNX,20250916_2128,Call,3.01373546024625,35.18303571140453,130,0.002053388090349051,0.008479937445177277,0.3866343561548307
NTNX,20250916_2128,Put,8.94523373390798,166.9407953582988,67,0.2498288843258042,0.0004347664905735016,0.5897522332181226
NTRA,20250916_2128,Call,,255.90460389912522,82,,,0.48324695716204
NTRA,20250916_2128,Put,,42.31542780860725,35,,,0.4208946555706111
NVAX,20250916_2128,Call,,27.76209906184469,85,,,0.7364677511756896
NVAX,20250916_2128,Put,,86.38772418656605,53,,,0.7736504601750385
NVCR,20250916_2128,Call,,26.53595967527358,38,,,0.7508441367914087
NVCR,20250916_2128,Put,,40.10291881683604,35,,,0.7526273308793087
NVMI,20250916_2128,Call,,580.9774941963074,59,,,0.43561487905975044
NVMI,20250916_2128,Put,,14.033663332494296,30,,,0.45046230361959055
NVST,20250916_2128,Call,,148.81483814192262,9,,,0.3662285940414215
NVST,20250916_2128,Put,,,0,,,
OKTA,20250916_2128,Call,2.2299318788886677,35.147353853091886,269,0.002053388090349051,0.010570695642497796,0.4276683577717997
OKTA,20250916_2128,Put,0.37613183848529774,17.16171045472006,231,0.002053388090349051,0.010570695642497796,0.4280128699472611
OMCL,20250916_2128,Call,,,0,,,
OMCL,20250916_2128,Put,,,0,,,
OMER,20250916_2128,Call,,57.37739494623389,32,,,1.4592123498578036
OMER,20250916_2128,Put,,38.98720794571261,23,,,1.321955111089769
ON,20250916_2128,Call,0.90600191328868,54.34556397594463,168,0.002053388090349051,0.03133172816936325,0.4841496164718891
ON,20250916_2128,Put,0.19045664400045723,41.48641192030861,147,0.002053388090349051,0.03133172816936325,0.48636443524571144
OPEN,20250916_2128,Call,,69.43215025439505,179,,,1.3387879408810321
OPEN,20250916_2128,Put,,,113,,,1.4601325189184449
OPK,20250916_2128,Call,,36.15598233791527,11,,,0.579771033459864
OPK,20250916_2128,Put,,,0,,,
ORA,20250916_2128,Call,,168.62238157218204,29,,,1.2010645308222792
ORA,20250916_2128,Put,,,0,,,
PANW,20250916_2128,Call,0.5882329137499854,,526,0.002053388090349051,0.0009892834929003946,0.34521810422714644
PANW,20250916_2128,Put,1.4741220264938775,,283,0.002053388090349051,0.0009892834929003946,0.35556501542406643
PAR,20250916_2128,Call,4.6538172884871996,195.85849103806763,19,0.07871321013004784,0.02744991939657415,0.39811247323070503
PAR,20250916_2128,Put,7.86921108745006,71.12195850423355,21,0.07871321013004784,0.02744991939657415,0.4892025540599754
PATK,20250916_2128,Call,,,0,,,
PATK,20250916_2128,Put,,,0,,,
PCG,20250916_2128,Call,41.72338747127306,9.899771215054269,103,0.002053388090349051,0.005210019139656463,2.8093357386450157
PCG,20250916_2128,Put,,,0,,,
PCRX,20250916_2128,Call,,32.1981825220135,25,,,0.5416960004641533
PCRX,20250916_2128,Put,,75.01708056093837,9,,,0.5687815111113923
PCT,20250916_2128,Call,,795.9175814020955,126,,,0.715882386766009
PCT,20250916_2128,Put,,,87,,,0.7615106043061732
PD,20250916_2128,Call,,74.4234365555693,28,,,0.2248128848861768
PD,20250916_2128,Put,,25.8629077984343,21,,,0.4867639460710884
PDD,20250916_2128,Call,0.2598402768136702,216.19893550400167,417,0.002053388090349051,0.004264184493466994,0.3952579586380312
PDD,20250916_2128,Put,0.27060513053571106,,230,0.002053388090349051,0.004264184493466994,0.39651028605255556
PEB,20250916_2128,Call,,,0,,,
PEB,20250916_2128,Put,,,0,,,
PEGA,20250916_2128,Call,,596.095487914708,87,,,0.8104668067749996
PEGA,20250916_2128,Put,,165.9531019496792,26,,,0.362859939372461
PENN,20250916_2128,Call,18.842996784235897,78.9796174536425,107,0.002053388090349051,0.020849125825023185,0.43403777171540775
PENN,20250916_2128,Put,12.397281119491197,,75,0.002053388090349051,0.020849125825023185,0.39749795742107974
PEP,20250916_2128,Call,,93.30752458890035,118,,,28.440084002269028
PEP,20250916_2128,Put,,,0,,,
PI,20250916_2128,Call,,399.6291318874798,80,,,0.59632928063766
PI,20250916_2128,Put,,95.22271153337788,39,,,0.5993774078432036
PLUG,20250916_2128,Call,,23.31181927393503,51,,,0.8828920047619512
PLUG,20250916_2128,Put,,22.303851258513255,40,,,1.2228286418942458
PMT,20250916_2128,Call,,,0,,,
PMT,20250916_2128,Put,,,0,,,
PODD,20250916_2128,Call,0.9447644874220031,191.96493736373444,71,0.2498288843258042,0.00914617310273158,0.3444900975695292
PODD,20250916_2128,Put,1.5171386291003082,112.0522049518921,54,0.2498288843258042,0.019996586511893844,0.3574769360961199
POST,20250916_2128,Call,,193.8707204052943,12,,,0.23825539104946641
POST,20250916_2128,Put,,26.359653867027557,19,,,0.18078338306127434
PPL,20250916_2128,Call,,73.10172012738991,24,,,10.190209242616852
PPL,20250916_2128,Put,,,0,,,
PR,20250916_2128,Call,,79.8242606890914,23,,,13.191962507355216
PR,20250916_2128,Put,,,0,,,
PRCH,20250916_2128,Call,,95.61566855410588,46,,,0.7568700788313433
PRCH,20250916_2128,Put,,49.075420312983105,16,,,0.6772169645837218
PRGS,20250916_2128,Call,,64.22219701738189,28,,,2.2815846148943275
PRGS,20250916_2128,Put,,,0,,,
PRO,20250916_2128,Call,,,0,,,
PRO,20250916_2128,Put,,,0,,,
PSEC,20250916_2128,Call,,,0,,,
PSEC,20250916_2128,Put,,,0,,,
PSN,20250916_2128,Call,,190.9353754324067,22,,,0.3972801641842613
PSN,20250916_2128,Put,,,0,,,
PTCT,20250916_2128,Call,0.3907313932588797,172.45215708937823,38,0.2498288843258042,0.027902936260307376,0.46739794686707486
PTCT,20250916_2128,Put,,28.883574094700425,11,,,0.4558366167842763
PTON,20250916_2128,Call,,,83,,,0.6601089365683207
PTON,20250916_2128,Put,,36.459859464813086,65,,,0.6698600254762416
QD,20250916_2128,Call,,,0,,,
QD,20250916_2128,Put,,,0,,,
QTWO,20250916_2128,Call,,27.51725107832567,21,,,0.3915376495106598
QTWO,20250916_2128,Put,,24.049960731698288,12,,,0.3617562700380638
RCL,20250916_2128,Call,,5.494868785747926,263,,,19.15297603115819
RCL,20250916_2128,Put,,284.13909902426076,38,,,0.15972589767742956
REAL,20250916_2128,Call,,,32,,,0.7802043353318964
REAL,20250916_2128,Put,,7.350866187500482,9,,,0.7965730125038624
REXR,20250916_2128,Call,,81.88824993648907,15,,,13.304451375113674
REXR,20250916_2128,Put,,,0,,,
RGEN,20250916_2128,Call,2.729581422212794,69.50977931387537,37,0.2498288843258042,0.010655099916672572,0.4466192750824113
RGEN,20250916_2128,Put,4.672919610316593,40.523504194186586,41,0.2498288843258042,0.010655099916672572,0.5424224436733008
RH,20250916_2128,Call,1.1664180288490245,53.558821283554856,324,0.2498288843258042,0.008463375935960249,0.6417724502403864
RH,20250916_2128,Put,0.26694838893329437,61.42077016730734,301,0.2498288843258042,0.008463375935960249,0.6357075516639493
RIG,20250916_2128,Call,46.82540184616089,289.70161898347675,96,0.002053388090349051,0.026235690739297768,0.6088070482767696
RIG,20250916_2128,Put,7.6006366988769125,60.77307175625981,38,0.2498288843258042,0.018334589558038683,0.6300388195072754
RIVN,20250916_2128,Call,0.8398906576909273,33.161246439753086,201,0.002053388090349051,0.006839220863962936,0.6065975834983931
RIVN,20250916_2128,Put,0.28745244424737526,12.036711560271346,128,0.002053388090349051,0.006839220863962936,0.61930735943297
RKLB,20250916_2128,Call,,218.1301127097438,274,,,0.8961980260769034
RKLB,20250916_2128,Put,,30.3886814726167,174,,,0.8137733691440687
RNG,20250916_2128,Call,,212.051501148798,47,,,0.4730339047798595
RNG,20250916_2128,Put,,,28,,,0.380347974358388
RPAY,20250916_2128,Call,,,0,,,
RPAY,20250916_2128,Put,,,0,,,
RPD,20250916_2128,Call,,90.74320052909849,56,,,0.6842280920998333
RPD,20250916_2128,Put,,229.09863412917633,78,,,0.37028829718542144
RTX,20250916_2128,Call,,1.8352091243660678,202,,,35.718925049959125
RTX,20250916_2128,Put,,,0,,,
RUN,20250916_2128,Call,0.4590001532536289,7.6187088309331505,183,0.002053388090349051,0.0010740883109585653,0.7814752141040833
RUN,20250916_2128,Put,0.31142315949744703,47.99700721019023,143,0.002053388090349051,0.0010740883109585653,0.826265584852663
RWT,20250916_2128,Call,,,0,,,
RWT,20250916_2128,Put,,,0,,,
SABR,20250916_2128,Call,,137.60400626389074,30,,,0.6890207437879273
SABR,20250916_2128,Put,,124.79672292500717,36,,,0.6987275786308929
SATS,20250916_2128,Call,0.14472923747684666,273.7280787943449,247,0.002053388090349051,0.03150887364627253,0.5224523493012847
SATS,20250916_2128,Put,0.3111695928352821,,153,0.2498288843258042,0.029446721299679735,0.5482081625282462
SE,20250916_2128,Call,1.4721187582051747,19.04098376023716,231,0.002053388090349051,0.009309558945297614,0.45551330545919194
SE,20250916_2128,Put,,,164,,,0.4769167162301339
SEDG,20250916_2128,Call,,492.3280644969728,176,,,0.8548871219071533
SEDG,20250916_2128,Put,,34.93637409846143,129,,,0.8677170232117876
SENS,20250916_2128,Call,,,0,,,
SENS,20250916_2128,Put,,,0,,,
SHAK,20250916_2128,Call,0.6683443657703306,31.350629460364004,181,0.002053388090349051,0.014490975977479392,0.4490714166877199
SHAK,20250916_2128,Put,2.5323605113455914,41.173685568586514,182,0.002053388090349051,0.014490975977479392,0.4566652856759962
SHEL,20250916_2128,Call,,119.86994296201806,63,,,60.1233447619921
SHEL,20250916_2128,Put,,,0,,,
SHOP,20250916_2128,Call,0.4786985523996423,,392,0.002053388090349051,0.01147104178619629,0.4856267974945151
SHOP,20250916_2128,Put,1.631599611573437,22.53283167258806,225,0.002053388090349051,0.01147104178619629,0.49399701939791907
SIRI,20250916_2128,Call,,89.9829569702644,80,,,13.327433584611839
SIRI,20250916_2128,Put,,,0,,,
SKIN,20250916_2128,Call,,22.06664547964315,8,,,0.8654698052516968
SKIN,20250916_2128,Put,,,0,,,
SLB,20250916_2128,Call,,1.9585285010398183,94,,,107.82503613535
SLB,20250916_2128,Put,,,0,,,
SMCI,20250916_2128,Call,0.13676646273973575,289.29115391635264,428,0.002053388090349051,0.03811596536991413,0.6219157317859226
SMCI,20250916_2128,Put,0.5941857407261059,,360,0.002053388090349051,0.03811596536991413,0.6320321446535799
SMTC,20250916_2128,Call,,454.2058402270114,114,,,0.5685129979285036
SMTC,20250916_2128,Put,,75.4770717435655,54,,,0.5921727982724886
SNAP,20250916_2128,Call,1.0817684785184867,,139,0.2498288843258042,0.00014637608704815008,0.6745523525913836
SNAP,20250916_2128,Put,1.0112033247677459,69.87457818712902,54,0.2498288843258042,0.00014637608704815008,0.6756207310299663
SO,20250916_2128,Call,,1.175320963747552,59,,,164.12100668948673
SO,20250916_2128,Put,,,0,,,
SOFI,20250916_2128,Call,0.5289496186414474,308.5656796963543,337,0.2498288843258042,0.04683240753980611,0.6224038202091344
SOFI,20250916_2128,Put,1.0909700920569987,128.73544225081164,190,0.2498288843258042,0.04683240753980611,0.6402046803432067
SPB,20250916_2128,Call,,77.10302038870469,12,,,5.098189450853141
SPB,20250916_2128,Put,,,0,,,
SPCE,20250916_2128,Call,,415.7164540662693,56,,,0.8144939504957409
SPCE,20250916_2128,Put,,20.339382727764242,35,,,1.6726906046180363
SPHR,20250916_2128,Call,,94.13219823813313,47,,,0.583261961064119
SPHR,20250916_2128,Put,,17.42741090406384,17,,,0.5080189645511708
SPOT,20250916_2128,Call,0.08840919272495619,73.421574290966,618,0.002053388090349051,0.01130981230182515,0.44087534470492873
SPOT,20250916_2128,Put,0.4880918353500583,26.967853911123523,321,0.002053388090349051,0.01130981230182515,0.4325411011231395
SPR,20250916_2128,Call,,53.793518193832725,25,,,0.30724322636047474
SPR,20250916_2128,Put,,38.086677510549066,11,,,0.23480787468975303
SRPT,20250916_2128,Call,,21.266845664531324,98,,,1.0038212712687633
SRPT,20250916_2128,Put,,54.759094654607914,95,,,1.0473961291124188
SSRM,20250916_2128,Call,,240.51822659171464,81,,,0.5583085232850751
SSRM,20250916_2128,Put,,42.174373612610694,24,,,0.5408811770437992
STWD,20250916_2128,Call,,,0,,,
STWD,20250916_2128,Put,,,0,,,
STX,20250916_2128,Call,,72.63542374467619,271,,,3.3753487022347572
STX,20250916_2128,Put,,106.80642223654785,39,,,0.13991433834540906
TCOM,20250916_2128,Call,6.038456571981337,17.03444615150242,56,0.2498288843258042,0.015938131904007058,1.1225763930815464
TCOM,20250916_2128,Put,3.3678971796019384,320.01035818041095,11,0.2498288843258042,0.015938131904007058,0.1044702732813878
TDOC,20250916_2128,Call,,,78,,,0.6651274794727781
TDOC,20250916_2128,Put,,101.86668807756227,64,,,0.6551789044566929
TEVA,20250916_2128,Call,2.0010114968901,,126,0.002053388090349051,0.02905750796781348,0.38941337950294175
TEVA,20250916_2128,Put,2.5616948965956254,23.019387001462647,60,0.002053388090349051,0.02905750796781348,0.38306135975830036
TGT,20250916_2128,Call,,,167,,,0.31206611570247933
TGT,20250916_2128,Put,,,0,,,
TMDX,20250916_2128,Call,,26.76173297429661,121,,,0.6300144463519983
TMDX,20250916_2128,Put,,21.133771969425048,60,,,0.6571255787680594
TNDM,20250916_2128,Call,,46.384052552595165,31,,,0.7057330274847474
TNDM,20250916_2128,Put,,54.114000446209914,39,,,0.6003979844527894
TREE,20250916_2128,Call,,,47,,,0.44721825187025643
TREE,20250916_2128,Put,,89.7830010797679,18,,,0.6005076918992459
TRIP,20250916_2128,Call,,31.97415991271533,81,,,0.46175275302496244
TRIP,20250916_2128,Put,,,51,,,0.4784979940510158
TSLA,20250916_2128,Call,0.029614576808866547,35.63924761783292,1170,0.002053388090349051,0.002017846056372896,0.578584054900513
TSLA,20250916_2128,Put,0.1938063349156129,14.533632722560125,777,0.002053388090349051,0.002017846056372896,0.5820957055489491
TTEK,20250916_2128,Call,,,0,,,
TTEK,20250916_2128,Put,,,0,,,
TTGT,20250916_2128,Call,,,0,,,
TTGT,20250916_2128,Put,,,0,,,
TTWO,20250916_2128,Call,1.4221440453465177,47.01430769280574,193,0.002053388090349051,0.009329969241529179,0.3486095152961369
TTWO,20250916_2128,Put,1.5019610992426546,18.930087358183748,122,0.002053388090349051,0.02949041419083731,0.3606937466505499
TVTX,20250916_2128,Call,,83.55878912830418,29,,,0.5724135195855847
TVTX,20250916_2128,Put,,97.16015020724808,14,,,0.6037258434246299
TWO,20250916_2128,Call,,,0,,,
TWO,20250916_2128,Put,,,0,,,
TYL,20250916_2128,Call,,51.89092973472647,26,,,0.25838321362672256
TYL,20250916_2128,Put,,87.12840054637331,34,,,0.25580272801645715
U,20250916_2128,Call,1.3065589007353335,42.362098289853826,375,0.2498288843258042,0.008304490043211987,0.6880931963579713
U,20250916_2128,Put,0.18956216900278836,15.067167045889613,220,0.2498288843258042,0.008304490043211987,0.7042787845244276
UBER,20250916_2128,Call,0.5594435622531156,41.99186999615905,369,0.002053388090349051,0.018905922668801645,0.3885444885377591
UBER,20250916_2128,Put,1.1866483744686445,18.692389000242226,216,0.002053388090349051,0.018905922668801645,0.3934205227693914
UNIT,20250916_2128,Call,,29.79353519550241,17,,,0.4673607599095986
UNIT,20250916_2128,Put,,9.748381004501462,15,,,0.5287222825110138
UPST,20250916_2128,Call,0.30669958686211923,,308,0.2498288843258042,0.009236583781499608,0.7658868587573541
UPST,20250916_2128,Put,2.3506882213723794,,189,0.2498288843258042,0.009236583781499608,0.7732478906810181
UPWK,20250916_2128,Call,,105.65417600137235,31,,,0.5093322440163108
UPWK,20250916_2128,Put,,25.60994155831761,17,,,0.4653989124663365
V,20250916_2128,Call,,73.22287802214447,516,,,1.5135455385397312
V,20250916_2128,Put,13.253099647359637,339.1631709775666,100,0.2498288843258042,0.004765576992711851,0.030151107569503344
VAC,20250916_2128,Call,,80.8459688038029,18,,,10.491081543449035
VAC,20250916_2128,Put,,,0,,,
VECO,20250916_2128,Call,,288.5179140629481,24,,,0.5757581119826033
VECO,20250916_2128,Put,,,0,,,
VERI,20250916_2128,Call,,107.86904136122425,16,,,1.1196071152654106
VERI,20250916_2128,Put,,,0,,,
VERX,20250916_2128,Call,,37.54915790086288,11,,,0.6611845968432646
VERX,20250916_2128,Put,,,0,,,
VIAV,20250916_2128,Call,,294.3751573151176,14,,,0.38341592138583325
VIAV,20250916_2128,Put,,,0,,,
VNET,20250916_2128,Call,,28.13235750882559,48,,,0.9054554808459209
VNET,20250916_2128,Put,,339.51473437204754,23,,,0.9996878417023072
VREX,20250916_2128,Call,,,0,,,
VREX,20250916_2128,Put,,,0,,,
VRNS,20250916_2128,Call,,430.4219327191108,18,,,0.3648639828274405
VRNS,20250916_2128,Put,,,0,,,
VRNT,20250916_2128,Call,,,0,,,
VRNT,20250916_2128,Put,,401.37319361012004,9,,,0.22766409001509522
VSH,20250916_2128,Call,,67.3050611523246,14,,,3.5306658801092006
VSH,20250916_2128,Put,,,0,,,
VTR,20250916_2128,Call,,16.73395662848067,17,,,7.303294789442007
VTR,20250916_2128,Put,,,0,,,
W,20250916_2128,Call,0.4664322120076737,101.75104880745549,304,0.002053388090349051,0.022119825321135878,0.6235345933838218
W,20250916_2128,Put,0.9116492959073195,9.19605353820405,187,0.2498288843258042,0.002564274423297208,0.6313130045257738
WB,20250916_2128,Call,,,0,,,
WB,20250916_2128,Put,,,0,,,
WDC,20250916_2128,Call,0.47554084624204335,52.15086849601328,363,0.002053388090349051,0.009134092986994302,1.5239882848136141
WDC,20250916_2128,Put,23.839852615609626,64.88750923528495,139,0.002053388090349051,0.025663634357384946,0.14351655273728714
WEC,20250916_2128,Call,,2.0492712214437963,31,,,49.98588127280668
WEC,20250916_2128,Put,,,0,,,
WELL,20250916_2128,Call,,0.8231386148531366,57,,,138.96913011513792
WELL,20250916_2128,Put,,,0,,,
WGO,20250916_2128,Call,,77.84613539003347,32,,,8.25603213416219
WGO,20250916_2128,Put,,,0,,,
WIX,20250916_2128,Call,,110.17594256289607,140,,,0.49652888132281664
WIX,20250916_2128,Put,,195.14639899058022,72,,,0.5036483910985305
WK,20250916_2128,Call,,223.78764682374768,25,,,0.5024623037660066
WK,20250916_2128,Put,,,0,,,
WKC,20250916_2128,Call,,,0,,,
WKC,20250916_2128,Put,,,0,,,
WOLF,20250916_2128,Call,,302.182139507017,78,,,0.597943042170304
WOLF,20250916_2128,Put,,61.6266458241412,78,,,2.6674918375038414
WT,20250916_2128,Call,,53.914544182642054,13,,,2.0727450771390514
WT,20250916_2128,Put,,,0,,,
XERS,20250916_2128,Call,,54.841493324702796,9,,,0.6848722068173588
XERS,20250916_2128,Put,,,0,,,
XIFR,20250916_2128,Call,,,0,,,
XIFR,20250916_2128,Put,,,0,,,
XMTR,20250916_2128,Call,,111.34632593792352,60,,,0.6987575633978285
XMTR,20250916_2128,Put,,41.515648539832526,25,,,0.723425937364512
XOM,20250916_2128,Call,,0.829802764727329,102,,,272.9620277274025
XOM,20250916_2128,Put,,,0,,,
XRX,20250916_2128,Call,,79.28890424090628,7,,,4.2457959657775675
XRX,20250916_2128,Put,,,0,,,
XYZ,20250916_2128,Call,0.8166868662223702,432.81814672926396,277,0.002053388090349051,0.014912387583376319,0.46344383068468464
XYZ,20250916_2128,Put,0.49900038790834395,18.31935629836667,136,0.002053388090349051,0.014912387583376319,0.4678527534547595
Z,20250916_2128,Call,1.0287000120269536,26.820065370316815,152,0.002053388090349051,0.002670114359350162,0.4075752594000963
Z,20250916_2128,Put,1.442965005886619,,143,0.2498288843258042,0.01080575657752969,0.42013929617508416
ZD,20250916_2128,Call,,189.5813593487967,15,,,0.4389644926286414
ZD,20250916_2128,Put,,31.329262926439434,11,,,0.5297631196741375
ZS,20250916_2128,Call,0.12564712860119598,172.7792823001627,323,0.002053388090349051,0.007673582897138709,0.4183146125918442
ZS,20250916_2128,Put,0.8037192932585245,,235,0.002053388090349051,0.007673582897138709,0.41931793858477046
ZTO,20250916_2128,Call,,83.21173339387006,26,,,8.84399113930283
ZTO,20250916_2128,Put,,,0,,,
