Ticker,Contract Name,Type,Expiry,Strike,Moneyness,Bid,Ask,Volume,Open Interest,Bid Stock,Ask Stock,Last Stock Price,Implied Volatility,Expiry_dt,Years_to_Expiry,Forward,LogMoneyness,IV_bid,IV_ask,IV_mid,IV_spread,Delta,Ivol/Rvol100d Ratio,Smoothed_IV,TotalVariance,Call Local Vol,Put Local Vol,Realised Vol 100d
ABR,ABR250905P00009500,Put,2025-09-05,9.5,0.8048223406806606,0.0,1.01,1,201,11.82,11.86,11.829999923706056,1.5957051464843748,2025-09-05,0.0355920602327173,11.80384728381867,-0.2171337207268889,,2.464975233115376,1.7079172584865197,,-0.2018620450538902,4.119013534724259,1.7079172584865197,0.1038213763281846,,0.0,0.4146423030874681
ABR,ABR251219P00006000,Put,2025-12-19,6.0,0.5210204795284253,0.0,0.17,4,204,11.82,11.86,11.829999923706056,0.7460962890625,2025-12-19,0.3230663928815879,11.515862112427111,-0.6519659298853343,,0.8650303449245321,0.7332834454367717,,-0.0381434675395115,1.7684723434552378,0.7332834454367717,0.1737142892251649,,0.0,0.4146423030874681
ABR,ABR251219P00012000,Put,2025-12-19,12.0,1.042040959056851,0.0,1.53,1,216,11.82,11.86,11.829999923706056,0.5317429638671876,2025-12-19,0.3230663928815879,11.515862112427111,0.0411812506746109,,0.4872456164589022,0.1863082987864633,,-0.6315409637814844,0.44932294027694,0.1863082987864633,0.0112138871983882,0.0,0.0013459589757993,0.4146423030874681
ABR,ABR250905P00010000,Put,2025-09-05,10.0,0.8471814112428007,0.0,0.49,3,227,11.82,11.86,11.829999923706056,0.99023447265625,2025-09-05,0.0355920602327173,11.80384728381867,-0.1658404263393384,,1.4455587263664849,1.0567982521085748,,-0.1757994395660016,2.548698587287282,1.0567982521085748,0.0397500153143781,,0.0,0.4146423030874681
ABR,ABR251219P00008000,Put,2025-12-19,8.0,0.6946939727045671,0.0,0.32,1,229,11.82,11.86,11.829999923706056,0.55273884765625,2025-12-19,0.3230663928815879,11.515862112427111,-0.3642838574335534,,0.6682189552792879,0.5340996146514781,,-0.0882257205983845,1.2880972603965368,0.5340996146514781,0.0921586940664234,,0.0057121843643305,0.4146423030874681
ABR,ABR250905P00011500,Put,2025-09-05,11.5,0.9742586229292208,0.0,0.18,24,316,11.82,11.86,11.829999923706056,0.33789724609375,2025-09-05,0.0355920602327173,11.80384728381867,-0.0260784839641796,,0.3520908331132567,0.2368156721659444,,-0.2722420243869936,0.5711324445252962,0.2368156721659444,0.0019960619126195,0.0006188236586285,0.0,0.4146423030874681
ABR,ABR250829P00007000,Put,2025-08-29,7.0,0.5920512689100165,0.0,0.01,1,350,11.82,11.86,11.829999923706056,1.4375028125,2025-08-29,0.0164271047227926,11.823300392358254,-0.5241620449594037,,1.845920486254532,1.6891933585851582,,-0.0057143310116134,4.073856782116189,1.6891933585851582,0.046872676840874,,0.0126548892523099,0.4146423030874681
ABR,ABR251121C00017000,Call,2025-11-21,17.0,1.4665331972167257,0.0,0.35,2,386,11.82,11.86,11.829999923706056,0.55273884765625,2025-11-21,0.2464065708418891,11.59196398162934,0.3829012462174948,,0.7155790567308372,0.5847951082743621,,0.1202190398653476,1.4103604574832795,0.5847951082743621,0.0842674296496812,0.0,0.0153486366534373,0.4146423030874681
ABR,ABR251017P00006000,Put,2025-10-17,6.0,0.5133558538762772,0.0,0.15,5,401,11.82,11.86,11.829999923706056,1.0546922265625,2025-10-17,0.1505817932922655,11.687798930692717,-0.6667860020173312,,1.2432791044809326,1.061449676655011,,-0.034017453535336,2.5599165081598056,1.061449676655011,0.1696568046102847,,0.0154291830033172,0.4146423030874681
ABR,ABR250912P00009500,Put,2025-09-12,9.5,0.8061487130041831,0.0,0.06,4,410,11.82,11.86,11.829999923706056,0.5468795312500001,2025-09-12,0.054757015742642,11.784426181860944,-0.215487046045556,,0.6592484999303498,0.5643391716400323,,-0.0447721592976156,1.3610265219875213,0.5643391716400323,0.0174389432250435,,0.0041023591167277,0.4146423030874681
ABR,ABR251017C00015000,Call,2025-10-17,15.0,1.2833896346906932,0.0,0.05,2,419,11.82,11.86,11.829999923706056,0.3828186718749999,2025-10-17,0.1505817932922655,11.687798930692717,0.2495047298568239,,0.4060953509731648,0.3547284853990784,,0.0406012482297518,0.8555048116357994,0.3547284853990784,0.018948053140161,0.0061276958082674,,0.4146423030874681
ABR,ABR251017P00007000,Put,2025-10-17,7.0,0.5989151628556568,0.0,0.32,10,431,11.82,11.86,11.829999923706056,1.01172369140625,2025-10-17,0.1505817932922655,11.687798930692717,-0.5126353221900729,,1.250730876121234,1.0175645429226594,,-0.0673674540811617,2.454077973582946,1.0175645429226594,0.1559180505016756,,0.0209190740127739,0.4146423030874681
ABR,ABR260821C00017000,Call,2026-08-21,17.0,1.5638043819007272,0.0,0.39,3,442,11.82,11.86,11.829999923706056,0.352545537109375,2026-08-21,0.9938398357289528,10.870924903879178,0.4471215587894813,,0.4188920409499519,0.3418001700259865,,0.1267660206657548,0.8243253702791737,0.3418001700259865,0.1161076805240656,0.0,,0.4146423030874681
ABR,ABR250905P00011000,Put,2025-09-05,11.0,0.9318995523670808,0.0,0.09,172,459,11.82,11.86,11.829999923706056,0.3945373046875,2025-09-05,0.0355920602327173,11.80384728381867,-0.0705302465350135,,0.4162571782303335,0.3288573324742654,,-0.121435687400742,0.7931109055336633,0.3288573324742654,0.0038491797031818,,0.0019525288193709,0.4146423030874681
ABR,ABR251121P00006000,Put,2025-11-21,6.0,0.5175999519588443,0.0,2.17,500,551,11.82,11.86,11.829999923706056,1.92578162109375,2025-11-21,0.2464065708418891,11.59196398162934,-0.6585526286106663,,2.863470684619754,1.9322825722303412,,-0.1217727861128566,4.660119234922178,1.932282572230344,0.9200121410131696,,0.0,0.4146423030874681
ABR,ABR260116C00025000,Call,2026-01-16,25.0,2.1852650476869875,0.0,0.75,1,710,11.82,11.86,11.829999923706056,0.867188828125,2026-01-16,0.3997262149212868,11.44025985610371,0.7817371244801435,,1.1109341848323957,0.9113100488410164,,0.1426003931719843,2.1978221760184877,0.9113100488410164,0.3319670273711645,0.0,,0.4146423030874681
ABR,ABR250829P00009500,Put,2025-08-29,9.5,0.8034981506635938,0.0,0.01,3,847,11.82,11.86,11.829999923706056,0.6875031250000001,2025-08-29,0.0164271047227926,11.823300392358254,-0.2187803954082219,,0.8558652902503495,0.7729210730548705,,-0.0119725718790695,1.8640670942149964,0.7729210730548706,0.009813667107553,,0.0061010388433533,0.4146423030874681
ABR,ABR250919P00008000,Put,2025-09-19,8.0,0.6799808599837225,0.0,0.05,1,861,11.82,11.86,11.829999923706056,0.7500025,2025-09-19,0.0739219712525667,11.76503703382402,-0.3856906282908823,,0.8728901686905753,0.7654770739974367,,-0.0251589238537597,1.8461142731882825,0.7654770739974367,0.0433149598138898,,0.0135685992181483,0.4146423030874681
ABR,ABR251017C00013000,Call,2025-10-17,13.0,1.112271016731934,0.0,0.2,49,884,11.82,11.86,11.829999923706056,0.3154365332031249,2025-10-17,0.1505817932922655,11.687798930692717,0.1064038862161505,,0.3459742291254609,0.2667152625304119,,0.1644523593381789,0.6432418027403942,0.2667152625304119,0.0107119417376226,0.0,,0.4146423030874681
ABR,ABR251017C00014000,Call,2025-10-17,14.0,1.1978303257113136,0.0,0.08,6,926,11.82,11.86,11.829999923706056,0.3320379296875,2025-10-17,0.1505817932922655,11.687798930692717,0.1805118583698724,,0.3575730684163447,0.3024271487816307,,0.0695071166285462,0.7293687752786627,0.3024271487816307,0.0137725391310342,0.0158261649647059,,0.4146423030874681
ABR,ABR250829P00011000,Put,2025-08-29,11.0,0.9303662797157402,0.0,0.08,1,1070,11.82,11.86,11.829999923706056,0.51562984375,2025-08-29,0.0164271047227926,11.823300392358254,-0.0721769212163464,,0.5948360817321094,0.4747282074235636,,-0.1118661936662493,1.1449102127030697,0.4747282074235636,0.0037021251897098,,0.0013869444740675,0.4146423030874681
ABR,ABR260116C00020000,Call,2026-01-16,20.0,1.7482120381495898,0.01,0.6,2,909,11.82,11.86,11.829999923706056,0.65039412109375,2026-01-16,0.3997262149212868,11.44025985610371,0.5585935731659337,0.3711057407904947,0.848491889071285,0.6913315503159827,0.4773861482807903,0.1446976918792431,1.6672962338098616,0.6913315503159827,0.1910448723326374,0.0,0.0,0.4146423030874681
ABR,ABR250919P00007000,Put,2025-09-19,7.0,0.5949832524857572,0.0,0.32,1,1158,11.82,11.86,11.829999923706056,1.421877890625,2025-09-19,0.0739219712525667,11.76503703382402,-0.5192220209154048,,1.796839039570132,1.4635435408355002,,-0.0663153082727761,3.529653221434013,1.4635435408355002,0.1583378830660519,,0.0,0.4146423030874681
ABR,ABR251121P00007000,Put,2025-11-21,7.0,0.6038666106186518,0.05,0.8,240,568,11.82,11.86,11.829999923706056,1.078129609375,2025-11-21,0.2464065708418891,11.59196398162934,-0.5044019487834079,0.6026003497921419,1.3855532897201157,1.070621086018849,0.7829529399279735,-0.1122152905094152,2.5820353544414,1.0706210860188492,0.2824384829145412,,0.0,0.4146423030874681
ABR,ABR260116P00006000,Put,2026-01-16,6.0,0.524463611444877,0.04,0.18,5,98,11.82,11.86,11.829999923706056,0.710940390625,2026-01-16,0.3997262149212868,11.44025985610371,-0.6453792311600023,0.5641223655258221,0.7849591062676999,0.6940359626953757,0.2208367407418778,-0.0454956337936753,1.6738185118293876,0.6940359626953757,0.192542488588957,,0.0,0.4146423030874681
ABR,ABR251121C00016000,Call,2025-11-21,16.0,1.3802665385569182,0.0,0.12,15,1370,11.82,11.86,11.829999923706056,0.4414118359375,2025-11-21,0.2464065708418891,11.59196398162934,0.3222766244010599,,0.4704570464786838,0.4018576852785617,,0.0647789783127491,0.9691671165394586,0.4018576852785617,0.0397920983698012,0.0053338869947556,,0.4146423030874681
ABR,ABR251017C00016000,Call,2025-10-17,16.0,1.3689489436700728,0.05,0.22,80,103,11.82,11.86,11.829999923706056,0.57617611328125,2025-10-17,0.1505817932922655,11.687798930692717,0.3140432509943951,0.4844338118697661,0.695284513281075,0.6069391263942491,0.2108507014113088,0.1120626066749488,1.463765568237779,0.6069391263942491,0.0554705836362814,0.0,,0.4146423030874681
ABR,ABR250919P00009000,Put,2025-09-19,9.0,0.7649784674816879,0.0,0.05,2,1880,11.82,11.86,11.829999923706056,0.5468795312500001,2025-09-19,0.0739219712525667,11.76503703382402,-0.2679075926344987,,0.6469070355687763,0.5616349323739542,,-0.0335642276686874,1.3545046614683651,0.5616349323739542,0.0233174880933409,,0.0076142425495017,0.4146423030874681
ABR,ABR251219P00013000,Put,2025-12-19,13.0,1.1288777056449215,0.75,2.38,1,62,11.82,11.86,11.829999923706056,0.6137733935546876,2025-12-19,0.3230663928815879,11.515862112427111,0.1212239583481473,,0.5642941628030677,0.2004433019814457,,-0.8430465724750598,0.4834125714837218,0.2004433019814457,0.0129800055920289,0.0,0.0031454125088494,0.4146423030874681
ABR,ABR250905C00013500,Call,2025-09-05,13.5,1.143694905177781,0.01,0.04,4,124,11.82,11.86,11.829999923706056,0.45313046875,2025-09-05,0.0355920602327173,11.80384728381867,0.1342641661109997,0.3755805741345236,0.4959871215669436,0.4464343371983305,0.1204065474324199,0.0603279595137322,1.0766733974660467,0.4464343371983305,0.0070936263561567,0.0,,0.4146423030874681
ABR,ABR260821C00010000,Call,2026-08-21,10.0,0.9198849305298396,0.78,4.35,16,320,11.82,11.86,11.829999923706056,0.7924825439453125,2026-08-21,0.9938398357289528,10.870924903879178,-0.083506692272689,,1.0289163621549489,0.5400348484799647,,0.6643246568393073,1.3024113662759715,0.5400348484799647,0.28984110181771,0.0057972047830042,0.0,0.4146423030874681
ABR,ABR251121P00009000,Put,2025-11-21,9.0,0.7763999279382665,0.02,0.29,7,2212,11.82,11.86,11.829999923706056,0.58789474609375,2025-11-21,0.2464065708418891,11.59196398162934,-0.2530875205025019,0.2826177544667139,0.571229882241254,0.4599068659933624,0.2886121277745401,-0.1107126444352039,1.1091653277266933,0.4599068659933626,0.0521185196027524,,0.0173557414036561,0.4146423030874681
ABR,ABR251121P00005000,Put,2025-11-21,5.0,0.4313332932990369,0.12,0.5,2,259,11.82,11.86,11.829999923706056,1.4492215039062502,2025-11-21,0.2464065708418891,11.59196398162934,-0.8408741854046209,1.1286529833601855,1.6950590227176976,1.4487939843390012,0.5664060393575119,-0.0631556013607455,3.494081461421413,1.448793984339,0.517208380055082,,0.0,0.4146423030874681
ABR,ABR251017P00008000,Put,2025-10-17,8.0,0.6844744718350364,0.02,0.26,101,2639,11.82,11.86,11.829999923706056,0.773439765625,2025-10-17,0.1505817932922655,11.687798930692717,-0.3791039295655501,0.5095488520494256,0.9306825590025928,0.7721842421202654,0.4211337069531672,-0.0785343869431733,1.8622900663306765,0.7721842421202654,0.089787180582715,,0.0,0.4146423030874681
ABR,ABR251219C00015000,Call,2025-12-19,15.0,1.3025511988210634,0.04,0.17,4,338,11.82,11.86,11.829999923706056,0.35938140625,2025-12-19,0.3230663928815879,11.515862112427111,0.2643248019888207,0.2781091264536828,0.3947909177422482,0.3457824547578034,0.1166817912885654,0.1062670347102047,0.8339295151099458,0.3457824547578034,0.0386275967424044,0.0243104973740801,0.0,0.4146423030874681
ABR,ABR250905C00012500,Call,2025-09-05,12.5,1.0589767640535008,0.02,0.07,1,187,11.82,11.86,11.829999923706056,0.2949289257812499,2025-09-05,0.0355920602327173,11.80384728381867,0.0573031249748713,0.2220925213045892,0.324917751896492,0.2794235050760194,0.1028252305919027,0.1444210033293315,0.6738904906600317,0.2794235050760194,0.0027789389115854,0.0,,0.4146423030874681
ABR,ABR260821C00005000,Call,2026-08-21,5.0,0.4599424652649198,4.7,8.5,10,15,11.82,11.86,11.829999923706056,1.4580105224609374,2026-08-21,0.9938398357289528,10.870924903879178,-0.7766538728326343,,2.1602284450313016,1.0835460275579651,,0.8960011297476005,2.6132066590643865,1.0835460275579651,1.1668395174885768,0.0,0.0,0.4146423030874681
ABR,ABR250919C00016000,Call,2025-09-19,16.0,1.359961719967445,0.0,0.14,24,18117,11.82,11.86,11.829999923706056,0.6914093359375001,2025-09-19,0.0739219712525667,11.76503703382402,0.307456552269063,,0.8593994164142407,0.7281683594665719,,0.0729747914423954,1.756136202323201,0.7281683594665719,0.0391955847027034,0.0,,0.4146423030874681
ABR,ABR251219P00015000,Put,2025-12-19,15.0,1.3025511988210634,3.6,5.9,0,10,11.82,11.86,11.829999923706056,0.95898478515625,2025-12-19,0.3230663928815879,11.515862112427111,0.2643248019888207,0.3902916014847972,1.3724919518718282,0.9228332609240812,0.9822003503870308,-0.595479763150579,2.225612905515362,0.9228332609240812,0.2751301980594038,0.0243104973740801,0.0,0.4146423030874681
ABR,ABR260116C00017500,Call,2026-01-16,17.5,1.5296855333808912,0.01,0.1,3,3467,11.82,11.86,11.829999923706056,0.4023497265625,2026-01-16,0.3997262149212868,11.44025985610371,0.4250621805414111,0.2947530083413927,0.4347275219652276,0.385047923669442,0.1399745136238349,0.0521529569804928,0.9286267242930514,0.385047923669442,0.0592641695119334,0.0048478400851756,,0.4146423030874681
ABR,ABR260417P00008000,Put,2026-04-17,8.0,0.7144156180755786,0.24,0.4,328,13,11.82,11.86,11.829999923706056,0.5283250292968751,2026-04-17,0.648870636550308,11.19796347894745,-0.3362903878508927,0.4085370332772906,0.4931813225754834,0.4525007846462304,0.0846442892981927,-0.1346110169624352,1.0913039534964577,0.4525007846462304,0.132860779041732,,0.0,0.4146423030874681
ABR,ABR270115P00017000,Put,2027-01-15,17.0,1.618826861097359,4.2,8.5,10,38,11.82,11.86,11.829999923706056,0.85742330078125,2027-01-15,1.3963039014373717,10.50143187547318,0.4817017270974741,,0.8398275320968753,0.3201785338520482,,-0.8608238592624113,0.7721800970811874,0.3201785338520482,0.1431411080225053,0.0,0.0,0.4146423030874681
ABR,ABR260116C00011000,Call,2026-01-16,11.0,0.9615166209822744,0.48,1.55,2,389,11.82,11.86,11.829999923706056,0.37500625,2026-01-16,0.3997262149212868,11.44025985610371,-0.0392434275896867,,0.4771395893179796,0.2805883765211505,,0.6216872634722599,0.676699831232514,0.2805883765211505,0.0314703797608792,0.0009255952883195,0.0,0.4146423030874681
ABR,ABR251121C00015000,Call,2025-11-21,15.0,1.2939998798971108,0.04,0.1,1,346,11.82,11.86,11.829999923706056,0.3535220898437499,2025-11-21,0.2464065708418891,11.59196398162934,0.2577381032634888,0.311659687906979,0.3830943281585399,0.3514024327249439,0.0714346402515608,0.0822110254181515,0.8474833129865579,0.3514024327249439,0.0304271876119118,0.011096467985218,0.0047479745368556,0.4146423030874681
ABR,ABR270115C00017000,Call,2027-01-15,17.0,1.618826861097359,0.13,0.45,3,2124,11.82,11.86,11.829999923706056,0.3125068749999999,2027-01-15,1.3963039014373717,10.50143187547318,0.4817017270974741,0.2782279694664235,0.3942667835548304,0.343317481023173,0.1160388140884069,0.1624235667539445,0.8279846954032348,0.343317481023173,0.1645780022335643,0.0,0.0,0.4146423030874681
ABR,ABR270115C00012000,Call,2027-01-15,12.0,1.1427013137157829,0.65,1.92,1,1322,11.82,11.86,11.829999923706056,0.358404853515625,2027-01-15,1.3963039014373717,10.50143187547318,0.1333950328292583,0.2471950738993062,0.5220620090306364,0.3857709696944545,0.2748669351313301,0.4742035842236116,0.9303705068729488,0.3857709696944545,0.20779688689963,0.0108716684113871,0.0,0.4146423030874681
ABR,ABR250919C00011000,Call,2025-09-19,11.0,0.9349736824776184,0.94,1.52,1,31,11.82,11.86,11.829999923706056,0.579105771484375,2025-09-19,0.0739219712525667,11.76503703382402,-0.0672368971723476,0.375661429666873,0.8936592877949519,0.6436611920869648,0.5179978581280789,0.6814319265530059,1.5523288079730388,0.6436611920869648,0.0306258527457027,0.0,0.0,0.4146423030874681
ABR,ABR260821P00005000,Put,2026-08-21,5.0,0.4599424652649198,0.15,0.4,2,798,11.82,11.86,11.829999923706056,0.702151416015625,2026-08-21,0.9938398357289528,10.870924903879178,-0.7766538728326343,0.5662619591114766,0.7560029343502609,0.6697984940502942,0.1897409752387843,-0.067198216092518,1.6153645903056866,0.6697984940502942,0.445866387995705,0.0,0.0,0.4146423030874681
ABR,ABR251121C00011000,Call,2025-11-21,11.0,0.9489332452578813,0.56,1.44,1,803,11.82,11.86,11.829999923706056,0.424810439453125,2025-11-21,0.2464065708418891,11.59196398162934,-0.0524168250403507,,0.5087251627970304,0.301467372974138,,0.6646160294242749,0.7270540673958777,0.301467372974138,0.0223940641399412,0.0015912180269078,0.0,0.4146423030874681
ABR,ABR250829C00011500,Call,2025-08-29,11.5,0.9726556560664557,0.22,0.55,364,703,11.82,11.86,11.829999923706056,0.523442265625,2025-08-29,0.0164271047227926,11.823300392358254,-0.0277251586455125,,0.6144335883514751,0.3003679923603551,,0.7701760825665462,0.7244026721918748,0.3003679923603551,0.0014820686790076,0.0003767356715145,0.0,0.4146423030874681
ABR,ABR250912P00011000,Put,2025-09-12,11.0,0.9334353518995804,0.07,0.13,10,131,11.82,11.86,11.829999923706056,0.37695935546875,2025-09-12,0.054757015742642,11.784426181860944,-0.0688835718536806,0.3018012155228512,0.3839913259313195,0.3447165179035905,0.0821901104084683,-0.1855848087468368,0.831358776798211,0.3447165179035905,0.0065067475819617,,0.0076163163756568,0.4146423030874681
ABR,ABR260116C00010000,Call,2026-01-16,10.0,0.8741060190747949,1.68,3.95,5,771,11.82,11.86,11.829999923706056,0.6367223828125,2026-01-16,0.3997262149212868,11.44025985610371,-0.1345536073940116,,1.2331996518959798,0.7719896736250773,,0.698370376922166,1.8618208221321484,0.7719896736250773,0.2382240553123285,0.0,0.0,0.4146423030874681
ABR,ABR270115P00005000,Put,2027-01-15,5.0,0.4761255473815761,0.18,0.41,1,640,11.82,11.86,11.829999923706056,0.6054726953125001,2027-01-15,1.3963039014373717,10.50143187547318,-0.7420737045246417,0.488656139529224,0.6312078529116849,0.5651335983396286,0.1425517133824609,-0.0742105483539425,1.3629424545725008,0.5651335983396286,0.4459459324459173,,0.0,0.4146423030874681
ABR,ABR250912C00012000,Call,2025-09-12,12.0,1.0182931111631788,0.22,0.31,2,25,11.82,11.86,11.829999923706056,0.33399103515625,2025-09-12,0.054757015742642,11.784426181860944,0.0181278051359492,0.2853255420564882,0.3689964963467159,0.3273094637464658,0.0836709542902277,0.421371034440902,0.7893778838031884,0.3273094637464658,0.0058662004138534,0.0,,0.4146423030874681
ABR,ABR251219P00009000,Put,2025-12-19,9.0,0.7815307192926381,0.15,0.32,150,1117,11.82,11.86,11.829999923706056,0.5351608984375,2025-12-19,0.3230663928815879,11.515862112427111,-0.2465008217771699,0.3911891920938649,0.5113485424986147,0.4549084570477089,0.1201593504047498,-0.1394876784707572,1.0971105785888584,0.4549084570477089,0.066855909942878,,0.0,0.4146423030874681
ABR,ABR250926C00012000,Call,2025-09-26,12.0,1.0216522344790218,0.28,0.45,295,92,11.82,11.86,11.829999923706056,0.3554751953124999,2025-09-26,0.0930869267624914,11.74567978713348,0.0214211544986151,0.273644612857407,0.3946389087885169,0.334377243270068,0.1209942959311098,0.4368491274543902,0.8064233696857788,0.334377243270068,0.0104078762156721,0.0,,0.4146423030874681
ABR,ABR260116P00009000,Put,2026-01-16,9.0,0.7866954171673154,0.2,0.35,22,257,11.82,11.86,11.829999923706056,0.49805189453125,2026-01-16,0.3997262149212868,11.44025985610371,-0.2399141230518379,0.380461555484345,0.4703156902980175,0.427240198748701,0.0898541348136724,-0.1530967590369998,1.03038256243376,0.427240198748701,0.0729636998338593,,0.0,0.4146423030874681
ABR,ABR260116P00005000,Put,2026-01-16,5.0,0.4370530095373974,0.05,0.13,4,10536,11.82,11.86,11.829999923706056,0.8398453515625,2026-01-16,0.3997262149212868,11.44025985610371,-0.827700787953957,0.7332237665378382,0.8944054642822222,0.8236863743418772,0.161181697744384,-0.0321731925615773,1.9864986476503388,0.8236863743418772,0.2711979452932626,,0.0,0.4146423030874681
ABR,ABR251121C00014000,Call,2025-11-21,14.0,1.2077332212373035,0.09,0.16,33,602,11.82,11.86,11.829999923706056,0.3222724023437499,2025-11-21,0.2464065708418891,11.59196398162934,0.1887452317765374,0.2987542301290663,0.3543212921516155,0.3281290119862158,0.0555670620225491,0.1406618082684314,0.7913544024402102,0.3281290119862158,0.0265302624658029,0.0,,0.4146423030874681
ABR,ABR270115C00015000,Call,2027-01-15,15.0,1.4283766421447286,0.27,0.45,19,321,11.82,11.86,11.829999923706056,0.2456130126953125,2027-01-15,1.3963039014373717,10.50143187547318,0.356538584143468,0.2773493358618634,0.3311507113668908,0.3053824000270103,0.0538013755050273,0.2096582853062826,0.7364960057213228,0.3053824000270103,0.1302170820686955,0.0116504375557142,0.0,0.4146423030874681
ABR,ABR250829C00012000,Call,2025-08-29,12.0,1.0149450324171712,0.08,0.13,540,244,11.82,11.86,11.829999923706056,0.2890696093749999,2025-08-29,0.0164271047227926,11.823300392358254,0.0148344557732833,0.2502119072224831,0.339120204966326,0.2951927780760395,0.0889082977438428,0.3545100402151552,0.7119215185667371,0.2951927780760395,0.0014314378025174,0.0004159623735276,0.0,0.4146423030874681
ABR,ABR251017C00011000,Call,2025-10-17,11.0,0.941152398773175,0.67,1.13,4,499,11.82,11.86,11.829999923706056,0.3505924316406249,2025-10-17,0.1505817932922655,11.687798930692717,-0.0606501984470156,,0.4238613418652991,0.2772468615312164,,0.7315584868346575,0.6686410418493448,0.2772468615312164,0.0115745933541136,0.0016398413330453,0.0,0.4146423030874681
ABR,ABR270115P00020000,Put,2027-01-15,20.0,1.9045021895263048,8.4,11.55,3,51,11.82,11.86,11.829999923706056,0.6748079394531252,2027-01-15,1.3963039014373717,10.50143187547318,0.6442206565952489,,0.9751315472730524,0.6256549496539627,,-0.6920715781279954,1.508902842269767,0.6256549496539627,0.5465749464025088,,0.0,0.4146423030874681
ABR,ABR270115P00030000,Put,2027-01-15,30.0,2.856753284289457,16.0,20.9,30,31,11.82,11.86,11.829999923706056,0.50586431640625,2027-01-15,1.3963039014373717,10.50143187547318,1.0496857647034137,,1.1537758106588505,0.4488133336956448,,-0.9567441325009022,1.0824108643853652,0.4488133336956448,0.2812622541725643,,0.0,0.4146423030874681
ABR,ABR250919C00014000,Call,2025-09-19,14.0,1.1899665049715145,0.02,0.04,19,7070,11.82,11.86,11.829999923706056,0.3945373046875,2025-09-19,0.0739219712525667,11.76503703382402,0.1739251596445405,0.3637072055760718,0.4186989391199704,0.3937565864427806,0.0549917335438985,0.0580824231011727,0.9496295566343078,0.3937565864427806,0.0114611765445884,0.0,,0.4146423030874681
ABR,ABR260116P00007500,Put,2026-01-16,7.5,0.6555795143060962,0.11,0.24,12,20754,11.82,11.86,11.829999923706056,0.57617611328125,2026-01-16,0.3997262149212868,11.44025985610371,-0.4222356798457926,0.4886076699498103,0.6095684471637818,0.5538891600111427,0.1209607772139714,-0.0836660692092885,1.3358240485517967,0.5538891600111427,0.122633285230297,,0.0,0.4146423030874681
ABR,ABR270115P00008000,Put,2027-01-15,8.0,0.7618008758105219,0.52,0.88,92,996,11.82,11.86,11.829999923706056,0.5063525927734375,2027-01-15,1.3963039014373717,10.50143187547318,-0.2720700752789061,0.3433276602036392,0.4511739365429473,0.3982961921136607,0.1078462763393081,-0.207994504805778,0.9605778019944116,0.3982961921136607,0.2215094507669911,,0.0105536846626117,0.4146423030874681
ABR,ABR251017P00009000,Put,2025-10-17,9.0,0.7700337808144159,0.04,0.07,110,1698,11.82,11.86,11.829999923706056,0.4882863671875,2025-10-17,0.1505817932922655,11.687798930692717,-0.2613208939091668,0.4240864586017889,0.4818053268761566,0.4549591377178063,0.0577188682743676,-0.0583873186498304,1.097232806035793,0.4549591377178063,0.0311685966724466,,0.0087535574932862,0.4146423030874681
ABR,ABR251219P00010000,Put,2025-12-19,10.0,0.8683674658807089,0.3,0.47,33,503,11.82,11.86,11.829999923706056,0.4687553125,2025-12-19,0.3230663928815879,11.515862112427111,-0.1411403061193436,0.3525667390751926,0.439514812508832,0.3969564127036897,0.0869480734336394,-0.2301468431445592,0.9573466328638264,0.3969564127036897,0.0509069909465206,,0.0,0.4146423030874681
ABR,ABR260821C00015000,Call,2026-08-21,15.0,1.379827395794759,0.21,0.38,111,3780,11.82,11.86,11.829999923706056,0.2719799365234374,2026-08-21,0.9938398357289528,10.870924903879178,0.3219584158354753,0.2802513751152104,0.3411243561082356,0.3122632939391367,0.0608729809930251,0.189812254124952,0.7530907763486577,0.3122632939391367,0.0969076971971095,0.0076952776639258,,0.4146423030874681
ABR,ABR251121P00008000,Put,2025-11-21,8.0,0.6901332692784591,0.12,0.2,15,1740,11.82,11.86,11.829999923706056,0.63086306640625,2025-11-21,0.2464065708418891,11.59196398162934,-0.3708705561588854,0.5710762842653005,0.6607728788379252,0.6182834354166767,0.0896965945726246,-0.086622602372312,1.4911248341350518,0.6182834354166769,0.0941949256289071,,0.0126016607334615,0.4146423030874681
ABR,ABR251219P00011000,Put,2025-12-19,11.0,0.9552042124687798,0.58,0.74,18,44,11.82,11.86,11.829999923706056,0.424810439453125,2025-12-19,0.3230663928815879,11.515862112427111,-0.0458301263150187,0.3218343925471392,0.3874081787946452,0.3546849023643416,0.0655737862475059,-0.3714057260386997,0.855399701678585,0.3546849023643416,0.040642198044884,,0.0,0.4146423030874681
ABR,ABR260116P00020000,Put,2026-01-16,20.0,1.7482120381495898,9.05,12.05,3,87,11.82,11.86,11.829999923706056,1.4492215039062502,2026-01-16,0.3997262149212868,11.44025985610371,0.5585935731659337,0.8648659587894936,1.9792679142953769,1.44797368316383,1.1144019555058833,-0.5605806767559438,3.492103126917039,1.44797368316383,0.8380770894502778,0.0,0.0,0.4146423030874681
ABR,ABR250829P00012000,Put,2025-08-29,12.0,1.0149450324171712,0.25,0.32,177,60,11.82,11.86,11.829999923706056,0.3203192968749999,2025-08-29,0.0164271047227926,11.823300392358254,0.0148344557732833,0.2381201387880955,0.3624178936407981,0.3012598236723945,0.1242977548527025,-0.6424022752893231,0.7265535171621027,0.3012598236723945,0.0014908826506631,0.0004159623735276,0.0,0.4146423030874681
ABR,ABR250919P00011000,Put,2025-09-19,11.0,0.9349736824776184,0.11,0.17,40,1549,11.82,11.86,11.829999923706056,0.36914693359375,2025-09-19,0.0739219712525667,11.76503703382402,-0.0672368971723476,0.3040407817287543,0.3681794566880466,0.3369392794674823,0.0641386749592923,-0.2177663069628337,0.8126022766094987,0.3369392794674823,0.0083922193218283,0.0,0.0,0.4146423030874681
ABR,ABR251219C00014000,Call,2025-12-19,14.0,1.2157144522329926,0.13,0.2,97,2037,11.82,11.86,11.829999923706056,0.304694453125,2025-12-19,0.3230663928815879,11.515862112427111,0.1953319305018693,0.2976040309549512,0.3417880547456284,0.3205714312138907,0.0441840237906772,0.1633174671293287,0.7731276544310212,0.3205714312138907,0.0332002546645903,0.0,,0.4146423030874681
ABR,ABR250926C00011500,Call,2025-09-26,11.5,0.9790833913757292,0.51,0.74,60,1150,11.82,11.86,11.829999923706056,0.3828186718749999,2025-09-26,0.0930869267624914,11.74567978713348,-0.0211384599201807,0.2662162787045899,0.4331217528588811,0.3500545327426247,0.1669054741542912,0.599217697163198,0.8442325593314615,0.3500545327426247,0.0114067022050221,0.0010542301587156,,0.4146423030874681
ABR,ABR250905P00012000,Put,2025-09-05,12.0,1.0166176934913609,0.29,0.38,2,188,11.82,11.86,11.829999923706056,0.2968820312499999,2025-09-05,0.0355920602327173,11.80384728381867,0.0164811304546163,0.1955641393614212,0.3029017543947805,0.2499707361728924,0.1073376150333592,-0.6277498341346774,0.602858739476376,0.2499707361728924,0.0022239830150763,,0.0,0.4146423030874681
ABR,ABR270115P00010000,Put,2027-01-15,10.0,0.9522510947631524,1.13,1.62,5,1144,11.82,11.86,11.829999923706056,0.4780325634765625,2027-01-15,1.3963039014373717,10.50143187547318,-0.0489265239646964,0.2987830020260199,0.4096065633836434,0.3540657513159502,0.1108235613576235,-0.3721617056774952,0.8539064844072619,0.3540657513159502,0.1750442263929184,0.0017724757824132,0.0,0.4146423030874681
ABR,ABR260116C00015000,Call,2026-01-16,15.0,1.3111590286121924,0.09,0.14,28,6629,11.82,11.86,11.829999923706056,0.30664755859375,2026-01-16,0.3997262149212868,11.44025985610371,0.2709115007141527,0.3051764140825512,0.3423686730762516,0.3246998369393054,0.0371922589937004,0.1117978984196665,0.7830842017844245,0.3246998369393054,0.0421431284868667,0.0123668412189606,,0.4146423030874681
ABR,ABR251219C00013000,Call,2025-12-19,13.0,1.1288777056449215,0.29,0.4,66,942,11.82,11.86,11.829999923706056,0.3037179003906249,2025-12-19,0.3230663928815879,11.515862112427111,0.1212239583481473,0.3009308252266763,0.350991696109079,0.3263660336584452,0.0500608708824027,0.2874885841510919,0.7871025971742176,0.3263660336584452,0.0344113483237825,0.0,0.0031454125088494,0.4146423030874681
ABR,ABR251017P00011000,Put,2025-10-17,11.0,0.941152398773175,0.22,0.28,214,334,11.82,11.86,11.829999923706056,0.33789724609375,2025-10-17,0.1505817932922655,11.687798930692717,-0.0606501984470156,0.2795330335326654,0.3190484261371462,0.2994669914824269,0.0395153926044807,-0.2809520522954414,0.7222297128213058,0.2994669914824269,0.0135042473492525,0.0016398413330453,0.0,0.4146423030874681
ABR,ABR270115P00012000,Put,2027-01-15,12.0,1.1427013137157829,2.08,2.63,1,291,11.82,11.86,11.829999923706056,0.4575249560546875,2027-01-15,1.3963039014373717,10.50143187547318,0.1333950328292583,0.2512321087624859,0.3713610915856367,0.311889557104227,0.1201289828231508,-0.5705119118106523,0.7521894287723809,0.311889557104227,0.13582559582106,0.0108716684113871,0.0,0.4146423030874681
ABR,ABR260116P00010000,Put,2026-01-16,10.0,0.8741060190747949,0.38,0.53,630,6214,11.82,11.86,11.829999923706056,0.4482477050781249,2026-01-16,0.3997262149212868,11.44025985610371,-0.1345536073940116,0.3472203023855859,0.4139028973401509,0.3809998946132376,0.066682594954565,-0.2485605724295074,0.9188640227402612,0.3809998946132376,0.0580246249842944,0.0,0.0,0.4146423030874681
ABR,ABR250905C00011500,Call,2025-09-05,11.5,0.9742586229292208,0.44,0.52,26,90,11.82,11.86,11.829999923706056,0.3476627734374999,2025-09-05,0.0355920602327173,11.80384728381867,-0.0260784839641796,0.2977868778174939,0.3968936804386971,0.3479064928126727,0.0991068026212032,0.6664532247367989,0.8390520943524724,0.3479064928126727,0.0043080248066688,0.0006188236586285,0.0,0.4146423030874681
ABR,ABR250919C00013000,Call,2025-09-19,13.0,1.104968897473549,0.05,0.07,87,9303,11.82,11.86,11.829999923706056,0.3007882421875,2025-09-19,0.0739219712525667,11.76503703382402,0.0998171874908184,0.2940731390733802,0.3243896720633967,0.3097539309031973,0.0303165329900165,0.1264946630464302,0.7470389021977221,0.3097539309031973,0.007092628167473,0.0,,0.4146423030874681
ABR,ABR251121P00017000,Put,2025-11-21,17.0,1.4665331972167257,5.8,7.0,10,187,11.82,11.86,11.829999923706056,1.123051259765625,2025-11-21,0.2464065708418891,11.59196398162934,0.3829012462174948,0.777689998106899,1.3734983741792783,1.0949101533988552,0.5958083760723794,-0.6674013270322752,2.640613717524827,1.094910153398856,0.295399156636363,0.0,0.0153486366534373,0.4146423030874681
ABR,ABR251121P00012000,Put,2025-11-21,12.0,1.035199903917689,0.86,1.13,5,2274,11.82,11.86,11.829999923706056,0.437505625,2025-11-21,0.2464065708418891,11.59196398162934,0.034594551949279,0.2761921030006443,0.3960544403630288,0.3363230914372822,0.1198623373623845,-0.5492404010012883,0.8111162053002957,0.336323091437282,0.0278718411089766,0.0,0.0,0.4146423030874681
ABR,ABR251121C00013000,Call,2025-11-21,13.0,1.121466562577496,0.27,0.35,45,2920,11.82,11.86,11.829999923706056,0.3232489550781249,2025-11-21,0.2464065708418891,11.59196398162934,0.1146372596228153,0.3225715842669147,0.3644416184817024,0.3437909862915333,0.0418700342147877,0.2787972231925901,0.8291266562326883,0.3437909862915333,0.0291233451142435,0.0,,0.4146423030874681
ABR,ABR260821C00013000,Call,2026-08-21,13.0,1.1958504096887914,0.7,0.93,7,6192,11.82,11.86,11.829999923706056,0.2919992675781249,2026-08-21,0.9938398357289528,10.870924903879178,0.178857572194802,0.3332726064964117,0.391627266395899,0.3627009034931887,0.0583546598994872,0.3768129982962168,0.8747320299749484,0.3627009034931887,0.1307415638009677,0.0106019012225354,0.0,0.4146423030874681
ABR,ABR260116P00011000,Put,2026-01-16,11.0,0.9615166209822744,0.66,0.82,534,1256,11.82,11.86,11.829999923706056,0.4116269775390625,2026-01-16,0.3997262149212868,11.44025985610371,-0.0392434275896867,0.3093190139115289,0.3681562314004738,0.3387661883109367,0.0588372174889448,-0.3857872665570122,0.8170082642037481,0.3387661883109367,0.0458735918686852,0.0009255952883195,0.0,0.4146423030874681
ABR,ABR251121P00010000,Put,2025-11-21,10.0,0.8626665865980739,0.3,0.38,494,2480,11.82,11.86,11.829999923706056,0.483403603515625,2025-11-21,0.2464065708418891,11.59196398162934,-0.1477270048446755,0.4127255985728822,0.4608596869470768,0.4370932262412507,0.0481340883741946,-0.2149543084835368,1.0541452789226058,0.4370932262412506,0.047076095710715,,0.0,0.4146423030874681
ABR,ABR260116C00014000,Call,2026-01-16,14.0,1.223748426704713,0.21,0.26,14,2214,11.82,11.86,11.829999923706056,0.30274134765625,2026-01-16,0.3997262149212868,11.44025985610371,0.2019186292272013,0.3200914902253282,0.3454944859484726,0.3330135908698809,0.0254029957231444,0.1966190076570941,0.8031346256525889,0.3330135908698809,0.044328858449806,0.0,,0.4146423030874681
ABR,ABR251017P00010000,Put,2025-10-17,10.0,0.8555930897937954,0.1,0.12,90,996,11.82,11.86,11.829999923706056,0.39258419921875,2025-10-17,0.1505817932922655,11.687798930692717,-0.1559603782513405,0.3605462785552198,0.3822099499528035,0.3715622821975064,0.0216636713975836,-0.1242980139736004,0.8961031699631622,0.3715622821975064,0.0207891009592062,,0.0083337080528638,0.4146423030874681
ABR,ABR250829P00011500,Put,2025-08-29,11.5,0.9726556560664557,0.09,0.11,22,2009,11.82,11.86,11.829999923706056,0.3476627734374999,2025-08-29,0.0164271047227926,11.823300392358254,-0.0277251586455125,0.3589072569903778,0.3984516686450161,0.3788479408836006,0.0395444116546382,-0.2758320826620414,0.9136741187830112,0.3788479408836006,0.0023577127279136,0.0003767356715145,0.0,0.4146423030874681
ABR,ABR260821P00013000,Put,2026-08-21,13.0,1.1958504096887914,2.33,2.89,4,5193,11.82,11.86,11.829999923706056,0.4602104760742188,2026-08-21,0.9938398357289528,10.870924903879178,0.178857572194802,0.2193575625071083,0.3713444152035034,0.2989235641208335,0.1519868526963951,-0.674073545349778,0.7209191196725918,0.2989235641208335,0.0888048538775437,0.0106019012225354,0.0,0.4146423030874681
ABR,ABR250919P00010000,Put,2025-09-19,10.0,0.8499760749796531,0.05,0.06,234,1621,11.82,11.86,11.829999923706056,0.4492242578124999,2025-09-19,0.0739219712525667,11.76503703382402,-0.1625470769766725,0.4360055222763105,0.4569472553368319,0.4466959835316992,0.0209417330605213,-0.0808903022618088,1.0773044144448267,0.4466959835316992,0.0147501906803299,,0.0037294400628901,0.4146423030874681
ABR,ABR270115C00010000,Call,2027-01-15,10.0,0.9522510947631524,2.17,2.55,16,705,11.82,11.86,11.829999923706056,0.2841868457031249,2027-01-15,1.3963039014373717,10.50143187547318,-0.0489265239646964,0.42725271404749,0.5143758713254983,0.4706741084020784,0.0871231572780082,0.6428385945091039,1.1351328721102307,0.4706741084020784,0.3093289509192243,0.0017724757824132,0.0,0.4146423030874681
ABR,ABR251121C00012000,Call,2025-11-21,12.0,1.035199903917689,0.66,0.79,128,1718,11.82,11.86,11.829999923706056,0.366217275390625,2025-11-21,0.2464065708418891,11.59196398162934,0.034594551949279,0.3667872816157473,0.42419510769171,0.3955136712120556,0.0574078260759626,0.4688979080556482,0.9538671483035408,0.3955136712120556,0.038545642081882,0.0,0.0,0.4146423030874681
ABR,ABR270115P00015000,Put,2027-01-15,15.0,1.4283766421447286,4.15,4.65,1,127,11.82,11.86,11.829999923706056,0.446294599609375,2027-01-15,1.3963039014373717,10.50143187547318,0.356538584143468,,0.320265044929423,0.2380863056218056,,-0.8700526826170274,0.5741968531647428,0.2380863056218056,0.0791496108187989,0.0116504375557142,0.0,0.4146423030874681
ABR,ABR260116P00012500,Put,2026-01-16,12.5,1.0926325238434935,1.3,1.59,1,9024,11.82,11.86,11.829999923706056,0.3979552392578125,2026-01-16,0.3997262149212868,11.44025985610371,0.0885899439201982,0.2195287842916014,0.3318123446806152,0.2771545718332085,0.1122835603890138,-0.6620102682476934,0.6684184651915346,0.2771545718332085,0.0307048319683919,0.0118782072447895,0.0029103235800111,0.4146423030874681
ABR,ABR251121P00011000,Put,2025-11-21,11.0,0.9489332452578813,0.54,0.62,479,610,11.82,11.86,11.829999923706056,0.429693203125,2025-11-21,0.2464065708418891,11.59196398162934,-0.0524168250403507,0.3614954839147692,0.3992397050337279,0.380399588023252,0.0377442211189586,-0.3549447828397474,0.9174162529745726,0.3803995880232521,0.0356559786205157,0.0015912180269078,0.0,0.4146423030874681
ABR,ABR251219C00012000,Call,2025-12-19,12.0,1.042040959056851,0.68,0.79,55,1391,11.82,11.86,11.829999923706056,0.3203192968749999,2025-12-19,0.3230663928815879,11.515862112427111,0.0411812506746109,0.3423130177919377,0.3852214276783378,0.3637856441865999,0.0429084098864001,0.4618489206790594,0.8773481178302736,0.3637856441865999,0.0427546047915636,0.0,0.0013459589757993,0.4146423030874681
ABR,ABR251017C00012000,Call,2025-10-17,12.0,1.0267117077525545,0.44,0.51,23,1295,11.82,11.86,11.829999923706056,0.3144599804687499,2025-10-17,0.1505817932922655,11.687798930692717,0.026361178542614,0.3196813077345368,0.3589733871023993,0.3393477507365001,0.0392920793678625,0.4465651885414228,0.818410828344534,0.3393477507365001,0.0173405318990984,0.0,0.0025015270321771,0.4146423030874681
ABR,ABR260821P00010000,Put,2026-08-21,10.0,0.9198849305298396,1.01,1.16,13,1269,11.82,11.86,11.829999923706056,0.450200810546875,2026-08-21,0.9938398357289528,10.870924903879178,-0.083506692272689,0.3507863700914385,0.3901704849055848,0.3704874088959795,0.0393841148141463,-0.3406218560444751,0.8935108794671774,0.3704874088959795,0.1364153703343348,0.0057972047830042,0.0,0.4146423030874681
ABR,ABR260821P00008000,Put,2026-08-21,8.0,0.7359079444238716,0.51,0.59,15,5128,11.82,11.86,11.829999923706056,0.499028447265625,2026-08-21,0.9938398357289528,10.870924903879178,-0.3066502435868988,0.4238468311890525,0.4533268333772638,0.4386969145597836,0.0294800021882112,-0.1788288956464827,1.0580129217236218,0.4386969145597836,0.1912694285351718,,0.0,0.4146423030874681
ABR,ABR251121P00015000,Put,2025-11-21,15.0,1.2939998798971108,3.25,3.6,8,947,11.82,11.86,11.829999923706056,0.569340244140625,2025-11-21,0.2464065708418891,11.59196398162934,0.2577381032634888,,0.4851442902328951,0.3297319863227441,,-0.9322602407170318,0.7952203233185008,0.3297319863227441,0.0267901066458338,0.011096467985218,0.0047479745368556,0.4146423030874681
ABR,ABR251017P00012000,Put,2025-10-17,12.0,1.0267117077525545,0.59,0.65,20,1249,11.82,11.86,11.829999923706056,0.2988351367187499,2025-10-17,0.1505817932922655,11.687798930692717,0.026361178542614,0.2287900326345294,0.2630532173343838,0.2459660094029034,0.0342631846998544,-0.5903571413426517,0.5932004707947449,0.2459660094029034,0.0091100897412386,0.0,0.0025015270321771,0.4146423030874681
ABR,ABR250919P00012000,Put,2025-09-19,12.0,1.0199712899755835,0.46,0.5,4,644,11.82,11.86,11.829999923706056,0.305671005859375,2025-09-19,0.0739219712525667,11.76503703382402,0.019774479817282,0.2567028484904383,0.2889896612395036,0.272879645259018,0.0322868127490653,-0.5907344180731184,0.6581085509778641,0.272879645259018,0.0055044739808639,0.0,0.000294782073771,0.4146423030874681
ABR,ABR260116C00012500,Call,2026-01-16,12.5,1.0926325238434935,0.55,0.61,19,6367,11.82,11.86,11.829999923706056,0.2934640966796874,2026-01-16,0.3997262149212868,11.44025985610371,0.0885899439201982,0.3324970570382634,0.3546178774967222,0.3435850098510398,0.0221208204584588,0.3823912718470272,0.828629899295541,0.3435850098510398,0.0471879430887707,0.0118782072447895,0.0029103235800111,0.4146423030874681
ABR,ABR250919C00012000,Call,2025-09-19,12.0,1.0199712899755835,0.31,0.34,922,11110,11.82,11.86,11.829999923706056,0.3125068749999999,2025-09-19,0.0739219712525667,11.76503703382402,0.019774479817282,0.3244279195011367,0.3483568070904507,0.3364018766167123,0.023928887589314,0.4323200198584108,0.8113062128775338,0.3364018766167123,0.0083654702531516,0.0,0.000294782073771,0.4146423030874681
