Rank,Ticker,Company Name,Latest Close,Realised Volatility 30d (%),Realised Volatility 100d (%),Realised Volatility 100d 1d (%),Realised Volatility 100d 1w (%),Min Realised Volatility 100d (1y),Max Realised Volatility 100d (1y),Mean Realised Volatility 100d (1y),Rvol 100d Percentile (%),Rvol 100d Z-Score Percentile (%),Realised Volatility 180d (%),Realised Volatility 252d (%),Weighted IV (%),Weighted IV 1d (%),Weighted IV 1w (%),Weighted IV 3m (%),Weighted IV 3m 1d (%),Weighted IV 3m 1w (%),ATM IV 3m (%),ATM IV 3m 1d (%),ATM IV 3m 1w (%),Rvol100d - Weighted IV,Volume,Volume 1d (%),Volume 1w (%),Open Interest,OI 1d (%),OI 1w (%)
274,ASND,Ascendis Pharma A/S,203.67,33.36,35.99,0.44,-2.3,35.99,50.6,44.89,0.0,1.88,43.13,43.92,62.64,11.49,17.43,59.66,,,,,,-26.64,"1,184",-1.82,-37.22,"9,923",0.19,13.02
57,PEP,"PepsiCo, Inc.",143.09,21.67,23.7,-0.92,-1.59,16.88,25.59,22.94,50.33,63.76,24.0,21.76,34.15,21.26,33.08,22.04,,,22.04,-11.19,9.3,-10.45,"25,502",-51.12,-55.22,"504,756",2.48,1.38
79,ON,ON Semiconductor Corporation,48.65,59.43,56.26,0.52,-16.03,39.87,73.75,61.33,32.45,33.31,62.78,56.85,100.57,-9.91,67.81,,,,,,,-44.31,"18,572",59.68,24.07,"333,327",0.71,5.96
78,WDC,Western Digital Corporation,95.21,40.31,33.3,0.58,-15.15,33.27,61.19,51.97,0.66,2.17,50.22,46.62,38.47,-33.87,-8.52,40.97,,,,,,-5.17,"27,988",5.92,33.51,"334,213",2.55,25.39
163,EXPE,"Expedia Group, Inc.",217.66,31.45,32.18,0.33,-25.66,25.76,55.96,47.0,2.65,3.25,45.68,40.86,32.11,-59.7,-38.05,,,,,,,0.07,"4,492",-13.96,-34.1,"68,109",1.21,1.84
112,STX,Seagate Technology Holdings plc,191.33,36.33,36.93,0.17,-10.91,30.06,54.69,45.67,27.81,18.18,45.75,41.52,68.3,68.99,67.0,92.27,,,,,,-31.37,"13,064",-21.41,-29.88,"158,255",2.71,7.75
366,MLAB,"Mesa Laboratories, Inc.",,,,,,,,,,,,,,,,,,,,,,,N/A,,,N/A,,
191,RPD,"Rapid7, Inc.",20.42,54.15,42.84,0.14,-7.34,28.96,49.55,40.82,46.36,62.86,42.99,40.89,51.05,1.6,-9.62,53.18,,,55.63,,,-8.21,"9,013",-27.11,4.41,"42,414",12.72,15.35
246,GCI,"Gannett Co., Inc.",4.18,48.47,50.89,0.45,-6.93,49.64,64.79,59.66,2.65,0.51,54.8,59.94,68.59,-19.07,21.8,138.94,,,,,,-17.7,"1,514",0.0,72.05,"15,500",-0.03,6.07
224,KPTI,Karyopharm Therapeutics Inc.,6.36,116.04,106.8,0.51,0.04,79.31,112.89,99.5,82.12,78.32,106.4,98.15,289.62,5.58,13.18,360.41,,,,,,-182.81,721,-6.0,-39.1,"21,877",1.88,2.85
116,SPOT,Spotify Technology S.A.,714.77,50.09,43.55,-0.47,-6.08,32.92,54.95,49.03,16.56,15.56,48.83,44.78,41.3,-20.03,-2.32,45.01,,,44.61,,-2.08,2.24,"13,505",-32.43,-14.53,"147,310",2.17,2.53
289,SPB,"Spectrum Brands, Inc.",55.5,41.26,38.11,0.33,-5.55,21.55,42.99,34.14,60.26,74.13,36.62,33.29,41.74,-59.46,7.2,,,,,,,-3.63,779,0.0,0.26,"6,736",0.04,0.31
61,UPST,"Upstart Holdings, Inc.",68.07,85.55,72.32,0.51,-8.0,72.32,112.94,96.36,1.32,0.26,88.35,92.51,78.57,-6.47,1.55,75.37,,,75.37,-2.04,,-6.25,"32,550",-65.07,-66.99,"426,761",7.43,5.28
346,CNMD,CONMED Corporation,53.67,39.4,44.05,-1.15,-8.69,34.37,51.3,44.84,41.06,44.35,44.23,42.24,66.75,-1.65,32.07,57.22,,,49.18,7.89,,-22.7,188,1.62,9.3,978,1.03,5.73
206,CDLX,"Cardlytics, Inc.",0.97,125.17,126.39,0.07,-0.98,82.31,134.37,105.41,80.79,90.76,116.09,107.82,185.21,0.77,30.81,175.52,,,,,,-58.82,"1,386",11.77,41.0,"35,071",1.29,2.37
281,ARAY,Accuray Incorporated,1.62,64.09,63.84,1.01,-0.76,58.12,68.97,63.25,51.66,60.28,62.22,63.83,111.39,22.96,22.45,89.59,,,,,,-47.55,400,-19.52,-50.5,"8,093",2.62,16.82
193,MODG,Topgolf Callaway Brands Corp.,9.31,75.92,70.16,0.45,-3.1,49.71,78.0,64.09,60.93,75.46,68.03,63.07,66.14,-1.0,-13.26,67.41,,,,,,4.01,725,-9.26,-26.1,"41,622",-0.32,1.35
3,AMD,"Advanced Micro Devices, Inc.",153.75,46.32,44.89,0.57,-20.8,40.27,62.51,54.71,32.45,13.46,54.4,51.24,75.93,35.29,55.94,79.34,,,,,,-31.04,"334,685",-40.94,-34.35,"3,942,288",2.82,7.11
168,APLS,"Apellis Pharmaceuticals, Inc.",26.82,64.18,56.32,0.32,-0.16,52.49,63.18,56.24,59.6,51.16,57.19,56.3,100.32,2.29,89.64,,,,,,,-44.0,"5,826",1.18,-5.02,"63,471",2.23,2.74
2,NIO,NIO Inc.,6.12,84.99,63.07,0.56,0.2,58.47,68.69,64.17,29.8,33.32,64.77,68.39,87.88,-11.81,-23.69,72.51,,,72.51,,-8.1,-24.8,"98,415",-49.6,-76.11,"4,343,121",1.49,-0.77
201,NOG,"Northern Oil and Gas, Inc.",25.08,49.45,46.83,0.53,-19.13,34.1,67.76,55.59,31.79,24.27,56.17,51.43,53.23,-10.13,-0.07,58.52,,,,,,-6.39,"2,515",-12.61,-0.44,"37,419",1.33,3.06
25,U,Unity Software Inc.,45.13,62.0,62.48,0.37,-7.72,61.1,87.06,77.87,5.96,1.75,76.43,72.98,83.8,5.89,17.61,83.46,,,,,,-21.32,"45,679",-73.46,-36.94,"1,069,551",3.58,8.74
27,BA,Boeing Company (The),228.96,25.98,27.54,-0.51,-22.63,27.54,47.78,41.07,0.66,3.1,38.91,36.99,34.08,-19.59,9.29,33.02,,,32.59,,4.05,-6.53,"24,354",-60.09,-69.93,"1,053,255",1.64,2.84
45,XYZ,"Block, Inc. (formerly Square; ticker often stylized, but XYZ may be a placeholder)",75.64,37.05,55.13,0.51,-6.96,45.08,71.73,62.38,10.6,16.04,59.65,55.92,51.98,-12.72,-20.11,46.1,,,45.36,-8.65,-6.74,3.15,"16,426",-26.74,-76.27,"683,062",0.64,1.31
288,AEIS,"Advanced Energy Industries, Inc.",154.15,42.4,37.63,0.55,-22.9,35.19,63.68,53.03,6.62,5.04,51.79,46.65,42.83,27.08,-10.22,51.51,,,,,,-5.2,"1,077",-2.27,-73.53,"6,848",1.18,39.41
207,DAY,"Dayforce, Inc.",69.0,73.57,50.46,0.49,-7.64,28.84,57.91,42.14,89.4,88.7,48.1,43.78,25.1,-29.84,-30.77,16.15,,,,,,25.36,"1,112",-13.4,-57.03,"33,766",0.05,1.1
173,HOUS,Anywhere Real Estate Inc.,6.24,70.67,62.6,1.14,-3.22,59.48,67.86,64.28,25.17,21.02,65.73,63.76,72.4,32.91,0.99,72.8,,,73.43,,5.38,-9.8,"1,639",25.59,21.59,"58,533",0.95,1.31
282,BL,"BlackLine, Inc.",54.72,32.68,30.4,-0.0,-8.16,29.28,48.0,41.27,4.64,3.33,39.97,36.84,64.66,15.48,2.8,91.52,,,43.34,-24.19,-17.09,-34.26,"1,269",5.4,-19.84,"7,837",0.8,9.62
307,MKSI,"MKS Instruments, Inc.",108.97,49.44,50.78,0.23,-21.36,42.87,79.69,66.69,27.81,13.68,65.1,60.05,45.34,-3.59,3.81,44.4,,,,,,5.43,643,-72.91,48.5,"3,968",63.56,67.28
24,COIN,"Coinbase Global, Inc.",312.2,67.21,72.81,0.65,-4.82,72.67,97.63,84.41,1.99,4.08,76.45,83.63,121.28,108.44,89.49,112.13,,,,,,-48.47,"96,498",-49.04,-35.11,"1,297,712",2.98,4.48
216,QD,Qudian Inc.,4.12,74.46,52.22,0.65,0.53,48.3,75.06,60.2,23.84,19.39,56.47,62.13,82.13,9.09,-1.85,94.24,,,,,,-29.91,250,-0.4,-56.6,"29,715",0.16,0.64
132,PR,Permian Resources Corporation,13.86,34.61,36.67,0.51,-19.46,30.55,58.71,49.25,29.14,12.4,48.22,44.3,40.87,0.8,5.97,37.58,,,37.58,5.51,,-4.19,"1,583",7.83,-20.85,"101,078",0.3,1.89
157,DBX,"Dropbox, Inc.",30.83,23.96,21.79,1.0,-15.05,21.56,41.58,35.14,1.99,2.17,33.34,31.41,51.58,67.91,39.36,,,,,,,-29.78,"3,559",-9.67,-18.98,"74,879",-0.34,9.38
181,MOMO,Hello Group Inc.,7.86,26.26,38.17,1.58,3.39,36.94,46.09,42.68,3.97,2.15,40.28,41.7,84.22,43.78,-12.18,,,,,,,-46.05,"2,202",-68.1,67.33,"49,748",6.41,10.89
350,IIIV,"i3 Verticals, Inc.",30.76,41.99,38.31,0.46,-1.35,32.11,40.57,36.46,78.15,83.06,36.97,36.09,56.51,53.03,63.57,,,,,,,-18.2,33,0.0,-29.79,730,0.69,1.11
222,RNG,"RingCentral, Inc.",31.55,85.67,54.27,0.92,-5.57,39.07,60.78,45.84,86.09,92.09,51.32,48.36,89.75,-14.46,-34.21,55.01,,,,,,-35.48,"2,543",-16.32,4.69,"25,333",-0.0,2.12
62,SATS,EchoStar Corporation,81.0,180.02,137.16,0.51,1.62,43.72,137.16,75.42,99.34,98.43,108.44,96.95,216.86,151.33,118.99,197.26,,,,,,-79.71,"66,174",-44.29,-14.4,"421,519",3.04,16.23
272,GTLS,"Chart Industries, Inc.",199.34,42.65,48.44,0.44,-10.48,41.0,72.85,62.87,13.25,7.69,60.53,55.73,47.39,34.93,9.99,61.66,,,,,,1.04,"1,807",-0.06,-38.68,"10,247",0.69,24.19
293,QTWO,"Q2 Holdings, Inc.",84.11,48.01,40.25,0.25,-7.36,38.51,49.99,44.91,17.22,8.28,44.34,42.53,36.09,-44.54,-6.7,37.06,,,37.06,,-10.55,4.16,912,-1.83,5.07,"5,781",0.49,69.83
59,NCLH,Norwegian Cruise Line Holdings Ltd.,25.46,46.15,44.96,1.19,-15.89,41.61,63.78,55.49,26.49,10.45,54.52,51.57,44.79,-21.26,-51.18,44.46,,,,,,0.16,"16,413",-29.73,-7.74,"452,403",2.43,3.16
366,PEGA,"Pegasystems, Inc.",,,,,,,,,,,,,,,,,,,,,,,N/A,,,N/A,,
190,BURL,"Burlington Stores, Inc.",290.25,32.47,36.99,0.5,-8.99,27.45,51.23,42.77,23.33,22.35,42.27,38.81,55.82,60.28,53.22,35.28,,,35.28,2.81,11.03,-18.82,"5,794",-19.81,1.03,"43,259",3.05,2.4
108,FLR,Fluor Corporation,40.37,98.4,64.91,0.53,-3.42,48.42,71.26,55.77,84.11,91.04,62.08,57.36,57.75,19.32,2.83,56.29,,,,,,7.17,"5,602",8.21,-60.83,"166,713",0.21,8.58
38,PANW,"Palo Alto Networks, Inc.",196.9,36.89,33.64,0.1,-14.14,30.36,43.2,38.28,25.83,14.8,37.96,35.75,67.79,2.0,65.75,43.26,,,40.07,,16.18,-34.15,"22,630",-57.53,-62.93,"779,161",0.49,-1.56
337,NMFC,New Mountain Finance Corporation,10.51,13.54,17.42,-0.07,-25.78,13.99,29.08,23.88,28.48,14.97,23.16,21.0,87.82,21.07,85.14,82.27,,,,,,-70.4,512,0.0,0.0,"1,368",0.74,2.32
158,LITE,Lumentum Holdings Inc.,152.35,43.18,42.35,0.55,-19.82,42.32,88.98,75.53,1.99,0.13,71.41,66.28,74.74,11.94,-4.57,88.19,,,,,,-32.39,"7,480",3.07,4.06,"74,635",2.89,9.42
152,CSIQ,Canadian Solar Inc.,11.02,91.82,83.91,-0.38,-5.77,61.99,92.35,82.77,39.74,57.47,80.7,83.94,92.22,2.53,1.02,,,,,,,-8.32,"6,609",-12.82,-23.34,"79,847",2.23,3.86
107,BILL,"BILL Holdings, Inc.",50.89,69.01,49.07,0.31,-7.21,46.48,89.54,75.32,5.3,6.53,74.19,68.56,47.56,-15.22,-40.51,51.81,,,,,,1.51,"8,920",-22.86,-35.28,"171,924",2.45,3.02
292,GKOS,Glaukos Corporation,90.79,43.43,42.1,0.38,-8.76,34.44,68.33,58.08,10.6,5.61,55.83,51.31,58.92,-14.61,-3.7,48.41,,,48.41,-2.14,-2.53,-16.81,391,-47.16,-60.7,"5,815",-2.29,8.49
145,SSRM,SSR Mining Inc.,20.92,56.31,53.19,0.82,-1.76,51.44,60.43,56.64,7.28,4.82,53.92,56.32,205.61,150.67,46.71,138.99,,,,,,-152.42,"3,016",-11.27,-35.9,"88,108",0.54,7.44
169,WB,Weibo Corporation,12.16,49.66,37.53,2.83,-3.38,36.53,57.77,45.41,3.31,5.17,42.76,48.99,83.27,4.8,-13.82,,,,,,,-45.74,"2,372",109.54,78.61,"62,125",0.35,3.37
240,WEC,"WEC Energy Group, Inc.",107.39,12.55,15.42,0.48,-2.34,15.42,20.63,18.38,0.66,1.18,17.83,16.9,14.99,-5.9,-6.4,13.78,,,,,,0.43,456,-2.15,-15.87,"17,652",0.22,3.95
233,REXR,"Rexford Industrial Realty, Inc.",42.78,29.02,25.7,0.39,-12.54,25.34,35.51,32.22,5.3,1.89,31.25,30.86,36.91,-32.56,-16.11,27.62,,,31.83,8.0,-15.32,-11.21,606,-14.41,-21.81,"19,874",0.71,7.46
35,DIS,Walt Disney Company (The),118.28,19.32,25.5,0.63,-22.11,20.02,40.12,33.11,30.46,15.74,31.69,29.23,34.91,-11.11,-8.83,48.7,,,28.24,-1.06,,-9.41,"11,829",-61.67,-62.43,"835,768",0.94,1.18
277,INSG,Inseego Corp.,12.9,84.48,69.82,0.32,-2.62,63.64,107.93,80.78,37.09,26.63,69.54,86.98,92.49,19.21,12.29,39.89,,,,,,-22.67,659,7.68,-45.31,"8,840",0.23,7.0
42,TGT,Target Corporation,90.82,31.4,32.75,-0.32,-11.84,32.75,53.92,42.58,0.66,1.08,36.23,41.11,43.34,-4.13,5.31,57.69,,,,,,-10.59,"53,372",-40.21,-53.05,"736,815",2.98,9.46
353,MCS,Marcus Corporation (The),15.8,39.93,35.08,0.55,-5.21,31.5,41.47,37.68,19.21,17.78,37.06,36.48,84.65,-10.51,17.67,64.26,,,,,,-49.58,366,-10.51,-10.51,570,-0.18,0.0
82,ABNB,"Airbnb, Inc.",124.4,36.18,30.51,0.33,-20.83,30.51,49.64,43.7,0.66,0.79,41.7,39.29,42.66,5.82,-11.2,36.16,,,36.16,0.02,58.55,-12.15,"12,452",-56.96,-33.28,"323,149",2.66,6.6
53,MP,MP Materials Corp.,63.64,51.7,101.79,-0.81,-5.17,59.08,111.58,83.14,72.19,84.7,91.65,83.06,85.44,8.85,11.32,84.2,,,,,,16.36,"25,144",-58.84,-56.49,"576,858",15.14,16.69
197,CNP,"CenterPoint Energy, Inc.",37.53,13.56,16.23,0.63,-1.5,16.21,19.67,18.44,1.32,0.18,17.57,17.99,23.16,-4.89,-0.53,23.49,,,20.16,-6.76,-6.77,-6.94,"2,268",-3.74,74.6,"38,907",0.72,20.96
141,CYTK,"Cytokinetics, Incorporated",50.93,109.42,73.06,0.37,-0.19,37.36,73.57,54.26,97.35,99.73,66.45,59.74,67.98,-0.49,-6.02,49.96,,,,,,5.07,"2,408",-12.31,-85.28,"91,184",0.63,7.0
15,SMCI,"Super Micro Computer, Inc.",42.05,70.55,75.83,0.98,-4.84,75.45,148.74,112.34,1.99,4.62,93.26,110.99,69.08,-12.01,-28.93,89.74,,,,,,6.75,"108,998",-64.8,-52.87,"2,363,257",3.46,1.25
65,ENVX,Enovix Corporation,9.19,74.04,78.63,0.63,-8.26,78.45,97.31,90.72,1.99,0.35,89.51,89.4,117.69,10.91,5.74,104.98,,,,,,-39.07,"10,781",-35.86,-53.06,"398,032",1.39,141.19
211,PRCH,"Porch Group, Inc.",18.85,79.48,110.74,0.55,-1.98,110.69,181.31,145.79,0.66,3.99,121.99,140.58,126.58,20.75,28.97,122.69,,,,,,-15.84,"2,773",-28.73,-72.7,"31,679",3.2,58.27
183,CRNC,Cerence Inc.,9.4,102.33,92.75,0.47,-4.54,90.76,216.02,150.98,5.96,13.49,142.56,154.26,87.27,9.22,-0.65,98.1,,,,,,5.48,"2,731",-19.94,-52.45,"48,485",0.79,26.13
148,LYV,"Live Nation Entertainment, Inc.",169.43,24.57,24.7,0.51,-14.34,21.42,37.97,32.46,13.25,6.76,31.41,29.37,34.91,-38.87,30.77,28.59,,,29.43,-4.33,14.75,-10.21,"3,882",-10.35,-55.49,"86,903",3.86,5.45
133,GPRE,"Green Plains, Inc.",10.11,90.32,74.42,-0.73,-2.87,57.89,89.19,78.0,28.48,29.2,81.17,75.51,86.52,-11.44,0.05,91.68,,,,,,-12.11,"4,180",-16.0,4.87,"98,660",4.32,9.75
126,CNK,"Cinemark Holdings, Inc.",26.92,30.55,29.84,0.7,1.02,27.37,39.22,34.7,11.92,8.02,33.76,32.86,36.77,-17.91,7.11,40.27,,,38.69,-8.66,14.18,-6.93,"16,553",-21.54,28.83,"112,752",1.14,4.59
316,CHEF,"Chefs' Warehouse, Inc. (The)",64.98,37.41,34.6,0.17,-4.59,27.55,41.1,36.31,22.52,27.99,36.55,34.87,42.41,12.75,17.06,43.07,,,,,,-7.81,948,0.0,-1.96,"3,029",0.33,2.19
313,BAND,Bandwidth Inc.,15.55,71.2,53.32,0.33,-5.51,44.53,58.92,49.39,80.79,82.27,51.11,49.94,212.73,194.56,225.84,261.19,,,,,,-159.41,617,0.33,36.5,"3,120",0.16,0.52
335,TTGT,"TechTarget, Inc.",5.58,63.96,81.11,0.81,-2.92,59.62,99.25,80.26,48.34,52.58,79.83,76.29,236.72,2.06,-0.88,79.02,,,,,,-155.61,235,0.0,11.9,"1,447",1.33,2.48
50,PTON,"Peloton Interactive, Inc.",7.95,80.1,72.46,0.62,-4.94,72.38,90.47,82.69,2.65,0.18,78.32,82.07,94.18,54.86,-31.92,83.31,,,,,,-21.72,"12,620",-33.78,-25.62,"612,441",1.22,4.02
119,DUK,Duke Energy Corporation,120.35,12.74,16.04,0.51,-1.61,16.04,21.33,19.12,1.32,0.33,17.91,17.87,21.96,28.86,43.14,13.41,,,13.41,-39.17,-4.81,-5.91,"11,061",3.43,-16.98,"138,230",0.5,2.16
71,ETSY,"Etsy, Inc.",58.2,60.45,48.63,0.5,0.77,37.29,51.84,45.63,85.33,81.86,48.64,46.16,76.62,-13.63,37.13,56.68,,,53.47,,,-28.0,"20,312",-56.67,-64.95,"354,398",3.92,2.26
252,EZPW,"EZCORP, Inc.",17.06,32.86,30.84,0.38,0.34,22.46,34.13,29.47,58.94,68.82,30.73,29.11,48.06,-2.31,38.2,55.82,,,,,,-17.22,"1,433",-5.66,-23.86,"13,911",0.13,3.4
66,IBM,International Business Machines Corporation,257.14,21.67,26.17,0.46,-6.53,25.86,36.0,31.9,1.32,1.71,31.07,28.92,28.14,-3.92,-2.55,27.21,,,28.63,9.1,-2.85,-1.97,"23,455",-61.16,-33.65,"391,657",2.22,-0.32
248,MTN,"Vail Resorts, Inc.",148.41,25.45,29.76,0.97,-9.56,28.91,40.51,36.13,2.65,1.94,34.97,33.43,44.61,30.43,39.13,86.28,,,,,,-14.85,"1,318",-22.29,39.47,"14,754",2.54,6.82
99,HLF,Herbalife Ltd.,9.59,55.62,64.13,0.82,-1.51,47.57,84.93,73.82,13.25,17.14,73.21,68.03,64.69,-6.11,-5.51,65.74,,,,,,-0.57,"31,381",-2.23,373.39,"211,122",0.47,9.5
366,VRM,"Vroom, Inc.",,,,,,,,,,,,,,,,,,,,,,,N/A,,,N/A,,
205,VRNT,Verint Systems Inc.,20.32,42.43,49.94,0.46,-5.25,47.05,61.6,53.85,34.44,22.17,50.66,51.18,59.52,30.58,65.35,124.01,,,,,,-9.58,"2,632",0.34,-16.68,"35,072",0.04,3.06
70,SEDG,"SolarEdge Technologies, Inc.",30.28,86.81,125.97,0.61,-5.24,100.1,136.31,117.33,62.25,74.93,115.97,115.35,133.67,-2.78,-20.16,92.41,,,96.25,,-4.47,-7.7,"10,570",-57.44,-37.57,"358,789",1.93,0.63
345,OMCL,"Omnicell, Inc.",32.29,30.85,44.41,0.46,-3.13,38.75,62.88,50.42,18.54,19.66,43.35,51.07,119.09,168.65,158.62,85.5,,,88.24,73.34,112.21,-74.68,99,-16.1,-40.36,"1,020",0.89,1.69
77,PCT,"PureCycle Technologies, Inc.",13.18,58.62,76.1,0.51,-4.41,70.64,98.92,83.54,19.87,15.54,79.58,90.37,76.81,6.75,-3.52,76.63,,,,,,-0.71,"12,103",-30.7,-26.35,"336,611",1.26,3.79
295,IDCC,"InterDigital, Inc.",301.32,44.09,32.06,0.5,-5.33,30.47,42.04,37.84,16.56,5.9,37.71,35.59,67.87,52.99,68.27,51.12,,,,,,-35.81,980,-11.47,-10.09,"5,077",-0.35,17.04
204,TMDX,"TransMedics Group, Inc.",109.34,59.54,57.79,0.92,-4.33,57.32,89.98,69.44,3.31,15.27,61.98,72.31,67.22,10.26,9.07,55.94,,,,,,-9.43,"3,096",1.94,-15.29,"35,615",2.85,6.9
311,MITK,"MITEK Systems, Inc.",10.0,38.15,34.64,0.48,-13.04,34.57,51.54,43.7,0.66,0.23,39.17,40.72,54.52,-4.68,-6.19,86.0,,,,,,-19.88,165,-57.36,-61.81,"3,648",3.55,9.71
357,COLL,"Collegium Pharmaceutical, Inc.",37.62,45.7,33.74,0.42,-7.95,33.0,42.45,38.64,7.95,6.1,38.82,38.27,237.43,402.8,457.43,156.72,,,,,,-203.68,82,0.0,-9.89,362,4.93,4.93
174,IONS,"Ionis Pharmaceuticals, Inc.",62.94,92.37,58.12,0.59,-1.81,37.63,59.49,44.61,97.35,99.89,55.2,52.11,69.38,29.42,69.2,,,,,,,-11.26,"2,372",-37.03,-82.23,"56,032",1.03,23.1
17,SNAP,Snap Inc.,7.3,64.0,58.06,0.55,-14.89,48.72,71.87,62.1,32.45,28.78,61.56,58.66,80.97,-12.19,-0.76,71.4,,,,,,-22.91,"53,370",-52.99,-77.34,"2,045,017",2.18,9.42
213,VERI,"Veritone, Inc.",3.59,151.75,121.9,9.67,9.42,80.0,121.9,102.83,99.34,94.9,116.89,113.79,161.78,27.38,48.54,158.85,,,,,,-39.88,"8,672",608.5,944.82,"31,602",1.66,5.59
329,CTO,"CTO Realty Growth, Inc.",17.17,25.56,21.95,0.43,-4.72,18.67,29.37,24.08,14.57,15.14,24.66,26.64,31.13,-19.14,17.2,32.72,,,32.72,-1.29,7.69,-9.18,110,0.0,-9.84,"2,090",0.14,3.72
5,AMZN,"Amazon.com, Inc.",236.2,36.12,30.75,0.13,-14.52,26.49,41.26,36.23,27.81,14.83,35.53,33.64,96.27,53.51,259.36,121.24,,,,,,-65.52,"118,183",-77.62,-71.64,"3,826,243",1.99,4.89
121,GPN,Global Payments Inc.,87.23,38.96,46.07,0.5,-11.03,26.14,55.55,44.06,35.76,57.22,44.51,41.22,40.79,2.83,-10.99,37.13,,,,,,5.28,"3,402",-5.34,-10.73,"121,773",0.52,8.71
291,PRO,"PROS Holdings, Inc.",15.64,42.75,47.97,0.39,-6.81,47.14,56.91,52.22,2.65,7.82,49.4,50.88,48.46,-9.51,-7.99,51.69,,,49.53,3.82,-3.95,-0.49,"2,911",0.0,-2.87,"5,926",4.33,4.98
262,DVAX,Dynavax Technologies Corporation,9.89,36.39,40.49,0.83,-4.85,29.25,44.08,37.59,51.66,71.73,36.75,36.73,46.51,-66.52,-64.44,48.36,,,,,,-6.02,"3,195",0.06,24.85,"12,030",0.66,29.8
354,AORT,"Artivion, Inc.",42.89,70.04,48.8,0.63,-2.04,27.08,51.55,36.63,88.08,95.99,43.45,39.2,59.95,10.59,-29.97,,,,,,,-11.15,105,0.0,-0.94,517,0.98,-1.52
304,PAR,PAR Technology Corporation,47.1,75.4,49.65,0.49,-8.07,39.2,56.66,47.74,70.86,67.37,51.11,48.25,45.31,-2.71,-16.9,42.69,,,42.69,,-20.28,4.35,666,0.45,0.15,"4,279",1.4,2.52
40,LYFT,"Lyft, Inc.",17.93,50.24,56.08,0.52,-4.72,55.01,68.54,62.14,5.96,5.92,57.46,58.96,96.95,42.66,29.57,74.81,,,,,,-40.88,"31,258",-62.17,-52.07,"769,610",2.71,6.79
80,NVAX,"Novavax, Inc.",7.77,86.21,78.33,0.5,-10.38,68.19,93.15,82.71,23.84,26.11,81.39,82.06,125.07,21.93,-14.49,,,,,,,-46.74,"6,683",-42.22,-69.81,"328,718",1.12,2.72
13,MARA,"Marathon Digital Holdings, Inc.",15.51,42.68,66.91,0.33,-6.78,66.91,108.01,91.18,0.0,0.51,79.85,87.53,104.92,22.43,-1.54,90.75,,,,,,-38.01,"84,494",-46.22,-55.89,"2,538,711",2.64,4.66
176,EXAS,Exact Sciences Corporation,54.62,46.14,40.29,0.42,-7.88,39.78,61.27,49.61,1.32,6.85,44.15,51.52,71.42,16.14,41.81,51.85,,,51.85,,-4.8,-31.13,"2,947",2.11,-4.81,"55,270",0.42,3.44
284,HRTG,"Heritage Insurance Holdings, Inc.",23.72,58.51,61.05,0.47,-1.82,46.38,78.6,60.34,45.7,53.32,57.08,67.74,112.6,12.84,-10.98,64.49,,,,,,-51.55,352,0.86,10.34,"7,594",0.33,1.88
330,VECO,Veeco Instruments Inc.,25.0,54.32,46.4,0.52,-9.0,36.28,53.42,45.88,33.11,53.82,47.5,44.89,103.94,94.63,16.62,54.72,,,,,,-57.55,975,0.1,-2.3,"2,075",0.0,-0.48
1,TSLA,"Tesla, Inc.",348.35,34.46,56.26,0.5,-13.92,55.97,81.76,75.08,1.99,0.05,69.25,69.85,51.81,-4.66,-6.65,50.04,,,50.68,-4.57,,4.45,"729,240",-53.23,-41.69,"7,729,415",2.96,3.98
227,BKD,Brookdale Senior Living Inc.,7.58,37.14,35.41,1.0,-17.7,35.24,50.47,46.63,1.32,0.03,43.99,44.15,54.62,21.38,-3.48,,,,,,,-19.21,"1,720",-0.41,-13.91,"21,666",-3.06,71.21
302,FRT,Federal Realty Investment Trust,101.36,21.33,20.67,0.57,-14.38,18.21,30.99,26.47,7.95,7.88,26.42,23.68,18.38,-26.78,-57.76,15.66,,,15.66,-10.74,-18.62,2.29,186,0.0,-2.62,"4,703",-0.49,7.4
366,BKNG,Booking Holdings Inc.,,,,,,,,,,,,,,,,,,,,,,,N/A,,,N/A,,
366,CABO,"Cable One, Inc.",,,,,,,,,,,,,,,,,,,,,,,N/A,,,N/A,,
225,TWO,Two Harbors Investment Corp.,10.3,28.81,29.42,0.26,-5.97,21.21,34.28,29.29,39.07,51.2,30.08,27.68,101.19,84.42,137.75,136.27,,,,,,-71.77,"1,086",-1.09,6.16,"21,866",0.14,5.14
328,PCRX,"Pacira BioSciences, Inc.",26.35,36.4,35.07,0.73,-7.48,35.0,55.41,47.06,1.99,0.09,43.45,44.49,62.33,8.37,20.81,61.13,,,51.75,6.43,6.14,-27.26,216,-54.04,-67.37,"2,250",1.44,2.55
86,EQX,Equinox Gold Corp.,9.84,56.55,48.95,0.5,-1.62,46.33,57.97,53.05,14.57,9.31,50.93,53.41,70.77,25.71,38.22,,,,,,,-21.82,"3,766",-78.77,-93.1,"292,605",1.06,13.59
22,NKE,"NIKE, Inc.",74.15,25.35,37.97,0.5,-12.83,26.14,53.55,42.52,29.33,32.0,43.27,39.29,43.03,3.36,13.97,47.74,,,,,,-5.06,"53,289",-26.87,-45.96,"1,459,604",1.23,3.4
21,UBER,"Uber Technologies, Inc.",94.36,28.96,32.07,0.5,-11.02,31.64,47.79,43.33,2.67,0.04,38.98,40.67,46.75,9.31,7.43,58.18,,,,,,-14.68,"66,630",-53.07,-15.62,"1,521,199",2.18,1.0
43,BMY,Bristol-Myers Squibb Company,47.22,27.5,28.37,-0.34,-5.75,26.27,32.13,30.16,15.23,9.96,28.59,29.2,37.78,-9.38,-1.29,40.52,,,36.32,0.45,31.04,-9.41,"11,282",-55.58,-62.11,"728,272",1.22,7.85
312,NOTV,"Inotiv, Inc.",1.56,84.24,103.74,-1.47,-32.58,103.74,177.74,153.12,0.66,0.29,143.58,137.97,156.46,11.14,8.12,,,,,,,-52.72,375,0.0,1.9,"3,606",1.75,2.18
84,TDOC,"Teladoc Health, Inc.",7.72,47.41,51.23,0.52,-6.18,51.08,72.55,63.72,2.65,1.93,59.46,61.69,79.46,-3.97,-0.25,65.09,,,,,,-28.23,"8,944",-38.5,-56.69,"311,058",1.72,3.38
111,MMM,3M Company,154.0,25.77,27.85,0.5,-10.64,21.79,37.16,31.92,29.33,24.41,31.3,28.8,29.05,5.03,8.56,28.27,,,,,,-1.2,"5,060",-28.72,-64.68,"163,579",0.96,2.09
51,FUBO,fuboTV Inc.,3.99,72.64,70.3,0.54,-2.35,69.71,218.9,152.97,2.65,12.1,168.33,147.13,98.28,20.14,8.69,82.76,,,,,,-27.98,"22,412",-70.67,-62.47,"606,626",5.62,7.99
110,AR,Antero Resources Corporation,32.0,30.83,39.72,0.5,-9.44,39.65,54.23,49.4,0.66,1.45,47.47,45.65,46.75,12.07,2.34,41.26,,,,,,-7.03,"7,673",-11.9,-9.24,"163,886",0.68,-0.28
52,JBLU,JetBlue Airways Corporation,5.23,56.41,56.96,-0.18,-14.7,56.96,94.05,83.45,0.0,0.05,77.53,76.34,161.12,73.4,2.61,147.49,,,,,,-104.16,"5,544",-49.09,-87.45,"579,068",0.75,7.41
137,GDS,GDS Holdings Limited,34.07,56.34,64.48,0.53,-1.53,64.44,108.74,94.11,1.99,0.84,89.3,85.57,85.14,16.54,28.92,78.35,,,76.72,11.59,11.34,-20.66,"7,753",111.14,-11.67,"96,296",0.24,2.3
151,TCOM,Trip.com Group Limited,72.17,52.75,39.34,0.63,-1.67,37.17,54.85,46.02,15.23,7.97,44.57,48.4,42.36,-58.48,2.57,34.62,,,34.62,,0.4,-3.02,"4,944",21.21,-5.68,"81,657",0.56,4.77
344,ALRM,"Alarm.com Holdings, Inc.",56.3,29.03,26.74,0.8,-8.6,25.57,31.12,29.31,3.31,0.52,27.65,29.38,30.39,-6.41,-27.95,29.87,,,29.87,0.11,5.71,-3.65,95,0.0,30.14,"1,036",4.12,132.29
265,JAZZ,Jazz Pharmaceuticals plc,128.37,33.49,34.75,0.62,-8.37,26.47,43.77,36.97,33.11,35.63,36.2,34.42,56.49,-7.2,-23.77,113.55,,,,,,-21.74,715,9.66,13.49,"11,840",1.14,3.36
203,CNX,CNX Resources Corporation,29.15,19.17,29.13,0.49,-6.09,28.99,41.31,37.1,0.66,1.13,35.63,35.67,36.11,2.66,-9.6,34.94,,,34.94,,,-6.98,723,-7.9,0.42,"36,580",0.09,0.75
287,VRNS,"Varonis Systems, Inc.",57.31,36.17,27.48,0.59,-7.52,25.86,36.73,32.64,6.62,4.09,32.1,32.38,39.92,-42.34,20.26,41.04,,,,,,-12.43,384,-10.9,-67.04,"6,933",-1.13,26.26
283,HCAT,"Health Catalyst, Inc.",3.31,106.89,73.07,0.3,-0.39,53.9,74.03,61.49,92.72,98.86,67.78,64.44,129.88,39.13,51.73,,,,,,,-56.81,778,0.0,-41.94,"7,806",-0.4,-1.3
314,MTSI,"MACOM Technology Solutions Holdings, Inc.",131.28,43.82,35.28,0.53,-26.45,35.27,63.8,55.1,1.32,0.1,52.16,49.78,38.61,-1.05,-2.21,41.94,,,40.65,1.37,3.15,-3.32,242,4.76,-64.88,"3,107",0.19,3.36
18,PDD,PDD Holdings Inc.,126.89,29.37,37.77,0.53,-4.69,37.76,56.96,50.1,0.66,0.19,44.71,49.15,49.78,29.22,15.84,36.57,,,34.21,,1.68,-12.01,"89,050",70.54,-11.53,"1,847,574",0.51,4.01
251,NVMI,Nova Ltd.,278.29,56.38,51.41,0.54,-7.66,50.43,64.75,57.98,2.65,5.18,56.62,55.78,86.54,70.15,77.88,118.93,,,,,,-35.13,"2,587",-5.34,12.72,"14,317",4.76,23.52
143,MNKD,MannKind Corporation,5.55,93.54,64.71,0.51,1.68,32.89,64.71,39.14,99.34,99.98,53.74,48.02,90.17,-17.07,1.8,71.25,,,,,,-25.46,"1,727",-32.11,-80.01,"90,620",1.1,4.88
20,BABA,Alibaba Group Holding Limited,146.16,51.52,42.64,1.01,-0.13,42.28,56.82,50.45,1.99,5.09,50.05,48.54,45.73,2.06,7.23,45.45,,,,,,-3.08,"281,224",-20.68,-42.29,"1,612,673",5.14,11.41
285,JOYY,JOYY Inc.,63.4,35.01,28.67,-0.73,-1.17,25.77,52.81,42.62,8.61,3.03,40.36,40.56,39.54,16.16,31.54,20.35,,,,,,-10.87,693,-13.16,-75.73,"7,099",-0.85,53.72
296,JAMF,Jamf Holding Corp.,9.48,48.64,40.96,0.51,-7.99,31.34,47.41,39.98,43.05,58.31,41.24,39.71,81.84,-12.29,29.91,60.18,,,,,,-40.88,270,-0.74,61.68,"4,967",-0.52,-0.56
153,LPSN,"LivePerson, Inc.",0.97,130.23,94.78,0.5,-1.59,79.38,116.74,98.8,35.76,36.93,102.15,100.64,167.22,28.88,-17.11,,,,,,,-72.44,"1,717",12.22,-71.08,"77,700",0.1,1.6
67,V,Visa Inc.,343.35,16.45,20.36,0.52,-14.7,16.03,28.8,24.03,29.8,20.54,23.76,22.64,25.69,10.11,7.7,23.37,,,22.55,6.92,8.14,-5.33,"15,801",-31.93,-38.6,"374,659",1.61,3.84
336,NSIT,"Insight Enterprises, Inc.",127.46,66.52,42.28,0.25,-4.53,26.55,46.38,35.02,81.46,92.54,38.54,38.43,75.76,2.98,7.34,103.84,,,43.99,3.12,2.85,-33.48,685,0.0,1.18,"1,428",0.0,1247.17
134,FIVN,"Five9, Inc.",26.59,52.08,45.31,0.5,-14.94,40.42,57.38,51.38,19.87,13.29,50.71,48.91,58.57,0.21,1.85,58.42,,,,,,-13.26,"3,152",5.17,-33.28,"97,563",0.34,2.55
268,IMAX,IMAX Corporation,30.46,30.84,30.39,1.13,-4.91,28.36,37.03,34.58,7.28,1.28,33.37,34.64,35.17,57.56,-5.27,38.31,,,38.31,37.94,,-4.77,"1,419",-26.25,121.72,"11,192",9.14,11.02
122,GRPN,"Groupon, Inc.",22.97,79.96,83.24,0.51,1.33,75.8,99.18,89.85,25.83,16.69,83.27,86.23,82.31,9.54,5.99,84.64,,,,,,0.93,"12,060",-4.53,43.13,"120,363",12.76,18.53
83,BB,BlackBerry Limited,3.79,27.86,39.72,0.83,-12.6,39.59,80.12,64.95,1.99,0.74,61.15,58.97,79.6,0.72,-3.08,62.34,,,,,,-39.88,"6,500",-27.64,-44.77,"313,277",0.92,3.29
326,MGPI,"MGP Ingredients, Inc.",28.4,33.47,37.5,0.5,-6.16,37.06,62.22,44.12,1.32,21.69,38.83,49.27,44.54,-0.63,-30.77,49.04,,,,,,-7.04,177,-0.56,2.31,"2,273",1.34,2.99
247,CMI,Cummins Inc.,392.14,23.74,24.77,0.96,-18.44,23.79,38.53,33.05,9.93,5.36,31.81,29.73,37.09,25.33,-14.02,58.98,,,29.33,,,-12.32,"5,505",0.38,-1.52,"15,497",0.4,1.49
179,SPHR,Sphere Entertainment Co.,52.04,57.31,51.5,1.74,-9.95,38.3,67.64,57.72,31.79,26.63,58.57,55.0,66.39,9.12,9.97,112.9,,,,,,-14.89,"6,516",-50.63,92.67,"50,302",3.37,40.36
125,INDI,"indie Semiconductor, Inc.",4.09,67.4,78.09,0.32,-7.41,78.09,121.99,100.33,0.66,1.43,86.87,99.5,85.77,-12.13,-11.52,90.58,,,,,,-7.68,"2,559",-16.89,-37.66,"114,045",0.1,0.25
298,ZD,"Ziff Davis, Inc.",38.3,71.75,53.1,0.34,-7.42,37.23,60.96,48.1,84.77,77.64,51.56,48.92,52.51,-7.82,2.33,51.83,,,,,,0.59,958,1.81,-46.9,"4,859",0.35,0.77
219,CYRX,"Cryoport, Inc.",10.05,105.12,84.31,0.48,2.6,63.4,122.27,104.16,19.21,16.32,104.71,95.38,82.03,7.44,-2.93,80.52,,,,,,2.28,"3,903",0.0,23.28,"27,394",0.1,16.02
154,BBIO,"BridgeBio Pharma, Inc.",52.65,49.56,41.31,1.07,-4.47,41.08,64.25,55.02,1.32,2.57,51.93,52.81,56.91,-60.61,-56.07,59.99,,,59.99,,,-15.6,"8,730",-17.49,6.67,"77,223",2.09,7.59
249,CHRS,"Coherus BioSciences, Inc.",1.36,71.12,78.01,-0.81,-7.04,78.01,111.83,96.03,0.0,1.48,85.21,93.87,264.72,122.14,211.23,500.0,,,,,,-186.71,940,-31.54,-40.77,"14,605",4.47,8.07
286,HCI,"HCI Group, Inc.",172.71,33.19,31.36,0.71,0.68,30.61,48.91,35.45,9.93,20.9,32.57,39.83,47.29,-26.38,-20.99,49.85,,,,,,-15.93,"1,266",-0.94,-0.31,"6,960",1.46,5.58
189,SHAK,Shake Shack Inc.,97.16,58.33,45.3,0.5,-10.96,34.27,62.98,54.9,10.6,11.82,54.89,50.09,44.27,-13.5,-4.21,48.35,,,,,,1.03,"4,430",-22.53,2.24,"43,312",-0.88,-0.5
366,FARO,"FARO Technologies, Inc.",,,,,,,,,,,,,,,,,,,,,,,N/A,,,N/A,,
117,NTNX,"Nutanix, Inc.",75.04,41.36,34.31,-1.02,-14.12,33.21,55.12,47.1,1.99,1.68,44.76,42.89,54.83,22.38,20.69,49.23,,,,,,-20.52,"5,967",-54.57,10.05,"147,035",1.64,2.3
44,MRK,"Merck & Co., Inc.",84.48,24.14,28.27,0.35,-6.0,19.12,34.66,30.01,30.46,30.97,29.87,27.23,35.43,-1.88,22.65,21.77,,,25.36,-24.63,-8.29,-7.16,"14,838",-52.69,-43.08,"712,239",1.3,4.91
81,ABBV,AbbVie Inc.,209.79,15.73,24.07,0.44,-3.29,24.07,33.0,29.89,0.0,0.02,26.11,28.13,24.29,-2.72,-4.52,18.92,,,20.17,-22.31,-20.3,-0.23,"9,654",-61.28,-25.1,"328,115",4.04,6.11
46,CVX,Chevron Corporation,156.09,18.16,20.13,0.78,-19.52,19.61,32.31,27.84,6.62,6.14,27.01,24.99,20.02,-16.93,-8.98,17.98,,,20.43,-4.85,-2.4,0.11,"18,017",-57.09,-56.57,"650,207",1.43,2.48
113,STWD,"Starwood Property Trust, Inc.",20.65,13.49,17.94,0.58,-23.71,15.19,27.24,22.82,29.14,14.22,22.78,20.75,18.08,-8.33,-29.03,9.25,,,9.25,-5.75,-63.05,-0.14,"6,186",0.68,-9.55,"152,546",1.61,2.17
199,UNIT,Uniti Group Inc.,7.18,76.12,55.72,0.26,4.84,41.75,55.85,47.13,99.34,99.17,52.23,50.03,62.16,12.38,10.39,62.05,,,62.05,10.19,15.94,-6.44,"3,052",-56.91,286.82,"37,970",-4.41,-4.07
208,HASI,"Hannon Armstrong Sustainable Infrastructure Capital, Inc.",27.65,34.22,35.25,0.07,-7.84,32.32,41.31,37.73,12.58,10.44,35.74,37.64,33.25,-15.38,-3.1,31.11,,,31.11,,,2.0,"6,561",-0.08,121.88,"32,657",3.79,4.24
96,SHEL,Shell plc,72.42,12.37,17.03,0.78,-26.15,16.98,29.37,25.44,1.32,4.2,24.14,23.19,21.46,-43.43,-25.08,,,,,,,-4.43,"32,131",111.65,156.15,"223,064",1.23,3.21
123,RCL,Royal Caribbean Cruises Ltd.,352.04,35.92,32.93,0.51,-22.08,32.64,56.19,48.0,1.99,2.09,46.66,42.56,69.88,22.39,36.6,110.91,,,,,,-36.95,"6,696",-32.4,-37.37,"117,548",1.3,3.05
68,LUV,Southwest Airlines Co.,31.07,35.39,38.72,0.89,-17.82,25.86,54.89,43.52,31.79,31.81,44.91,40.96,46.0,7.89,-15.69,43.64,,,40.86,3.02,0.93,-7.28,"10,755",-14.81,-38.09,"360,863",0.99,2.0
270,EVH,Evotec SE,10.07,53.04,71.31,0.21,-0.46,52.99,114.94,79.03,61.59,36.81,64.23,87.2,85.58,1.85,11.3,106.26,,,,,,-14.27,"2,076",1.62,-4.42,"10,979",1.29,1.45
250,LNTH,"Lantheus Holdings, Inc.",53.08,104.77,75.95,0.47,-0.93,45.87,78.1,60.55,84.11,95.89,65.9,63.75,47.82,-5.06,2.88,50.11,,,,,,28.14,"1,822",-12.32,-4.36,"14,382",2.88,8.38
155,OPK,"OPKO Health, Inc.",1.4,44.61,37.83,0.42,-5.52,32.94,44.39,40.26,21.19,19.82,40.15,39.16,86.71,0.76,-7.11,83.3,,,,,,-48.88,913,-26.01,-14.99,"76,667",1.22,1.2
97,XRX,Xerox Holdings Corporation,3.71,86.49,77.9,0.7,-5.56,44.57,89.05,66.76,82.78,82.07,73.2,67.59,127.91,-16.28,34.75,,,,,,,-50.0,"1,546",-23.69,-23.73,"216,233",0.16,1.25
138,SO,Southern Company (The),90.83,12.04,15.52,0.5,-1.56,15.52,22.59,19.85,0.67,0.48,18.74,17.97,18.96,18.31,-17.13,19.96,,,19.59,-0.28,5.48,-3.44,"4,972",-19.39,-36.69,"94,939",0.24,-1.92
142,AKAM,"Akamai Technologies, Inc.",78.32,31.28,31.27,0.56,-14.9,31.25,56.71,48.56,1.32,2.24,45.17,42.81,45.02,16.67,23.15,31.79,,,,,,-13.75,"5,051",-4.98,94.87,"90,653",-0.95,2.66
366,UPHL,Unknown (possibly a placeholder or delisted; no active match as of 2025),,,,,,,,,,,,,,,,,,,,,,,N/A,,,N/A,,
194,SPR,"Spirit AeroSystems Holdings, Inc.",40.79,22.55,19.26,0.68,-22.34,19.15,32.31,28.44,2.65,1.97,26.86,26.45,40.17,1.85,34.32,,,,,,,-20.91,"3,823",-0.21,-10.84,"41,084",0.03,0.59
235,ALNY,"Alnylam Pharmaceuticals, Inc.",458.51,46.5,38.48,-1.22,-10.69,37.48,53.28,46.67,12.58,5.84,45.97,42.8,113.15,119.4,106.36,98.38,,,,,,-74.68,"4,148",-5.79,14.97,"19,512",0.3,4.63
16,AVGO,Broadcom Inc.,339.49,39.78,35.67,1.1,-19.53,33.75,77.67,61.91,2.65,0.37,54.53,56.96,85.84,87.62,69.03,111.07,,,,,,-50.17,"133,743",-71.53,-39.45,"2,059,678",3.54,13.06
300,PI,"Impinj, Inc.",193.23,81.63,62.87,0.89,-15.22,48.27,85.17,73.57,29.8,19.58,74.59,69.0,54.32,-62.34,-36.36,55.05,,,,,,8.55,"1,168",-0.43,33.79,"4,778",1.19,12.13
9,OPEN,Opendoor Technologies Inc.,6.18,205.3,182.05,0.37,0.67,70.21,182.29,103.92,99.34,98.13,145.84,129.5,161.42,-11.08,-1.64,170.49,,,,,,20.63,"300,202",-77.51,-69.42,"2,886,476",10.93,19.2
333,LCII,LCI Industries,103.15,33.25,32.51,0.38,-9.12,32.16,41.85,37.97,9.93,7.03,37.37,35.92,33.21,-24.66,-29.23,,,,,,,-0.7,440,0.0,-11.11,"1,519",2.57,4.11
104,KOS,Kosmos Energy Ltd.,1.66,56.47,71.72,0.18,-12.01,63.83,98.14,85.89,27.81,13.15,81.24,78.51,168.55,18.28,72.27,,,,,,,-96.83,"1,895",-16.22,-60.33,"186,053",0.22,2.24
352,CDP,"CPI Aerostructures, Inc.",30.47,18.21,18.56,0.11,-3.63,18.56,23.81,21.77,0.66,0.69,21.3,20.19,27.19,-37.83,-32.03,18.76,,,18.76,-20.86,37.09,-8.64,86,0.0,-47.24,593,0.34,41.19
88,MCHP,Microchip Technology Incorporated,64.77,38.22,46.91,0.56,-26.85,37.0,79.08,65.11,30.46,12.49,63.04,57.32,60.46,24.6,8.59,43.55,,,,,,-13.55,"23,286",-13.33,-46.06,"271,540",0.85,-2.51
29,WOLF,"Wolfspeed, Inc.",1.7,113.72,283.64,2.2,1.81,150.33,308.23,222.96,78.15,84.6,243.22,222.55,296.99,4.6,-0.32,324.99,,,,,,-13.35,"231,675",496.1,530.12,"1,042,218",1.87,3.41
186,ATEC,"Alphatec Holdings, Inc.",16.14,82.52,56.12,0.22,-2.49,46.14,77.89,59.63,49.01,36.75,56.34,66.32,56.59,-18.41,7.29,,,,,,,-0.47,"5,494",4.05,84.86,"46,227",2.3,13.98
103,NET,"Cloudflare, Inc.",216.12,35.78,38.86,0.58,-14.7,38.73,65.25,56.65,1.99,0.35,53.61,50.64,89.7,16.03,30.51,89.22,,,,,,-50.84,"9,928",-43.05,-24.55,"189,836",3.38,2.98
220,NEO,NeoGames S.A.,7.93,102.01,96.61,0.44,-0.95,62.0,107.12,88.93,60.93,71.46,93.09,81.76,86.06,19.44,38.54,85.42,,,,,,10.55,"2,823",-1.64,-34.52,"27,155",1.61,5.46
226,CAMT,Camtek Ltd.,83.47,51.92,47.35,0.89,-15.55,46.98,72.39,64.41,1.99,0.08,61.37,60.23,63.17,40.2,27.68,76.54,,,,,,-15.82,826,-2.36,-21.56,"21,814",0.07,7.48
261,PODD,Insulet Corporation,350.72,32.91,40.75,0.5,-4.68,24.71,46.94,38.89,45.03,59.29,38.92,35.62,31.29,-3.08,2.28,33.11,,,,,,9.46,"2,094",-3.77,9.29,"12,095",2.2,4.93
182,UPWK,Upwork Inc.,15.93,51.2,46.23,0.51,-5.96,45.71,62.3,52.72,4.64,5.49,49.03,53.05,64.58,14.17,-48.84,,,,,,,-18.35,"1,496",-43.86,-56.18,"49,441",0.32,8.78
340,ECPG,"Encore Capital Group, Inc.",44.0,35.11,48.09,0.77,-11.14,24.41,73.07,57.87,17.22,25.07,57.51,50.66,87.68,36.01,100.12,75.87,,,,,,-39.59,229,16.24,1.33,"1,179",10.7,13.26
303,HLX,"Helix Energy Solutions Group, Inc.",6.25,40.25,49.58,0.37,-10.65,34.84,63.53,52.25,32.45,38.45,53.61,49.97,108.86,50.43,94.4,47.16,,,47.16,-6.46,-3.25,-59.29,389,2.91,-12.19,"4,430",0.89,-1.45
269,SKIN,The Beauty Health Company,2.34,94.02,128.96,0.5,0.66,69.0,136.67,107.28,71.52,80.21,113.09,105.1,129.26,-22.82,8.93,157.15,,,,,,-0.31,131,-3.68,-20.61,"11,048",0.29,0.32
28,XOM,Exxon Mobil Corporation,111.25,18.32,21.02,0.87,-11.21,19.03,29.65,25.83,29.8,11.6,25.33,24.11,27.5,23.88,22.77,25.04,,,23.68,-1.08,23.75,-6.48,"49,865",-27.22,-0.71,"1,048,948",2.91,16.83
241,NTRA,"Natera, Inc.",172.89,37.51,36.43,1.03,-16.09,36.23,57.04,47.88,1.32,0.01,44.1,45.82,43.27,-36.82,-41.31,42.81,,,41.28,-7.39,-16.73,-6.84,"2,006",1.62,48.26,"17,605",0.1,1.32
243,PSN,Parsons Corporation,73.86,28.84,29.56,0.61,3.05,27.59,44.56,38.52,5.3,3.26,36.79,35.56,72.57,121.09,19.96,113.78,,,,,,-43.01,711,0.57,-77.64,"16,364",0.27,-12.06
338,LIVN,LivaNova PLC,58.31,42.99,47.54,0.2,-2.9,25.47,56.23,46.39,43.71,55.0,47.45,42.37,39.47,6.17,1.09,39.94,,,39.94,,2.52,8.07,303,0.0,3.41,"1,286",1.66,17.34
278,ENOV,Enovis Corporation,31.31,45.66,53.34,0.21,-5.71,31.58,59.65,45.83,76.16,79.8,50.23,45.66,60.1,-1.56,5.17,54.29,,,,,,-6.76,347,0.0,-22.02,"8,780",0.11,-0.31
260,CMRC,Costar Technologies Inc.,4.74,62.53,44.11,0.69,-5.93,39.98,53.57,47.32,15.89,16.45,46.81,48.09,65.85,-14.54,-8.09,,,,,,,-21.74,"1,284",-52.02,296.3,"12,119",15.25,17.6
127,PSEC,Prospect Capital Corporation,2.88,28.28,26.04,0.5,-12.14,26.04,35.45,30.99,0.0,0.18,27.7,30.37,107.05,-5.34,4.74,89.46,,,,,,-81.01,"2,214",-12.14,-81.63,"109,434",1.27,1.81
366,CAMP,CalAmp Corp.,,,,,,,,,,,,,,,,,,,,,,,N/A,,,N/A,,
32,RKLB,Rocket Lab Corporation,45.96,67.47,73.74,-0.79,-3.3,73.74,107.66,92.4,0.0,1.86,88.0,88.87,83.12,-12.2,-27.47,85.3,,,85.3,3.92,,-9.38,"33,640",-65.54,-71.6,"925,576",1.39,6.72
218,PTCT,"PTC Therapeutics, Inc.",58.19,60.68,59.22,0.11,-3.16,48.94,65.73,59.91,43.05,43.89,55.91,57.8,65.87,28.64,45.04,54.98,,,,,,-6.65,"1,854",-0.16,-0.54,"27,551",0.35,-4.75
342,NVST,Envista Holdings Corporation,20.87,46.86,39.57,-0.23,-9.25,36.97,48.23,43.88,17.88,11.7,43.26,41.96,43.83,-5.13,-41.74,50.13,,,50.13,5.01,-23.81,-4.26,214,0.0,0.47,"1,071",0.09,0.28
4,SOFI,"SoFi Technologies, Inc.",25.67,52.91,47.31,0.73,-15.27,47.2,76.11,67.07,2.65,0.26,64.9,61.06,59.38,-24.14,-19.91,52.91,,,56.85,,,-12.06,"121,516",-64.43,-64.1,"3,918,187",2.02,5.25
19,JD,"JD.com, Inc.",33.57,29.51,33.29,0.73,-4.06,33.22,62.28,49.3,1.32,1.44,43.13,50.51,45.13,20.7,-6.52,47.43,,,46.15,,5.35,-11.83,"271,140",-18.72,36.62,"1,717,581",6.81,20.15
120,CHGG,"Chegg, Inc.",1.59,110.32,110.09,0.49,3.2,86.77,122.32,109.13,56.95,54.32,112.72,105.89,188.93,31.97,39.87,184.47,,,,,,-78.83,"13,840",-8.89,143.15,"126,168",0.13,13.26
318,MIRM,"Mirum Pharmaceuticals, Inc.",76.13,48.65,40.3,0.16,-4.11,36.48,43.97,40.24,58.28,51.27,41.16,39.92,150.63,235.6,152.36,132.41,,,,,,-110.33,459,0.88,20.47,"2,933",1.14,5.58
106,MTCH,"Match Group, Inc.",38.22,39.03,34.59,0.67,-5.76,34.41,47.68,40.52,2.65,5.34,37.11,39.77,29.99,-20.56,-25.44,33.07,,,39.19,1.35,4.17,4.6,"3,650",-45.93,-49.92,"176,662",0.33,-5.34
212,BLMN,"Bloomin' Brands, Inc.",6.88,119.1,91.39,0.5,-3.5,49.54,98.44,76.63,84.77,86.31,85.18,77.11,94.84,-4.36,9.59,62.86,,,,,,-3.45,"1,326",2.79,-22.73,"31,672",-2.21,-0.89
253,HTHT,H World Group Limited,37.02,33.08,27.5,0.07,-10.91,27.5,51.49,39.76,0.66,0.91,35.17,41.42,36.45,-5.01,57.96,32.33,,,32.33,36.51,-10.38,-8.95,"14,424",-38.68,4450.16,"13,463",-13.32,-13.23
306,HLIT,Harmonic Inc.,9.94,37.2,37.61,0.46,-8.4,37.59,61.8,48.52,0.66,6.38,43.56,49.5,55.59,-1.05,19.95,,,,,,,-17.98,479,-3.82,-1.64,"4,016",1.34,11.8
149,GOSS,"Gossamer Bio, Inc.",2.76,97.37,87.56,0.58,1.23,70.53,102.45,88.46,33.77,45.06,89.7,84.2,71.39,-43.91,-46.98,49.11,,,49.11,,,16.17,"1,328",-18.58,-11.41,"86,550",0.34,4.87
171,FOUR,"Shift4 Payments, Inc.",87.55,56.56,46.36,0.29,-9.28,41.23,64.0,55.14,7.28,5.37,52.78,50.3,42.91,-11.42,-10.15,42.06,,,,,,3.46,"16,743",-4.19,878.55,"61,541",1.09,15.79
92,SABR,Sabre Corporation,1.73,131.04,88.15,0.5,-10.04,57.34,104.24,79.58,84.77,75.53,86.26,80.89,105.61,16.44,7.36,64.41,,,,,,-17.46,"10,776",-0.5,-3.46,"235,521",0.19,1.76
319,GVA,Granite Construction Incorporated,106.62,32.54,24.28,1.13,-8.49,23.47,31.17,27.94,11.26,5.9,28.14,26.54,100.81,341.6,78.33,55.78,,,,,,-76.53,452,1.35,-45.67,"2,899",0.62,2.95
102,XIFR,"Unknown (possibly XPLR Infrastructure, LP or similar; limited data as of 2025)",9.91,44.5,50.46,0.21,-4.3,47.56,73.33,64.23,7.95,5.95,61.86,60.18,66.84,-37.77,31.33,,,,,,,-16.38,"1,048",11.02,-45.67,"200,103",0.19,0.38
341,MMSI,"Merit Medical Systems, Inc.",91.23,21.41,27.1,0.42,-10.98,20.36,37.63,30.81,29.14,25.83,31.46,28.64,42.59,3.75,53.82,29.13,,,29.13,1.46,19.87,-15.49,844,0.12,15.78,"1,158",0.0,-0.69
187,AXON,"Axon Enterprise, Inc.",718.25,58.42,48.04,1.1,-4.34,47.14,70.69,59.13,5.96,5.08,55.93,55.83,128.66,44.49,92.74,44.42,,,44.42,,,-80.62,"3,442",-20.58,-19.56,"44,800",0.68,4.75
254,XERS,"Xeris Biopharma Holdings, Inc.",7.65,62.32,58.61,-0.09,-4.45,41.2,67.43,57.1,44.37,57.22,58.48,54.47,61.62,-28.52,-42.19,,,,,,,-3.01,891,-2.94,-30.72,"13,096",0.15,0.54
310,BHR,Braemar Hotels & Resorts,2.88,74.83,63.54,0.97,-1.3,45.53,66.69,54.75,96.69,91.8,59.18,55.9,42.2,-55.55,-45.59,,,,,,,21.34,162,-4.71,-56.68,"3,679",0.63,3.28
7,AAL,"American Airlines Group, Inc.",12.87,50.21,49.74,0.23,-21.94,43.43,68.46,58.77,27.81,15.25,57.97,55.11,69.37,28.52,21.43,58.99,,,49.65,-6.5,4.25,-19.64,"66,034",-51.97,-52.07,"3,143,707",2.24,2.05
317,WK,Workiva Inc.,79.61,91.95,57.91,0.66,-4.49,39.82,64.01,49.35,84.77,87.85,56.38,50.43,77.38,-11.96,7.78,48.67,,,,,,-19.47,292,0.0,2.1,"2,943",0.38,3.52
10,RIVN,"Rivian Automotive, Inc.",13.89,45.8,43.93,0.47,-2.09,43.5,79.21,63.56,1.32,4.66,58.26,62.18,69.89,-16.37,-4.11,116.82,,,58.82,,1.61,-25.95,"43,672",-66.89,-59.45,"2,844,265",2.17,5.41
214,ATI,ATI Inc.,75.02,64.17,49.92,1.13,-8.87,33.3,63.03,51.09,34.44,44.79,52.26,47.96,43.11,-5.92,7.92,,,,,,,6.81,"3,256",0.43,-40.54,"31,587",1.21,8.89
39,JPM,JPMorgan Chase & Co.,297.8,18.65,18.18,0.96,-18.29,18.09,32.29,29.22,1.32,0.02,26.61,27.54,26.78,20.3,8.06,22.83,,,22.88,1.13,4.63,-8.6,"38,403",-34.45,-17.58,"773,023",1.9,5.71
26,PLUG,Plug Power Inc.,1.41,67.65,118.71,0.2,-1.1,90.26,122.31,107.2,70.86,87.31,106.81,105.82,166.11,-17.56,35.77,155.72,,,,,,-47.41,"7,220",-62.05,-63.69,"1,062,848",0.52,1.11
165,CENX,Century Aluminum Company,21.91,36.03,53.14,0.3,-11.9,53.14,83.68,72.87,0.66,0.24,68.53,66.24,53.62,-15.81,-29.65,57.44,,,,,,-0.48,"1,910",-7.46,-12.43,"67,791",0.3,1.02
244,AWK,"American Water Works Company, Inc.",139.04,23.12,22.27,0.2,-2.08,22.18,29.57,25.86,2.65,4.78,25.56,23.8,21.42,-22.53,10.87,23.94,,,23.94,-7.57,26.37,0.85,359,-1.91,-46.89,"16,249",0.18,2.01
366,MDRX,Veradigm Inc.,,,,,,,,,,,,,,,,,,,,,,,N/A,,,N/A,,
325,LNT,Alliant Energy Corporation,63.97,13.55,17.46,0.45,-3.51,17.46,22.47,20.58,0.0,0.09,19.42,19.26,18.49,3.43,3.3,,,,,,,-1.03,194,-0.51,-8.92,"2,405",5.81,7.65
273,GWRE,"Guidewire Software, Inc.",256.33,57.89,43.58,0.89,24.16,32.43,46.45,40.3,82.12,81.83,42.63,41.78,51.39,38.36,25.37,61.91,,,,,,-7.81,"2,024",-70.11,200.74,"10,207",15.4,114.93
54,ENPH,"Enphase Energy, Inc.",38.33,59.93,89.7,0.42,-1.6,55.51,94.48,75.65,66.23,86.17,78.11,75.96,73.86,-10.6,-3.02,71.81,,,,,,15.84,"17,472",-45.4,-43.6,"511,581",1.85,3.29
34,IQ,"iQIYI, Inc.",2.79,58.17,48.92,-1.19,-8.05,48.92,76.1,67.54,0.66,0.21,62.33,66.26,95.19,1.84,-38.78,96.06,,,,,,-46.27,"24,900",68.93,11.34,"851,635",0.22,-1.5
159,NRG,"NRG Energy, Inc.",149.71,50.68,53.64,0.51,-6.44,44.07,70.82,59.71,28.48,22.33,58.66,53.51,41.75,-31.04,-22.96,42.83,,,40.81,-4.84,,11.89,"6,108",-36.14,-5.18,"73,896",6.94,5.73
242,HAE,Haemonetics Corporation,54.04,93.85,56.2,0.37,-2.77,30.14,59.07,41.95,85.43,96.49,50.9,46.76,40.14,-5.84,-34.22,41.38,,,41.38,6.1,,16.06,"1,122",-5.4,-15.19,"16,655",-0.29,-2.08
195,PD,"PagerDuty, Inc.",16.88,46.13,45.43,0.69,-7.62,30.27,57.32,46.77,33.11,43.81,48.44,44.62,69.62,-2.28,13.77,54.51,,,,,,-24.2,"2,532",-12.72,-39.76,"40,870",0.06,25.56
64,BYND,"Beyond Meat, Inc.",2.5,59.46,67.19,-0.36,-2.63,59.24,70.63,64.64,75.5,79.19,66.37,63.99,160.91,13.48,-0.51,171.94,,,129.15,,,-93.72,"15,297",-46.22,37.21,"399,861",3.23,7.65
95,ABR,"Arbor Realty Trust, Inc.",11.98,25.96,35.6,0.42,-8.7,20.35,46.85,37.92,31.13,37.25,38.41,34.56,38.27,-5.74,-11.51,36.35,,,45.04,,,-2.67,"12,316",-7.07,-25.77,"227,026",0.68,1.99
160,GES,"Guess?, Inc.",16.93,74.96,60.5,-1.73,-17.85,37.33,89.79,74.17,19.87,23.62,75.93,67.26,116.95,39.24,91.95,61.6,,,,,,-56.45,"3,302",-0.06,-5.14,"73,075",-1.08,-1.05
236,HALO,"Halozyme Therapeutics, Inc.",75.42,18.56,59.08,0.52,-1.6,28.16,61.22,52.41,47.02,73.63,47.95,51.06,31.54,-36.84,-30.48,29.15,,,,,,27.54,960,-29.57,-42.96,"19,441",2.92,5.69
256,CYBR,CyberArk Software Ltd.,469.04,45.63,35.82,-0.37,-10.04,28.81,46.63,40.67,16.56,15.26,40.84,38.04,44.69,-18.03,12.12,44.02,,,,,,-8.87,"2,265",-4.31,30.55,"12,735",4.04,6.95
129,ARRY,"Array Technologies, Inc.",8.39,95.19,91.79,0.52,-1.99,82.43,96.62,91.0,43.05,57.57,89.2,90.61,82.12,-12.94,-13.97,,,,,,,9.68,"4,501",-55.16,76.58,"104,211",-2.61,-2.71
31,BBAI,"BigBear.ai Holdings, Inc.",4.77,75.67,108.11,0.52,-3.08,108.1,165.75,142.86,0.66,2.87,134.29,129.78,149.71,13.85,3.78,139.96,,,,,,-41.61,"16,727",-63.88,-69.56,"953,210",1.67,1.79
93,GPRO,"GoPro, Inc.",1.61,130.93,113.36,1.1,2.85,59.74,113.36,82.93,99.34,99.12,99.13,90.8,180.17,0.4,-18.48,,,,,,,-66.81,"6,650",-86.32,0.83,"231,644",15.34,7.05
161,REAL,"The RealReal, Inc.",8.16,82.77,91.34,0.47,-0.11,84.51,103.76,96.84,10.6,9.85,90.64,91.58,84.37,-29.16,10.95,85.31,,,85.31,2.9,6.05,6.97,"1,410",-23.82,-25.91,"71,933",0.04,2.18
100,LAZR,"Luminar Technologies, Inc.",1.75,79.95,90.72,-0.27,-1.98,90.72,142.88,123.83,0.0,0.98,118.29,115.25,163.95,10.93,-35.45,139.47,,,,,,-73.23,"4,215",-18.82,-32.29,"210,657",0.26,1.85
229,ASRT,"Assertio Holdings, Inc.",0.79,52.78,47.27,0.46,-4.14,47.27,62.43,54.58,0.66,5.17,50.39,55.47,136.68,-31.35,-15.32,97.36,,,,,,-89.41,456,51.5,76.06,"21,319",0.53,1.0
320,ITRI,"Itron, Inc.",118.88,36.44,26.76,0.71,-10.74,26.69,36.91,33.32,1.32,1.54,32.43,31.57,43.38,-3.71,-10.13,37.01,,,,,,-16.62,490,18.07,-15.08,"2,884",2.16,24.85
55,AFRM,"Affirm Holdings, Inc.",87.51,70.02,65.4,0.5,-9.52,65.1,93.41,84.2,1.32,0.34,79.41,77.97,63.68,4.23,-10.53,66.72,,,,,,1.73,"28,765",-64.22,-80.74,"509,605",1.09,9.5
178,TVTX,"Travere Therapeutics, Inc.",21.09,45.8,61.07,0.53,1.31,53.66,75.27,64.52,37.09,28.59,63.12,64.34,82.67,-4.35,0.75,90.81,,,,,,-21.6,"3,531",-34.05,181.13,"52,029",6.26,9.71
30,RUN,Sunrun Inc.,15.72,137.65,158.56,0.82,0.34,75.54,161.84,115.9,92.05,91.4,131.36,121.4,217.65,94.39,69.4,145.32,,,,,,-59.09,"101,553",74.92,219.57,"1,013,790",2.0,2.6
6,F,Ford Motor Company,11.53,20.29,24.23,-0.8,-17.67,24.23,37.9,34.69,0.66,0.01,32.14,32.04,47.24,-19.2,-10.15,106.29,,,29.3,-1.04,-5.3,-23.02,"83,856",-14.83,-29.9,"3,573,662",0.55,0.51
89,BTU,Peabody Energy Corporation,18.57,50.85,54.88,0.28,-8.15,41.91,69.59,60.45,29.8,25.79,61.64,56.71,93.33,50.73,12.04,,,,,,,-38.45,"10,337",-19.1,5.65,"269,344",1.54,-0.39
167,BOX,"Box, Inc.",32.99,22.38,31.83,0.48,-4.11,22.72,35.14,29.11,54.97,70.49,28.83,27.59,28.01,1.19,-29.52,30.0,,,,,,3.82,"3,140",-31.14,6.95,"64,703",3.45,8.55
162,PMT,PennyMac Mortgage Investment Trust,12.48,22.8,24.28,0.03,-12.08,17.84,30.42,25.91,31.13,36.74,26.36,23.4,47.51,-16.28,-27.31,51.82,,,,,,-23.23,897,-0.22,11.43,"68,320",0.08,0.92
366,TPIC,"TPI Composites, Inc.",,,,,,,,,,,,,,,,,,,,,,,N/A,,,N/A,,
231,WGO,"Winnebago Industries, Inc.",35.82,44.82,46.81,0.02,-12.24,40.22,59.79,51.75,30.46,22.62,52.39,49.03,54.34,14.35,-3.45,60.53,,,,,,-7.52,961,6.78,16.34,"20,981",0.65,0.29
60,SIRI,Sirius XM Holdings Inc.,24.15,44.81,37.73,0.42,-5.91,37.73,55.2,47.09,0.66,0.97,44.05,47.16,33.29,-29.16,-13.98,38.77,,,45.17,5.78,7.57,4.43,"13,182",-23.49,-44.91,"432,465",1.38,0.03
245,NBR,Nabors Industries Ltd.,39.9,76.7,74.75,0.56,-9.79,52.83,95.5,78.48,31.79,40.18,81.16,74.94,81.47,4.53,-3.64,81.2,,,,,,-6.73,"1,567",58.92,66.7,"15,789",0.85,3.34
324,POST,"Post Holdings, Inc.",105.72,24.25,20.0,0.22,-1.75,16.74,23.05,21.06,21.19,19.39,21.44,20.08,24.34,3.21,12.21,24.71,,,23.06,-0.88,9.61,-4.34,458,0.22,3.15,"2,653",0.04,1.14
33,AG,First Majestic Silver Corp.,9.18,40.23,56.13,0.87,-4.76,55.93,72.17,64.07,1.32,4.14,61.5,61.41,79.4,-5.92,14.37,69.42,,,,,,-23.27,"19,895",-62.98,-81.4,"857,721",2.95,11.18
228,CAKE,Cheesecake Factory Incorporated (The),59.24,29.59,31.99,0.87,-8.47,31.87,43.29,40.09,2.65,0.2,38.0,37.73,50.79,19.33,18.31,39.54,,,,,,-18.8,"1,614",4.53,-30.76,"21,586",0.8,1.47
264,VIAV,Viavi Solutions Inc.,11.65,29.43,31.36,0.51,-4.6,31.36,50.67,42.59,0.66,2.0,39.66,37.64,57.95,29.92,42.49,44.36,,,44.36,,,-26.59,"1,438",-38.39,-14.2,"11,986",11.32,4.6
139,RH,RH,230.21,69.85,66.14,0.96,-14.56,46.5,116.48,94.58,29.8,15.09,93.87,86.57,93.62,8.36,13.82,70.68,,,72.17,3.33,-2.41,-27.48,"9,250",-43.58,-17.6,"92,988",8.06,19.69
238,EB,"Eventbrite, Inc.",2.71,70.57,54.53,0.52,-3.07,48.12,65.27,60.0,19.87,14.36,60.31,57.82,50.06,0.18,-9.49,47.59,,,47.59,,-9.99,4.48,743,66.97,297.33,"18,762",1.35,1.95
263,GMED,"Globus Medical, Inc.",59.05,37.03,53.34,0.5,-2.81,22.65,56.65,42.35,66.89,79.68,45.47,40.6,33.35,16.95,4.01,34.52,,,34.52,,-2.14,20.0,"1,469",-0.88,13.96,"12,004",0.49,18.63
327,INVA,"Innovava, Inc.",20.23,29.69,23.41,0.79,-1.02,15.44,23.82,17.84,89.4,98.25,20.75,19.74,64.65,23.09,96.97,51.06,,,,,,-41.25,179,123.75,297.78,"2,272",1.25,2.76
175,CBRL,"Cracker Barrel Old Country Store, Inc.",50.6,54.92,58.09,0.38,-5.14,52.94,66.9,60.93,28.48,23.29,61.36,58.81,69.86,25.49,19.55,58.68,,,,,,-11.77,"3,031",-45.86,-59.53,"55,380",2.61,8.67
366,VATE,INNOVATE Corp.,,,,,,,,,,,,,,,,,,,,,,,N/A,,,N/A,,
87,MDB,"MongoDB, Inc.",324.66,109.05,68.53,0.5,-6.42,53.22,81.13,69.32,27.81,46.67,73.63,69.48,68.52,26.39,15.37,65.37,,,,,,0.01,"20,448",-29.28,-63.09,"287,000",2.29,-1.19
156,BXMT,"Blackstone Mortgage Trust, Inc.",20.01,23.33,20.7,0.06,-16.03,20.7,30.07,26.73,0.0,0.47,26.01,24.87,20.79,-30.05,-42.19,,,,,,,-0.09,"2,033",-10.56,21.45,"75,939",0.87,1.76
258,XMTR,"Xometry, Inc.",49.39,119.99,80.85,1.11,-0.24,65.27,87.22,73.43,86.09,90.15,79.49,75.69,77.05,8.13,-5.34,79.94,,,,,,3.79,811,0.5,-34.33,"12,516",0.14,92.2
358,HOPE,"Hope Bancorp, Inc.",11.1,26.64,27.73,-0.32,-10.26,27.73,36.67,32.8,0.66,0.52,30.82,32.78,122.95,-0.54,27.66,26.29,,,,,,-95.22,17,0.0,0.0,297,0.34,1.02
210,CMPO,"CompoSecure, Inc.",19.0,67.84,43.92,0.42,-2.53,34.28,49.42,45.05,28.48,36.4,47.65,45.58,50.98,14.16,7.91,46.48,,,,,,-7.06,"2,205",0.82,7.4,"31,965",-1.17,-0.95
348,IART,Integra LifeSciences Holdings Corporation,15.69,57.25,68.12,0.08,-2.93,44.75,72.69,61.74,68.21,77.67,61.78,60.29,89.46,-55.6,-5.57,60.01,,,,,,-21.34,104,0.97,18.18,932,1.3,3.56
359,ITGR,Integer Holdings Corporation,105.43,20.39,26.59,0.45,-12.15,22.58,32.92,29.35,31.13,20.81,28.98,27.84,45.95,27.25,11.0,73.07,,,,,,-19.35,36,0.0,5.88,258,-2.64,2.38
144,CHTR,"Charter Communications, Inc.",262.52,30.16,47.69,0.44,-3.34,32.83,52.19,41.11,78.81,89.23,42.86,42.12,48.66,-9.7,7.59,44.49,,,,,,-0.97,"15,199",-11.72,-22.15,"88,396",3.33,8.11
343,PATK,Patriot Battery Metals Inc.,111.81,32.92,32.48,0.29,-8.16,32.41,39.93,36.79,0.66,0.97,34.84,35.8,50.8,30.76,16.03,52.89,,,40.5,-0.29,-3.02,-18.33,227,0.0,1.79,"1,049",0.0,0.87
339,INN,"Summit Hotel Properties, Inc.",5.61,42.52,41.95,0.09,-13.91,27.63,60.2,47.85,29.14,30.96,48.89,44.7,75.46,2.2,76.31,33.89,,,,,,-33.51,280,0.0,0.36,"1,231",-0.32,0.65
209,RWT,"Redwood Trust, Inc.",6.22,39.18,32.41,0.37,-10.83,23.93,40.79,33.65,31.13,41.91,34.54,32.02,45.04,11.83,39.48,23.16,,,,,,-12.63,919,1.43,42.04,"32,185",2.03,7.66
237,LRN,"Stride, Inc.",164.39,49.32,39.91,0.22,-2.76,28.75,62.02,41.21,65.56,45.17,37.03,48.52,40.56,-49.12,2.32,47.13,,,44.13,-14.16,-7.79,-0.65,"1,329",-13.02,-51.95,"18,950",3.83,16.7
131,VNET,"VNET Group, Inc.",8.11,74.7,91.46,0.82,1.04,90.94,112.3,103.21,3.31,1.68,99.63,98.39,125.77,41.3,27.31,153.54,,,,,,-34.3,"9,383",124.58,25.04,"103,779",1.04,13.37
239,WT,"WisdomTree, Inc.",13.65,31.29,28.41,0.5,-15.67,27.2,39.08,34.25,17.88,8.12,33.8,32.38,46.3,-1.21,23.31,34.19,,,34.19,-3.62,-4.61,-17.89,337,-6.13,11.22,"18,467",-0.16,-0.48
91,OKTA,"Okta, Inc.",92.7,31.97,43.38,0.48,-6.3,29.23,62.43,51.38,15.89,21.11,50.6,45.52,55.03,23.13,19.58,35.53,,,,,,-11.65,"14,603",-33.25,-59.69,"236,469",2.24,-2.59
36,RIG,Transocean Ltd.,3.17,48.11,57.34,0.39,-6.41,45.39,79.95,67.07,28.48,22.3,66.71,62.16,60.56,-0.78,-13.24,57.23,,,,,,-3.22,"10,546",-48.19,-34.23,"834,801",0.2,1.68
23,CCL,Carnival Corporation & plc,31.99,31.84,37.64,0.54,-22.05,37.1,60.63,51.76,9.93,5.1,50.28,46.72,44.02,-28.47,-25.3,44.38,,,,,,-6.38,"19,115",-33.49,-59.03,"1,355,491",0.23,1.68
321,BTSG,"BrightSpring Health Services, Inc.",25.79,39.93,45.07,0.53,-4.95,44.33,56.3,50.42,2.65,4.6,48.64,46.98,61.3,29.15,-1.46,55.98,,,,,,-16.23,386,-24.9,133.94,"2,751",11.29,11.42
360,CSGS,"CSG Systems International, Inc.",65.09,20.85,23.94,0.51,-9.73,23.94,29.75,27.75,0.66,0.05,26.46,26.4,45.78,6.6,52.49,28.29,,,28.29,22.03,-4.83,-21.84,23,0.0,0.0,91,12.35,21.33
266,TNDM,"Tandem Diabetes Care, Inc.",12.58,89.17,72.31,0.09,-1.17,50.04,90.95,79.1,23.18,30.5,80.32,73.62,89.29,9.2,12.63,77.29,,,,,,-16.98,849,-1.28,-27.87,"11,808",1.32,2.22
109,Z,"Zillow Group, Inc.",87.9,42.87,33.75,0.82,-7.93,32.94,51.56,42.79,1.99,3.97,39.26,43.58,36.93,-19.92,-20.16,39.25,,,40.17,,-3.09,-3.18,"9,764",-49.74,3.86,"164,424",4.4,6.84
200,ORA,"Ormat Technologies, Inc.",90.13,21.89,23.02,0.57,-4.43,22.98,30.28,26.85,1.32,5.02,25.6,25.65,26.27,-14.9,-41.0,28.51,,,,,,-3.25,750,0.67,-73.99,"37,520",-0.04,4.55
140,SENS,"Senseonics Holdings, Inc.",0.45,48.09,58.32,0.43,-8.15,58.32,152.14,117.09,0.66,4.38,113.81,107.2,119.49,-46.45,11.98,,,,,,,-61.16,658,-29.17,-39.63,"91,605",0.16,2.88
128,FSLY,"Fastly, Inc.",7.53,62.79,63.3,0.5,-7.22,63.3,86.55,76.91,0.66,0.65,70.49,71.06,78.09,-17.82,18.61,66.81,,,,,,-14.79,"1,317",-41.21,-44.17,"105,100",0.38,-0.33
217,FVRR,Fiverr International Ltd.,23.79,50.98,41.08,0.32,-6.11,41.07,56.15,49.76,0.66,0.84,46.82,48.14,49.7,-7.46,1.58,55.17,,,55.17,,,-8.62,"2,090",-25.62,8.52,"29,384",3.42,6.63
85,W,Wayfair Inc.,86.89,58.31,64.3,0.25,-11.91,58.37,99.03,84.07,23.84,9.97,81.86,75.76,93.34,62.56,18.09,64.51,,,61.28,-6.53,,-29.04,"14,281",-28.28,-23.04,"302,175",1.44,4.6
101,RTX,RTX Corporation,151.27,14.46,26.92,1.24,-4.38,19.85,34.58,29.54,31.79,32.24,28.55,26.08,24.53,-21.62,-29.74,26.54,,,26.54,,,2.39,"10,187",-26.25,-0.75,"203,957",2.12,2.49
309,EVRG,"Evergy, Inc.",71.15,13.44,17.48,0.55,-1.02,13.85,20.1,17.74,40.4,45.6,17.69,16.49,20.28,-48.7,-23.87,18.38,,,18.38,,,-2.8,521,-1.51,-9.08,"3,701",0.11,9.63
301,EEFT,"Euronet Worldwide, Inc.",90.46,27.42,28.99,0.49,-16.96,21.28,42.81,36.29,15.23,12.24,36.15,32.63,25.76,-23.91,-20.4,30.76,,,30.76,-10.27,-7.17,3.23,301,-52.97,-53.48,"4,734",-2.41,19.58
94,SPCE,"Virgin Galactic Holdings, Inc.",3.15,61.31,94.06,0.62,-1.06,71.47,104.46,87.98,50.33,68.29,87.58,84.53,176.6,8.76,4.25,157.83,,,,,,-82.54,"4,694",-60.32,-70.44,"229,960",2.51,1.29
349,VREX,Varex Imaging Corporation,11.65,73.64,69.91,0.14,-6.96,39.71,86.62,70.55,32.45,48.17,73.39,67.53,170.74,86.89,56.94,134.15,,,126.33,-26.09,-23.72,-100.83,213,0.0,-7.79,884,0.0,0.91
198,FRPT,"FarPointe Data, Inc.",56.01,50.82,47.26,0.3,-7.24,29.95,65.14,55.81,9.27,15.54,56.51,50.97,62.27,7.55,-0.64,63.16,,,,,,-15.01,"3,819",-30.39,-45.66,"38,263",1.91,14.61
259,EYE,"National Vision Holdings, Inc.",22.93,41.92,47.05,0.32,-3.58,38.22,58.26,50.47,28.48,28.5,49.73,46.85,50.77,0.69,-0.31,,,,,,,-3.72,246,0.0,-7.87,"12,206",0.15,0.59
275,RPAY,Repay Holdings Corporation,5.89,43.7,53.5,0.5,-12.69,33.92,66.76,54.55,39.07,46.25,54.16,50.44,151.57,144.85,145.05,64.55,,,,,,-98.06,"3,942",-0.1,237.5,"9,387",-0.1,103.8
230,DNMR,"Danimer Scientific, Inc.",0.35,0.0,0.0,,,0.0,261.9,186.52,0.0,0.88,185.04,172.45,379.8,0.36,2.5,,,,,,,-379.8,287,0.0,0.0,"21,238",0.0,0.0
180,MAXN,"Maxeon Solar Technologies, Ltd.",3.88,82.78,101.51,-0.29,-1.89,101.51,145.59,117.21,0.66,13.08,103.05,122.47,344.69,,138.58,500.0,,,,,,-243.18,911,6.43,4.59,"50,299",0.04,0.07
196,BMRN,BioMarin Pharmaceutical Inc.,55.58,28.74,27.29,0.75,-9.2,23.29,38.67,33.21,25.83,10.59,32.5,35.56,44.58,10.74,19.06,,,,,,,-17.29,"2,215",-25.75,61.68,"39,973",2.0,6.46
192,SMTC,Semtech Corporation,62.1,61.85,57.53,0.6,-9.91,57.46,116.49,97.52,1.99,1.08,93.02,85.32,91.97,53.75,42.69,67.67,,,,,,-34.44,"2,807",-4.39,-3.51,"41,664",0.67,1.52
323,LAB,Standard BioTools Inc.,1.27,48.37,71.21,1.89,-1.89,69.9,90.05,83.01,3.31,1.0,80.08,76.95,108.31,-41.04,-42.97,68.24,,,,,,-37.1,459,-37.55,48.54,"2,668",14.02,18.31
234,HUBS,"HubSpot, Inc.",497.23,44.86,43.25,-0.43,-8.94,32.14,53.04,46.12,31.13,34.08,46.0,42.87,112.83,7.37,140.35,49.27,,,,,,-69.58,"3,911",-14.79,-5.03,"19,804",3.38,7.44
12,PCG,PG&E Corporation,15.02,33.63,30.68,1.87,-1.92,28.61,35.36,31.99,33.77,25.47,33.56,30.1,70.92,17.97,10.39,50.83,,,52.18,12.76,19.79,-40.24,"135,872",4.82,327.03,"2,672,330",3.51,11.12
257,MIDD,Middleby Corporation,137.94,72.54,46.48,0.77,-10.91,33.01,55.44,42.87,68.87,71.7,47.34,43.09,36.46,-34.24,-76.51,35.89,,,,,,10.02,"3,543",-0.28,-46.35,"12,561",0.14,-1.55
150,NICE,NICE Ltd.,143.03,54.89,40.22,0.31,-4.49,35.12,47.92,42.74,23.18,24.27,43.45,41.57,41.34,0.72,6.37,46.75,,,,,,-1.12,"4,158",8.48,-26.96,"83,019",-0.74,6.08
72,EQT,EQT Corporation,50.19,24.21,35.3,0.4,-3.56,35.25,45.61,42.06,1.32,0.64,40.71,39.05,39.49,2.78,8.17,37.3,,,37.3,0.73,2.14,-4.19,"8,881",-27.07,-45.8,"344,484",0.55,1.15
202,ZTO,ZTO Express (Cayman) Inc.,19.0,28.29,33.31,0.5,-7.01,31.39,41.45,37.78,11.92,7.04,36.66,36.91,46.28,7.25,-10.45,32.69,,,,,,-12.98,"3,278",-1.5,37.27,"37,235",5.71,7.15
170,OMER,Omeros Corporation,4.2,60.04,111.01,0.49,-3.2,97.9,147.27,123.48,9.27,17.61,108.12,118.58,176.02,5.87,10.89,180.74,,,199.64,,33.75,-65.02,"2,898",-6.79,-14.86,"61,576",0.99,4.93
331,TYL,"Tyler Technologies, Inc.",558.1,28.48,25.02,0.62,-10.79,20.96,31.22,27.71,25.83,18.12,27.6,25.49,44.19,26.04,-10.17,26.98,,,,,,-19.17,489,-1.41,14.79,"1,852",2.21,5.23
118,ZS,"Zscaler, Inc.",280.88,29.33,31.37,-0.1,-16.39,31.25,48.82,42.71,1.32,1.09,40.6,38.99,42.13,3.41,-40.71,16.3,,,16.3,-51.26,-64.57,-10.75,"11,082",-49.39,-88.94,"145,528",1.77,9.51
255,VTR,"Ventas, Inc.",68.55,13.53,18.28,0.56,-4.79,18.27,28.78,24.77,1.32,1.01,23.42,22.2,16.39,-39.76,-16.81,16.4,,,16.4,-37.92,-16.35,1.89,"1,556",-5.93,-52.98,"12,803",-0.15,10.09
267,MTH,Meritage Homes Corporation,79.25,41.53,41.51,1.53,-0.81,32.77,45.35,39.1,74.17,75.57,40.61,39.13,36.25,1.2,-9.32,36.38,,,,,,5.26,"1,022",-3.49,-4.22,"11,233",0.87,2.8
11,MSTR,MicroStrategy Incorporated,326.64,55.07,50.59,0.55,-21.34,50.56,114.09,93.99,1.32,0.2,82.19,90.08,80.61,-12.44,-23.21,60.48,,,56.38,,,-30.02,"174,604",-54.57,-60.66,"2,754,655",1.84,0.54
276,CMS,CMS Energy Corporation,70.82,13.16,16.69,-0.03,-2.66,15.78,20.85,18.54,15.89,9.6,17.95,17.08,20.47,-13.05,-19.84,16.52,,,16.52,-10.23,-29.99,-3.78,"2,542",0.0,0.51,"8,925",0.17,5.51
37,TEVA,Teva Pharmaceutical Industries Limited,19.48,39.4,39.89,0.52,-8.57,39.82,63.19,51.67,1.32,1.89,44.46,47.05,40.15,-30.19,-28.32,40.67,,,40.28,-4.12,,-0.27,"36,398",-23.83,-14.07,"787,885",2.82,4.22
279,VSH,"Vishay Intertechnology, Inc.",15.2,61.38,54.1,0.59,-17.21,35.43,78.38,63.09,29.14,27.36,63.49,57.15,46.47,-0.65,2.85,44.36,,,44.36,-9.31,-8.26,7.63,395,0.25,-33.72,"8,618",-0.68,-0.07
75,SE,Sea Limited,192.07,58.67,46.23,0.5,-6.51,33.57,56.49,48.96,29.8,35.06,50.62,46.77,39.27,-18.4,-22.49,41.77,,,,,,6.97,"10,379",-24.73,-42.23,"341,476",0.83,2.08
299,VERX,"Vertex, Inc.",24.88,72.1,49.15,0.69,-0.66,35.01,56.16,50.63,23.18,40.1,53.05,49.83,75.95,47.59,34.59,46.29,,,46.29,-8.02,,-26.8,"1,486",0.0,156.21,"4,813",23.47,41.93
221,TTEK,"Tetra Tech, Inc.",35.05,21.37,26.15,0.78,-7.01,26.02,37.53,33.57,1.99,0.9,29.77,31.88,30.06,-52.43,-6.35,28.96,,,28.96,,,-3.91,"2,718",-0.11,1.04,"26,869",0.0,2.2
355,KRG,"Knightscope, Inc.",22.92,27.85,23.42,0.36,-8.15,20.2,30.3,26.75,19.87,13.52,27.46,24.64,34.39,7.72,-18.64,50.74,,,49.73,35.93,552.31,-10.97,152,-1.3,261.9,502,0.2,37.91
322,IRWD,"Ironwood Pharmaceuticals, Inc.",1.12,102.25,110.28,-0.46,-11.96,105.61,140.93,119.84,32.45,14.98,121.58,109.85,165.71,-8.58,9.58,107.81,,,,,,-55.43,300,-4.76,270.37,"2,735",0.44,1.75
58,KHC,Kraft Heinz Company (The),26.84,32.18,26.26,0.24,-2.57,19.29,28.16,25.55,46.36,62.19,27.28,24.82,33.43,-12.43,-29.87,26.93,,,26.93,54.28,,-7.17,"20,412",-45.17,-70.1,"465,497",4.43,12.2
63,GEO,"GEO Group, Inc. (The)",20.99,49.95,47.07,0.44,-4.77,47.07,80.08,59.48,0.66,13.59,50.92,61.75,71.26,0.89,2.44,57.64,,,,,,-24.18,"9,805",-33.43,-51.17,"417,853",0.99,-0.37
308,GBX,"Greenbrier Companies, Inc. (The)",45.87,27.61,41.3,0.65,-6.82,28.47,51.47,42.47,41.06,42.54,42.94,41.73,42.0,-1.21,8.59,47.93,,,45.46,-3.81,24.38,-0.7,552,-18.58,-37.77,"3,775",0.24,2.69
297,IRTC,"iRhythm Technologies, Inc.",186.91,54.73,47.6,0.02,-2.6,43.47,59.59,50.25,32.45,28.66,45.77,52.24,125.87,109.23,87.56,200.3,,,,,,-78.28,418,0.97,21.16,"4,884",23.27,30.76
232,IMCR,Immunocore Holdings plc,36.26,34.92,44.0,0.54,4.58,37.32,51.36,44.96,46.36,41.34,44.69,42.81,61.83,15.07,11.53,66.27,,,,,,-17.83,663,0.15,-33.5,"20,538",-0.01,1.72
76,DDOG,"Datadog, Inc.",138.71,43.89,41.41,0.61,-8.09,36.71,50.51,45.03,17.88,12.14,44.57,42.8,56.64,15.82,21.13,50.35,,,50.35,13.6,,-15.23,"15,256",-5.59,-29.51,"337,111",1.45,-2.84
332,MITT,"AG Mortgage Investment Trust, Inc.",7.82,36.37,32.14,0.22,-9.74,22.21,38.76,31.03,36.42,57.61,32.59,29.57,32.96,0.01,37.31,35.4,,,,,,-0.82,462,-0.65,22.55,"1,736",0.29,15.73
315,VAC,Marriott Vacations Worldwide Corporation,77.75,38.86,40.56,0.27,-19.67,36.83,59.26,51.05,11.92,9.46,49.49,47.02,60.84,17.79,29.44,,,,,,,-20.29,563,0.18,-11.48,"3,093",0.98,7.02
223,WELL,Welltower Inc.,169.19,18.3,18.85,0.43,-4.41,18.85,25.86,23.58,0.66,0.16,22.47,21.87,20.46,-59.46,-30.48,21.0,,,21.0,,-9.46,-1.61,"1,545",-4.1,-8.53,"25,325",-0.13,3.49
166,BSY,"Bentley Systems, Incorporated",53.46,22.97,21.39,1.02,-15.33,21.28,30.71,27.69,0.66,1.03,26.27,26.07,45.92,61.32,56.83,49.98,,,,,,-24.53,706,-3.16,-66.4,"64,949",0.07,1.13
177,PPL,PPL Corporation,35.83,14.42,16.8,0.58,-1.72,16.79,21.63,19.64,0.66,1.14,19.0,18.37,26.12,57.91,54.6,,,,,,,-9.32,"1,194",-7.44,-49.08,"54,709",12.7,13.67
130,INSM,Insmed Incorporated,146.48,35.33,53.83,0.52,-1.95,38.31,57.63,46.89,59.6,80.1,48.55,45.97,30.1,-6.46,-41.85,18.74,,,15.15,-41.27,,23.74,"4,089",-5.41,-60.4,"103,872",1.08,10.07
8,LCID,"Lucid Group, Inc.",19.01,72.07,82.57,0.51,2.73,69.12,84.22,76.15,94.7,94.58,80.44,77.88,197.26,4.47,-39.8,297.93,,,95.86,,,-114.69,"99,548",-17.49,3.7,"3,040,753",0.98,-3.08
74,LI,Li-Cycle Holdings Corp.,24.13,48.15,42.48,0.42,-5.21,42.48,65.88,57.76,0.66,0.87,53.46,58.4,127.22,109.36,100.31,101.81,,,,,,-84.75,"10,435",-7.67,-53.38,"342,810",1.32,0.16
136,TTWO,"Take-Two Interactive Software, Inc.",248.26,27.13,27.71,0.46,-4.81,23.16,38.71,33.13,3.97,6.22,32.16,29.65,32.22,-16.0,-16.15,11.4,,,11.4,,,-4.51,"6,235",-38.32,-31.43,"96,335",1.09,2.78
164,FE,FirstEnergy Corp.,43.34,12.22,14.84,0.46,-5.93,14.84,28.6,23.86,0.66,2.93,22.9,20.65,12.17,-15.8,-9.22,9.47,,,9.47,-27.96,-35.88,2.66,"1,357",2.18,-65.18,"67,935",0.64,3.27
48,NEE,"NextEra Energy, Inc.",69.75,20.28,28.58,0.5,-4.13,26.2,34.66,30.7,28.48,20.79,30.44,28.69,31.37,3.09,10.68,25.52,,,24.65,1.74,,-2.79,"16,248",-53.84,-38.72,"637,723",1.64,2.62
347,FWONK,Formula One Group,100.68,21.6,19.94,-0.14,-9.33,19.94,33.17,28.89,0.66,0.14,26.56,26.48,28.53,4.57,-4.5,24.72,,,,,,-8.6,182,1.68,-7.61,954,0.21,3.25
188,WIX,Wix.com Ltd.,163.56,56.96,50.96,2.65,-1.6,40.5,54.89,49.1,56.29,66.41,48.98,47.37,99.36,105.48,108.92,75.06,,,72.22,40.64,47.16,-48.4,"9,894",-20.06,107.6,"43,763",15.72,23.61
305,EGHT,"8x8, Inc.",2.05,66.61,58.02,-0.01,-5.61,58.02,69.81,64.84,0.0,0.46,61.7,63.33,67.1,-1.43,14.18,64.57,,,,,,-9.09,139,-13.12,-17.26,"4,082",0.77,5.34
124,MGNI,"Magnite, Inc.",24.58,55.06,59.27,0.59,-12.0,51.25,79.66,68.52,27.15,16.04,67.25,63.53,56.26,-17.61,-14.57,57.47,,,,,,3.01,"7,728",-27.37,7.63,"117,413",2.46,5.79
146,DDD,3D Systems Corporation,2.12,111.12,106.94,0.54,0.08,90.17,111.2,101.44,87.42,88.36,101.37,100.16,117.3,7.45,5.07,128.89,,,,,,-10.35,"2,308",-15.4,-14.49,"87,981",0.81,3.79
114,DXCM,"DexCom, Inc.",78.4,47.56,43.91,0.08,-2.83,31.54,50.17,43.51,43.05,52.54,44.48,41.01,44.65,10.11,-6.21,42.29,,,42.29,3.14,,-0.75,"6,218",-6.78,-9.17,"152,349",1.09,-0.73
115,TRIP,"TripAdvisor, Inc.",17.37,53.23,54.68,0.48,-11.5,44.08,66.93,57.69,32.45,34.21,59.04,54.13,95.14,48.59,90.71,79.09,,,44.84,-6.61,-4.73,-40.46,"19,507",271.0,197.0,"147,390",0.31,2.13
271,RGEN,Repligen Corporation,117.97,47.51,46.53,0.78,-10.33,46.17,61.39,55.5,6.62,2.82,52.97,51.9,53.62,-0.18,9.11,74.48,,,,,,-7.08,"1,395",0.07,-19.78,"10,631",0.12,0.42
41,SLB,Schlumberger Limited,36.18,29.28,30.44,0.61,-22.43,28.59,46.01,39.6,29.14,9.16,39.03,36.42,49.14,27.27,4.15,42.53,,,,,,-18.7,"18,104",-21.75,-80.81,"746,689",0.15,0.12
334,AMPH,"Amphastar Pharmaceuticals, Inc.",29.17,63.28,45.35,-0.48,-4.3,34.92,49.72,41.02,86.75,90.51,43.87,43.0,222.6,220.0,225.97,232.57,,,,,,-177.25,185,-0.54,-4.64,"1,453",0.28,0.83
147,DBRG,"DigitalBridge Group, Inc.",11.26,29.76,45.9,0.62,-14.56,43.84,71.25,59.44,10.6,6.4,56.16,54.55,43.26,-23.49,-3.47,45.64,,,,,,2.65,"1,540",1.45,-10.83,"87,830",0.05,0.06
49,BE,Bloom Energy Corporation,54.26,66.45,75.72,0.48,0.58,69.09,118.39,91.71,13.25,15.91,83.12,92.7,107.7,4.81,9.68,117.33,,,,,,-31.98,"26,317",-54.11,-64.84,"627,373",4.93,9.22
280,TREE,"LendingTree, Inc.",71.91,48.73,69.05,0.3,-1.93,69.05,87.13,78.89,0.0,3.53,74.33,73.58,82.4,23.13,35.67,76.23,,,,,,-13.35,"1,358",-9.16,39.71,"8,564",3.47,11.26
290,BFH,"Bread Financial Holdings, Inc.",65.35,33.0,35.15,0.44,-16.0,35.15,50.33,47.21,0.0,0.01,43.94,46.68,35.26,6.6,-9.9,34.39,,,33.92,-16.89,-10.87,-0.12,"3,798",-12.04,56.68,"6,509",0.03,21.5
215,NVCR,NovoCure Limited,12.52,42.56,67.63,0.51,-2.64,53.74,90.05,72.27,41.72,36.55,60.99,75.09,115.64,37.17,69.35,96.89,,,96.89,,53.9,-48.01,"2,026",-24.82,2.43,"29,858",1.63,3.0
184,AVDL,Avadel Pharmaceuticals plc,15.1,53.48,47.38,0.72,-4.17,47.02,83.92,65.08,1.99,10.28,60.37,64.21,92.01,30.94,56.63,59.92,,,59.14,,,-44.62,"1,764",-11.18,33.43,"48,074",1.43,11.37
90,SRPT,"Sarepta Therapeutics, Inc.",17.56,80.8,147.57,0.51,-1.0,37.4,157.81,98.05,76.16,88.46,121.69,105.27,110.37,0.89,-2.71,147.75,,,,,,37.2,"15,201",-30.8,-4.41,"247,103",1.97,1.21
135,DOCN,"DigitalOcean Holdings, Inc.",34.02,96.95,68.32,0.53,-7.89,46.04,78.93,63.53,58.94,69.36,67.85,63.07,65.0,19.83,12.96,58.89,,,58.35,4.31,,3.32,"3,858",10.99,36.57,"96,424",0.23,2.59
14,MSFT,Microsoft Corporation,500.07,19.56,21.31,0.33,-17.93,21.01,32.53,27.61,0.66,2.71,26.26,24.67,23.05,-7.8,-0.44,22.6,,,21.97,-1.51,-20.82,-1.74,"101,661",-51.78,-56.35,"2,371,964",0.7,4.46
172,GH,"Guardant Health, Inc.",59.2,67.45,53.1,0.63,-4.49,53.03,74.17,66.09,0.66,2.23,64.39,62.61,76.69,-14.56,25.18,52.61,,,,,,-23.59,"11,441",-2.0,83.58,"60,413",0.24,3.23
69,BILI,Bilibili Inc.,24.18,46.74,46.61,3.02,-0.43,45.47,85.73,66.74,3.31,2.26,57.29,69.45,65.49,11.03,9.77,58.03,,,,,,-18.88,"18,404",39.49,16.7,"360,785",1.23,1.7
294,MMYT,MakeMyTrip Limited,99.29,36.01,42.59,-0.98,-8.55,42.59,58.74,53.25,0.0,0.03,49.62,50.96,153.84,174.33,148.19,196.79,,,,,,-111.25,544,-0.18,-1.45,"5,719",-0.31,2.88
351,PEB,Peabody Energy Corporation,11.44,41.05,39.24,0.55,-23.76,32.71,59.19,49.75,31.13,15.0,49.49,45.65,63.31,-4.31,15.66,42.3,,,42.3,7.88,-12.44,-24.07,58,-4.92,-30.12,659,-31.92,-31.35
356,WKC,Wolters Kluwer N.V.,26.01,31.13,24.25,0.94,-9.31,24.1,39.17,32.85,2.65,0.68,29.9,33.05,38.44,4.21,0.08,42.88,,,55.91,21.9,3.14,-14.2,43,0.0,0.0,434,0.0,0.46
105,LAC,Lithium Americas Corp.,2.85,59.08,55.28,0.81,-9.63,54.96,79.66,64.6,1.32,7.33,60.36,68.7,85.99,-18.46,10.85,113.47,,,,,,-30.71,"1,941",-36.36,-46.88,"177,106",0.57,1.77
56,SHOP,Shopify Inc.,143.83,66.83,54.03,0.69,-11.46,49.16,72.82,64.28,17.88,8.76,63.2,59.57,51.38,-52.94,-66.11,46.75,,,69.88,3.42,-16.34,2.65,"25,098",-19.89,-12.35,"505,025",1.67,2.69
73,CFLT,"Confluent, Inc.",19.81,125.04,82.1,0.57,-3.55,48.99,88.72,73.22,84.77,82.08,79.88,72.76,62.46,-20.92,-4.45,72.46,,,,,,19.64,"13,333",-51.02,-24.11,"343,113",1.08,3.29
185,PRGS,Progress Software Corporation,42.87,31.86,34.98,0.51,-2.08,27.79,40.36,34.77,36.42,52.19,36.68,34.8,51.61,-7.5,12.99,46.18,,,46.18,,,-16.63,"2,095",-49.3,7.16,"46,753",4.56,8.29
98,PENN,"Penn Entertainment, Inc.",20.23,29.03,41.89,0.49,-18.98,41.56,61.93,54.73,7.28,3.82,52.2,49.88,77.22,44.88,13.96,45.78,,,,,,-35.33,"9,546",18.63,-13.26,"214,372",0.57,-3.26
47,DKNG,DraftKings Inc.,45.72,30.63,34.83,0.2,-11.63,34.83,56.48,49.65,0.66,0.74,47.16,44.8,39.25,-31.42,-35.3,39.27,,,44.78,,,-4.42,"18,767",-40.76,-43.54,"648,289",0.98,0.92
