Ticker,Contract Name,Type,Expiry,Strike,Moneyness,Bid,Ask,Volume,Open Interest,Bid Stock,Ask Stock,Last Stock Price,Implied Volatility,Expiry_dt,Years_to_Expiry,Forward,LogMoneyness,IV_bid,IV_ask,IV_mid,IV_spread,Delta,Ivol/Rvol100d Ratio,Call Local Vol,Put Local Vol,Realised Vol 100d
EQT,EQT270115P00035000,Put,2027-01-15,35.0,0.6419823188753366,1.0,1.88,15,176,52.2,52.39,52.36000061035156,0.3790345300292969,2027-01-15,1.377138945927447,54.51863543736705,-0.4431945163640498,0.33102079672382284,0.40987074755995334,0.37252924224875517,0.0788499508361305,-0.10890587368960403,1.0134038351092125,,,0.36760196610920504
EQT,EQT260116C00075000,Call,2026-01-16,75.0,1.4177625634524438,0.27,0.55,62,743,52.2,52.39,52.36000061035156,0.405279384765625,2026-01-16,0.3805612594113621,52.90025419867545,0.3490799694156352,0.34307783846668677,0.4017811544821334,0.3750582579600123,0.05870331601544665,0.08180199990536413,1.0202836016622179,,,0.36760196610920504
EQT,EQT250905P00049500,Put,2025-09-05,49.5,0.9460831512490748,0.11,0.16,2,38,52.2,52.39,52.36000061035156,0.3144599804687499,2025-09-05,0.01642710472279261,52.32098249994959,-0.05542481606674282,0.34252028955486563,0.38179719870319984,0.3629167122822837,0.039276909148334205,-0.11221745686986084,0.987254546333059,,,0.36760196610920504
EQT,EQT250912C00057000,Call,2025-09-12,57.0,1.0887979329119266,0.14,0.21,145,63,52.2,52.39,52.36000061035156,0.334967587890625,2025-09-12,0.03559206023271732,52.35131173289136,0.08507427385214758,0.3337123456517911,0.3723318543664819,0.3538815125502162,0.03861950871469083,0.10732217519481313,0.9626757884235232,,,0.36760196610920504
EQT,EQT270115C00085000,Call,2027-01-15,85.0,1.5590999172686746,1.08,1.61,1,75,52.2,52.39,52.36000061035156,0.3507145007324218,2027-01-15,1.377138945927447,54.51863543736705,0.44410867863685294,0.2981289992284585,0.33483514972044004,0.31722369746399925,0.03670615049198156,0.15700321636022674,0.8629543003308102,,,0.36760196610920504
EQT,EQT250905P00057000,Put,2025-09-05,57.0,1.0894290832565103,4.25,6.35,22,96,52.2,52.39,52.36000061035156,0.6611362011718751,2025-09-05,0.01642710472279261,52.32098249994959,0.08565378219316264,,1.2662295721293386,0.7964428412529346,,-0.7846680839334346,2.166590265233598,,,0.36760196610920504
EQT,EQT250926P00047000,Put,2025-09-26,47.0,0.8967408116016578,0.25,0.36,3,78,52.2,52.39,52.36000061035156,0.3505924316406249,2025-09-26,0.07392197125256673,52.41202295237782,-0.10898840895437432,0.33330836895467264,0.3724715676022683,0.3535892223760582,0.039163198647595654,-0.11865076654343021,0.961880661625776,,,0.36760196610920504
EQT,EQT260116P00042000,Put,2026-01-16,42.0,0.7939470355333684,0.5,0.98,4,3573,52.2,52.39,52.36000061035156,0.3703676245117187,2026-01-16,0.3805612594113621,52.90025419867545,-0.23073852583730706,0.3119075556283818,0.38719449040233533,0.3518464482115495,0.07528693477395354,-0.12068310724535614,0.9571397344132403,,,0.36760196610920504
EQT,EQT250926P00051000,Put,2025-09-26,51.0,0.9730591785464797,1.03,1.27,2,15,52.2,52.39,52.36000061035156,0.3169013623046874,2025-09-26,0.07392197125256673,52.41202295237782,-0.027310377940107107,0.2931636735549884,0.3383757533895035,0.31585049386457653,0.045212079834515084,-0.35906419671627043,0.8592187283643241,,,0.36760196610920504
EQT,EQT270115P00037000,Put,2027-01-15,37.0,0.67866702281107,1.66,2.29,10,70,52.2,52.39,52.36000061035156,0.3704896936035156,2027-01-15,1.377138945927447,54.51863543736705,-0.38762466520923916,0.3554984803334306,0.40311916610341336,0.37983936865736195,0.04762068576998274,-0.1373111408241493,1.0332898179998349,,,0.36760196610920504
EQT,EQT250919P00045000,Put,2025-09-19,45.0,0.8590793275407417,0.07,0.15,22,22002,52.2,52.39,52.36000061035156,0.4062559375,2025-09-19,0.05475701574264202,52.381658546970314,-0.15189401255309798,0.3730015461430612,0.4370479822756344,0.40823324160702645,0.06404643613257321,-0.050729658180704185,1.110530626176659,,,0.36760196610920504
EQT,EQT250905P00050000,Put,2025-09-05,50.0,0.9556395467162372,0.17,0.23,13,68,52.2,52.39,52.36000061035156,0.3105537695312499,2025-09-05,0.01642710472279261,52.32098249994959,-0.0453744802132414,0.33906338060573843,0.376562288313156,0.35829360197710736,0.037498907707417595,-0.15599842530661423,0.9746781437797523,,,0.36760196610920504
EQT,EQT250926P00048000,Put,2025-09-26,48.0,0.9158204033378633,0.39,0.51,32,46,52.2,52.39,52.36000061035156,0.3432682861328124,2025-09-26,0.07392197125256673,52.41202295237782,-0.08793499975654191,0.33061989049383345,0.3647861575095937,0.3480653891262239,0.034166267015760254,-0.1644015268379697,0.9468539921324107,,,0.36760196610920504
EQT,EQT250919C00057000,Call,2025-09-19,57.0,1.0881671482182727,0.3,0.37,3,21,52.2,52.39,52.36000061035156,0.333014482421875,2025-09-19,0.05475701574264202,52.381658546970314,0.08449476551113229,0.33282761892830337,0.3566618387756537,0.3449703516229297,0.023834219847350346,0.15712304790032006,0.938434457449142,,,0.36760196610920504
EQT,EQT260320C00075000,Call,2026-03-20,75.0,1.410387366038899,0.54,0.76,20,177,52.2,52.39,52.36000061035156,0.3657289990234375,2026-03-20,0.5530458590006845,53.17688020039416,0.34386439434649857,0.328407756204505,0.35842717691028914,0.3440057649518063,0.030019420705784117,0.11195143647990902,0.9358104598646545,,,0.36760196610920504
EQT,EQT250905P00053000,Put,2025-09-05,53.0,1.0129779195192115,1.04,1.41,43,143,52.2,52.39,52.36000061035156,0.3212958496093749,2025-09-05,0.01642710472279261,52.32098249994959,0.012894427910734417,0.23961738291618662,0.38489760161108705,0.3131770445140045,0.14528021869490043,-0.6183582613385863,0.8519460541213965,,,0.36760196610920504
EQT,EQT260618C00045000,Call,2026-06-18,45.0,0.8399507238516536,9.15,11.95,2,106,52.2,52.39,52.36000061035156,0.4458063232421875,2026-06-18,0.7994524298425736,53.5745713672932,-0.1744120509468297,0.2112676670558261,0.4178202248734889,0.3212490574734353,0.2065525578176628,0.7736215896608218,0.8739046226374113,,,0.36760196610920504
EQT,EQT250919C00060000,Call,2025-09-19,60.0,1.1454391033876556,0.07,0.12,18,10914,52.2,52.39,52.36000061035156,0.344733115234375,2025-09-19,0.05475701574264202,52.381658546970314,0.135788059898683,0.3314557714454395,0.36924739396408107,0.3517393272677715,0.0377916225186416,0.05385124807917935,0.9568483297047407,,,0.36760196610920504
EQT,EQT250905C00055000,Call,2025-09-05,55.0,1.051203501387861,0.16,0.22,40,278,52.2,52.39,52.36000061035156,0.313483427734375,2025-09-05,0.01642710472279261,52.32098249994959,0.04993569959108345,0.34950284621742084,0.3878124458966174,0.36921309794096746,0.03830959967919656,0.15113332233546,1.0043828161443613,,,0.36760196610920504
EQT,EQT250912P00048000,Put,2025-09-12,48.0,0.9168824698205698,0.14,0.18,2,106,52.2,52.39,52.36000061035156,0.33399103515625,2025-09-12,0.03559206023271732,52.35131173289136,-0.08677598307451168,0.3462257760144586,0.3704502172438804,0.35867477406488285,0.0242244412294218,-0.09404851110329737,0.9757150590384216,,,0.36760196610920504
EQT,EQT250919C00035000,Call,2025-09-19,35.0,0.6681728103094657,15.9,19.4,5,42,52.2,52.39,52.36000061035156,1.036137631835938,2025-09-19,0.05475701574264202,52.381658546970314,-0.4032084408340041,,1.9776791079834934,1.1282003099321882,,0.9514720925089057,3.069081272533317,,,0.36760196610920504
EQT,EQT250905C00051000,Call,2025-09-05,51.0,0.9747523376505619,1.65,2.02,4,62,52.2,52.39,52.36000061035156,0.3774476318359374,2025-09-05,0.01642710472279261,52.32098249994959,-0.025571852917061707,0.3136769160008343,0.47391149533417787,0.3959521169814215,0.16023457933334356,0.701690241755794,1.0771218695380818,,,0.36760196610920504
EQT,EQT251003C00057000,Call,2025-10-03,57.0,1.0869066749365324,0.63,0.74,30,31,52.2,52.39,52.36000061035156,0.34180345703125,2025-10-03,0.09308692676249145,52.442404959311155,0.08333574882910207,0.3306241221685439,0.35348774859480675,0.34217728728434443,0.02286362642626283,0.2278201518579719,0.9308363905286959,,,0.36760196610920504
EQT,EQT251219C00040000,Call,2025-12-19,40.0,0.7578948247137958,12.4,14.3,3,22,52.2,52.39,52.36000061035156,0.6162147753906251,2025-12-19,0.30390143737166325,52.7777716586272,-0.2772106566426784,,0.6019452584799853,0.448717966080911,,0.8933115188017319,1.2206625846707482,,,0.36760196610920504
EQT,EQT260918C00070000,Call,2026-09-18,70.0,1.2966763100526029,2.39,2.74,4,20,52.2,52.39,52.36000061035156,0.35938140625,2026-09-18,1.051334702258727,53.98417435200947,0.2598043059931531,0.32320357564023666,0.34292796885749105,0.3331460588457512,0.019724393217254388,0.2776695979043253,0.9062684358624516,,,0.36760196610920504
EQT,EQT250905P00056000,Put,2025-09-05,56.0,1.0703162923221856,3.5,4.0,0,23,52.2,52.39,52.36000061035156,0.45508357421875,2025-09-05,0.01642710472279261,52.32098249994959,0.06795420509376175,,0.5404758735826434,0.3553824306206907,,-0.9291007135503593,0.9667587863638242,,,0.36760196610920504
EQT,EQT270115P00032000,Put,2027-01-15,32.0,0.5869552629717363,1.19,1.38,1,33,52.2,52.39,52.36000061035156,0.3940490283203125,2027-01-15,1.377138945927447,54.51863543736705,-0.532806675053737,0.4029168345998228,0.4223485428168798,0.4127644616512945,0.019431708217056975,-0.08977258135900146,1.1228570565606628,,,0.36760196610920504
EQT,EQT250912P00050000,Put,2025-09-12,50.0,0.9550859060630934,0.42,0.49,2,44,52.2,52.39,52.36000061035156,0.317389638671875,2025-09-12,0.03559206023271732,52.35131173289136,-0.04595398855425664,0.3280587458427202,0.3516152004511141,0.3399416957546191,0.023556454608393895,-0.22704633764738003,0.9247548356518616,,,0.36760196610920504
EQT,EQT250905P00052000,Put,2025-09-05,52.0,0.9938651285848866,0.64,0.77,14,95,52.2,52.39,52.36000061035156,0.2871165039062499,2025-09-05,0.01642710472279261,52.32098249994959,-0.006153767059960149,0.29644584947168073,0.3457848180545083,0.32113624112628447,0.04933896858282755,-0.43246964950595856,0.8735977245314385,,,0.36760196610920504
EQT,EQT250919P00049500,Put,2025-09-19,49.5,0.9449872602948158,0.54,0.61,10,20,52.2,52.39,52.36000061035156,0.32617861328125,2025-09-19,0.05475701574264202,52.381658546970314,-0.056583832748773134,0.332794216112002,0.3517559799278517,0.3423404538731549,0.018961763815849686,-0.22771443722683782,0.931280258091586,,,0.36760196610920504
EQT,EQT251017P00042500,Put,2025-10-17,42.5,0.8094741337371578,0.15,0.19,64,383,52.2,52.39,52.36000061035156,0.3711000390625,2025-10-17,0.13141683778234087,52.50322181857396,-0.21137045975710725,0.36756389358229347,0.38704474373657083,0.3776036378402637,0.019480850154277363,-0.05341908995297173,1.0272078842148722,,,0.36760196610920504
EQT,EQT250919C00030000,Call,2025-09-19,30.0,0.5727195516938278,20.65,24.3,1,61,52.2,52.39,52.36000061035156,1.1484417578125,2025-09-19,0.05475701574264202,52.381658546970314,-0.5573591206612623,,2.463316316995796,1.282225937113544,,0.9776579045857473,3.488082369865856,,,0.36760196610920504
EQT,EQT270115P00045000,Put,2027-01-15,45.0,0.8254058385540042,3.75,4.5,4,101,52.2,52.39,52.36000061035156,0.3362493133544921,2027-01-15,1.377138945927447,54.51863543736705,-0.19188008808314377,0.33941922948539593,0.37831546175363545,0.3589536556450491,0.03889623226823952,-0.2526627821941332,0.9764737099866687,,,0.36760196610920504
EQT,EQT270115P00030000,Put,2027-01-15,30.0,0.5502705590360027,0.91,1.1,3,126,52.2,52.39,52.36000061035156,0.4038145556640625,2027-01-15,1.377138945927447,54.51863543736705,-0.5973451961913082,0.40789803133885516,0.430807938672448,0.4195739554954618,0.022909907333592827,-0.07223083391753948,1.141381151837521,,,0.36760196610920504
EQT,EQT250926C00053000,Call,2025-09-26,53.0,1.0112183620188906,1.59,1.78,7,17,52.2,52.39,52.36000061035156,0.3461979443359374,2025-09-26,0.07392197125256673,52.41202295237782,0.011155902887688862,0.3279682255360132,0.36158225842751074,0.34478015777358845,0.03361403289149756,0.47124626883818554,0.9379170667198313,,,0.36760196610920504
EQT,EQT250905C00054000,Call,2025-09-05,54.0,1.0320907104535362,0.33,0.4,52,139,52.2,52.39,52.36000061035156,0.3051827294921875,2025-09-05,0.01642710472279261,52.32098249994959,0.03158656092288694,0.346202895150942,0.3787006998732252,0.36262019825425706,0.0324978047222832,0.25578739269280604,0.9864479292434796,,,0.36760196610920504
EQT,EQT250919P00048500,Put,2025-09-19,48.5,0.9258966085716882,0.35,0.42,21,108,52.2,52.39,52.36000061035156,0.335944140625,2025-09-19,0.05475701574264202,52.381658546970314,-0.07699270437998028,0.338582006753019,0.36179447245575824,0.3503577439007508,0.023212465702739216,-0.16351702573536753,0.9530899619744378,,,0.36760196610920504
EQT,EQT250905P00054000,Put,2025-09-05,54.0,1.0320907104535362,1.78,2.1,13,73,52.2,52.39,52.36000061035156,0.327155166015625,2025-09-05,0.01642710472279261,52.32098249994959,0.03158656092288694,0.22234326326158985,0.38872672281560394,0.313140572961762,0.1663834595540141,-0.7784434008670877,0.8518468393303861,,,0.36760196610920504
EQT,EQT250912C00053000,Call,2025-09-12,53.0,1.012391060426879,0.93,1.16,22,316,52.2,52.39,52.36000061035156,0.3315496533203125,2025-09-12,0.03559206023271732,52.35131173289136,0.012314919569719224,0.3099398570639025,0.36916445246335255,0.3395989061401949,0.059224595399450075,0.43636904273949206,0.9238223335272066,,,0.36760196610920504
EQT,EQT250926P00050000,Put,2025-09-26,50.0,0.9539795868102743,0.83,0.96,1,50,52.2,52.39,52.36000061035156,0.327155166015625,2025-09-26,0.07392197125256673,52.41202295237782,-0.04711300523628677,0.32161494247827965,0.34849435611387175,0.3351262776066077,0.026879413635592098,-0.2868456239686631,0.911655291601597,,,0.36760196610920504
EQT,EQT250926C00052000,Call,2025-09-26,52.0,0.9921387702826852,2.14,2.39,18,22,52.2,52.39,52.36000061035156,0.3696352099609374,2025-09-26,0.07392197125256673,52.41202295237782,-0.007892292083005572,0.3416102775185064,0.38609411844302427,0.36385487777723935,0.04448384092451785,0.551417092130434,0.9898066695028161,,,0.36760196610920504
EQT,EQT250905P00051000,Put,2025-09-05,51.0,0.9747523376505619,0.36,0.43,14,164,52.2,52.39,52.36000061035156,0.2968820312499999,2025-09-05,0.01642710472279261,52.32098249994959,-0.025571852917061707,0.3275057815791071,0.35892596353611544,0.34333738760249427,0.03142018195700835,-0.27321593687368884,0.933992250467174,,,0.36760196610920504
EQT,EQT251219C00041000,Call,2025-12-19,41.0,0.7768421953316407,11.7,12.9,2,16,52.2,52.39,52.36000061035156,0.526371923828125,2025-12-19,0.30390143737166325,52.7777716586272,-0.2525180440523069,0.2441543612141932,0.5068982994088802,0.40759475382608834,0.262743938194687,0.8918022557436353,1.1087937263779555,,,0.36760196610920504
EQT,EQT260320C00040000,Call,2026-03-20,40.0,0.7522065952207462,14.0,16.1,2,58,52.2,52.39,52.36000061035156,0.532109171142578,2026-03-20,0.5530458590006845,53.17688020039416,-0.2847442650758755,0.39097928369922685,0.6080046990907838,0.5061857639517011,0.21702541539155695,0.8275787278070422,1.3769941692894168,,,0.36760196610920504
EQT,EQT270115P00042000,Put,2027-01-15,42.0,0.7703787826504039,2.89,3.55,16,429,52.2,52.39,52.36000061035156,0.348639326171875,2027-01-15,1.377138945927447,54.51863543736705,-0.2608729595700952,0.348294147639432,0.38669047547681107,0.3676528596436614,0.03839632783737906,-0.2060024195099528,1.0001384473945965,,,0.36760196610920504
EQT,EQT270115C00080000,Call,2027-01-15,80.0,1.4673881574293408,1.67,2.26,15,7511,52.2,52.39,52.36000061035156,0.3603579589843749,2027-01-15,1.377138945927447,54.51863543736705,0.3834840568204181,0.30917159907314257,0.34322897958779547,0.3266302096506738,0.0340573805146529,0.209311475769762,0.8885431520070826,,,0.36760196610920504
EQT,EQT251017C00047500,Call,2025-10-17,47.5,0.9047063847650587,5.55,6.05,2,14,52.2,52.39,52.36000061035156,0.4057676611328125,2025-10-17,0.13141683778234087,52.50322181857396,-0.10014482464688289,0.31111110794480595,0.4054199912870608,0.3601134795262396,0.09430888334225485,0.7974066395495436,0.9796288179243829,,,0.36760196610920504
EQT,EQT260320P00035000,Put,2026-03-20,35.0,0.6581807708181528,0.48,0.56,2,128,52.2,52.39,52.36000061035156,0.4062559375,2026-03-20,0.5530458590006845,53.17688020039416,-0.4182756577003982,0.4064201417732721,0.4226760065956938,0.4146928090816439,0.016255864822421695,-0.0654583735235279,1.1281028049737074,,,0.36760196610920504
EQT,EQT251219C00042000,Call,2025-12-19,42.0,0.7957895659494856,11.1,12.15,5,17,52.2,52.39,52.36000061035156,0.5249070947265625,2025-12-19,0.30390143737166325,52.7777716586272,-0.22842049247324636,0.33810503883315374,0.5075344426528536,0.4308976754011146,0.1694294038196999,0.8600115448136165,1.1721854481950895,,,0.36760196610920504
EQT,EQT260320C00035000,Call,2026-03-20,35.0,0.6581807708181528,16.8,19.1,5,61,52.2,52.39,52.36000061035156,0.57812921875,2026-03-20,0.5530458590006845,53.17688020039416,-0.4182756577003982,,0.5480702563856447,0.3323986763526162,,0.9652906253983158,0.9042353061133225,,,0.36760196610920504
EQT,EQT250926C00054000,Call,2025-09-26,54.0,1.0302979537550963,1.18,1.34,3,69,52.2,52.39,52.36000061035156,0.3383855224609374,2025-09-26,0.07392197125256673,52.41202295237782,0.02984803589984158,0.3244128397353076,0.35375769400187623,0.33911792381337996,0.029344854266568632,0.39064981466911436,0.9225139011161785,,,0.36760196610920504
EQT,EQT250919P00047000,Put,2025-09-19,47.0,0.8972606309869968,0.18,0.23,25,3584,52.2,52.39,52.36000061035156,0.3496158789062499,2025-09-19,0.05475701574264202,52.381658546970314,-0.1084089006133592,0.35238325613188304,0.37667813227982283,0.3648570018089926,0.024294876147939792,-0.09468403921610924,0.9925327812327397,,,0.36760196610920504
EQT,EQT250912C00056000,Call,2025-09-12,56.0,1.0696962147906646,0.26,0.32,103,1133,52.2,52.39,52.36000061035156,0.327155166015625,2025-09-12,0.03559206023271732,52.35131173289136,0.06737469675274649,0.33907102907582476,0.3638060627488367,0.35166303288785505,0.02473503367301194,0.16296133375524308,0.9566407835353772,,,0.36760196610920504
EQT,EQT250919C00057500,Call,2025-09-19,57.5,1.0977124740798365,0.25,0.31,33,1692,52.2,52.39,52.36000061035156,0.335944140625,2025-09-19,0.05475701574264202,52.381658546970314,0.09322844547988696,0.3365749269155298,0.3592169401796977,0.3481371331396523,0.02264201326416787,0.1348684770003507,0.9470491597866746,,,0.36760196610920504
EQT,EQT250919P00049000,Put,2025-09-19,49.0,0.9354419344332521,0.44,0.5,2,86,52.2,52.39,52.36000061035156,0.3291082714843749,2025-09-19,0.05475701574264202,52.381658546970314,-0.0667362042127911,0.3366726995480758,0.3545634536143337,0.34569673360773484,0.017890754066257897,-0.19340074128464135,0.9404104588086922,,,0.36760196610920504
EQT,EQT250912P00051000,Put,2025-09-12,51.0,0.9741876241843553,0.67,0.76,23,93,52.2,52.39,52.36000061035156,0.3086006640625,2025-09-12,0.03559206023271732,52.35131173289136,-0.026151361258076856,0.3164240710951469,0.34176654080509666,0.3291384053624893,0.025342469709949744,-0.32556256535158545,0.8953662812149127,,,0.36760196610920504
EQT,EQT270115C00025000,Call,2027-01-15,25.0,0.458558799196669,27.75,30.7,4,40,52.2,52.39,52.36000061035156,0.5991251025390626,2027-01-15,1.377138945927447,54.51863543736705,-0.7796667529852628,,0.7370903353918541,0.5731676187829139,,0.932602459161746,1.559207163251789,,,0.36760196610920504
EQT,EQT251003P00052000,Put,2025-10-03,52.0,0.991563984152626,1.77,1.89,5,11,52.2,52.39,52.36000061035156,0.3117744604492187,2025-10-03,0.09308692676249145,52.442404959311155,-0.008471800424020714,0.31325525235105867,0.33230230270312033,0.32277947749904884,0.019047050352061667,-0.4462010181614058,0.8780678757391613,,,0.36760196610920504
EQT,EQT250919P00048000,Put,2025-09-19,48.0,0.9163512827101244,0.28,0.34,1,1544,52.2,52.39,52.36000061035156,0.3388737988281249,2025-09-19,0.05475701574264202,52.381658546970314,-0.08735549141552681,0.342311153509819,0.3647733155022811,0.35374081864161744,0.022462161992462093,-0.13638399522205513,0.962293054048928,,,0.36760196610920504
EQT,EQT250912P00052000,Put,2025-09-12,52.0,0.9932893423056172,1.05,1.15,9,32,52.2,52.39,52.36000061035156,0.3032296240234374,2025-09-12,0.03559206023271732,52.35131173289136,-0.00673327540097532,0.3105135427503505,0.3361851523355224,0.32335221922502205,0.025671609585171895,-0.4439833934402454,0.8796259243318695,,,0.36760196610920504
EQT,EQT260618P00035000,Put,2026-06-18,35.0,0.653295007440175,0.84,0.94,11,75,52.2,52.39,52.36000061035156,0.3920959228515625,2026-06-18,0.7994524298425736,53.5745713672932,-0.4257264792277358,0.39894720928410715,0.4125025068271488,0.40580095423275414,0.013555297543041633,-0.08774851743391676,1.1039139929741322,,,0.36760196610920504
EQT,EQT251017P00047500,Put,2025-10-17,47.5,0.9047063847650587,0.69,0.78,178,117,52.2,52.39,52.36000061035156,0.334967587890625,2025-10-17,0.13141683778234087,52.50322181857396,-0.10014482464688289,0.33435677476643977,0.3517232793295081,0.3431108925136221,0.01736650456306832,-0.1928817157515319,0.9333761082542543,,,0.36760196610920504
EQT,EQT260116C00023000,Call,2026-01-16,23.0,0.4347805194587494,27.95,31.2,7,93,52.2,52.39,52.36000061035156,0.72851833984375,2026-01-16,0.3805612594113621,52.90025419867545,-0.8329139281915257,,1.2447625549200634,0.7020371624999494,,0.9838127816337818,1.9097753201118417,,,0.36760196610920504
EQT,EQT260320P00040000,Put,2026-03-20,40.0,0.7522065952207462,1.03,1.17,2,229,52.2,52.39,52.36000061035156,0.37695935546875,2026-03-20,0.5530458590006845,53.17688020039416,-0.2847442650758755,0.3788817624304711,0.3961276813840976,0.38759640603185924,0.017245918953626482,-0.12882134670372536,1.0543915478316956,,,0.36760196610920504
EQT,EQT251219P00043000,Put,2025-12-19,43.0,0.8147369365673304,0.81,0.9,30,91,52.2,52.39,52.36000061035156,0.3713441772460937,2025-12-19,0.30390143737166325,52.7777716586272,-0.20488999506305236,0.37323957243765293,0.38734639053490494,0.38035474308267536,0.014106818097252005,-0.13962643134760033,1.0346918083938696,,,0.36760196610920504
EQT,EQT260116C00025000,Call,2026-01-16,25.0,0.47258752115081454,25.75,29.35,10,279,52.2,52.39,52.36000061035156,0.64648791015625,2026-01-16,0.3805612594113621,52.90025419867545,-0.7495323192524747,,1.165376261652744,0.591906856501067,,0.9873001515255044,1.6101841422829246,,,0.36760196610920504
EQT,EQT250926C00056000,Call,2025-09-26,56.0,1.0684571372275071,0.66,0.77,1,895,52.2,52.39,52.36000061035156,0.3405827661132812,2025-09-26,0.07392197125256673,52.41202295237782,0.06621568007071633,0.3325766798924692,0.3567125994253848,0.3447497562178484,0.024135919532915606,0.25476642271685046,0.9378343643445917,,,0.36760196610920504
EQT,EQT250919C00056000,Call,2025-09-19,56.0,1.0690764964951451,0.47,0.53,2,203,52.2,52.39,52.36000061035156,0.3305731005859375,2025-09-19,0.05475701574264202,52.381658546970314,0.06679518841173143,0.3367443753841181,0.3535056745307679,0.3451944818733389,0.01676129914664981,0.21577911867470306,0.9390441665124025,,,0.36760196610920504
EQT,EQT260116C00033000,Call,2026-01-16,33.0,0.6238155279190752,19.15,21.4,3,147,52.2,52.39,52.36000061035156,0.6225623681640625,2026-01-16,0.3805612594113621,52.90025419867545,-0.47190058265419504,,0.8025017741525123,0.593193825127286,,0.9295610589159566,1.6136851263495786,,,0.36760196610920504
EQT,EQT270115C00070000,Call,2027-01-15,70.0,1.2839646377506733,3.25,3.7,15,351,52.2,52.39,52.36000061035156,0.3593203717041016,2027-01-15,1.377138945927447,54.51863543736705,0.2499526641958955,0.3185527932879925,0.3392781876972881,0.32897791095929213,0.020725394409295606,0.32476560043899433,0.8949296828884786,,,0.36760196610920504
EQT,EQT260618C00065000,Call,2026-06-18,65.0,1.2132621566746107,2.53,2.93,5,806,52.2,52.39,52.36000061035156,0.366217275390625,2026-06-18,0.7994524298425736,53.5745713672932,0.1933127291784876,0.32706809441580964,0.3514341391593328,0.33933501065723537,0.024366044743523163,0.3136829863307252,0.9231044497635459,,,0.36760196610920504
EQT,EQT250926C00055000,Call,2025-09-26,55.0,1.0493775454913017,0.92,1.01,331,70,52.2,52.39,52.36000061035156,0.336920693359375,2025-09-26,0.07392197125256673,52.41202295237782,0.04819717456803807,0.33487764923754404,0.35260591352708776,0.3437719436988352,0.017728264289543716,0.3195606472327357,0.9351743880409753,,,0.36760196610920504
EQT,EQT251219C00062500,Call,2025-12-19,62.5,1.1842106636153058,1.06,1.16,4,75,52.2,52.39,52.36000061035156,0.3557193334960937,2025-12-19,0.30390143737166325,52.7777716586272,0.16907644598574106,0.3399467737866437,0.351882679229504,0.3459547335820036,0.011935905442860328,0.21441932613117964,0.9411123048216489,,,0.36760196610920504
EQT,EQT260618C00062500,Call,2026-06-18,62.5,1.166598227571741,3.15,3.35,3,19,52.2,52.39,52.36000061035156,0.3583438189697265,2026-06-18,0.7994524298425736,53.5745713672932,0.15409201602520628,0.33084594626251507,0.3424025387818375,0.3366361211713596,0.01155659251932245,0.35888226685556956,0.9157625698643671,,,0.36760196610920504
EQT,EQT250912C00055000,Call,2025-09-12,55.0,1.0505944966694027,0.43,0.49,1825,680,52.2,52.39,52.36000061035156,0.3217841259765625,2025-09-12,0.03559206023271732,52.35131173289136,0.049356191250068224,0.3380971062208967,0.35784991884642164,0.34805261944599997,0.019752812625524918,0.23612399320479788,0.9468192543415357,,,0.36760196610920504
EQT,EQT250912C00054000,Call,2025-09-12,54.0,1.031492778548141,0.68,0.75,44,135,52.2,52.39,52.36000061035156,0.3203192968749999,2025-09-12,0.03559206023271732,52.35131173289136,0.031007052581871728,0.33690166818299117,0.3565158214177543,0.34673978597826527,0.01961415323476312,0.3294999545409515,0.9432479092760289,,,0.36760196610920504
EQT,EQT260320P00065000,Put,2026-03-20,65.0,1.2223357172337126,12.2,13.2,30,52,52.2,52.39,52.36000061035156,0.2375564526367187,2026-03-20,0.5530458590006845,53.17688020039416,0.20076355070582536,,0.3313518686418041,0.28810276313837146,,-0.7967053111075024,0.7837356426238036,,,0.36760196610920504
EQT,EQT260918C00057500,Call,2026-09-18,57.5,1.0651269689717808,5.75,6.05,4,12,52.2,52.39,52.36000061035156,0.3734193518066406,2026-09-18,1.051334702258727,53.98417435200947,0.06309401174709875,0.33688012214796,0.35108310488618416,0.3439816806179981,0.014202982738224179,0.4989873589530899,0.9357449424408412,,,0.36760196610920504
EQT,EQT250926P00052000,Put,2025-09-26,52.0,0.9921387702826852,1.56,1.67,1,35,52.2,52.39,52.36000061035156,0.3090889404296875,2025-09-26,0.07392197125256673,52.41202295237782,-0.007892292083005572,0.31147663866989894,0.331061679214776,0.3212700937849134,0.01958504054487703,-0.44669016076258494,0.8739618484234993,,,0.36760196610920504
EQT,EQT250912P00054000,Put,2025-09-12,54.0,1.031492778548141,2.08,2.28,1,124,52.2,52.39,52.36000061035156,0.2924875439453124,2025-09-12,0.03559206023271732,52.35131173289136,0.031007052581871728,0.26521460452739637,0.3238062973106915,0.2949665006102552,0.058591692783295124,-0.7017277374752349,0.8024072986667005,,,0.36760196610920504
EQT,EQT270115P00040000,Put,2027-01-15,40.0,0.7336940787146704,2.59,2.98,3,1648,52.2,52.39,52.36000061035156,0.3559634716796874,2027-01-15,1.377138945927447,54.51863543736705,-0.3096631237395272,0.36696957397912167,0.3916634504492461,0.37940387227550315,0.024693876470124443,-0.17927777725187943,1.032105122535694,,,0.36760196610920504
EQT,EQT250905C00050000,Call,2025-09-05,50.0,0.9556395467162372,2.53,2.69,11,25,52.2,52.39,52.36000061035156,0.3564517480468749,2025-09-05,0.01642710472279261,52.32098249994959,-0.0453744802132414,0.36486348880003433,0.4541538347058958,0.4113332985336292,0.08929034590586149,0.8124689377741501,1.118963815366082,,,0.36760196610920504
EQT,EQT251219C00065000,Call,2025-12-19,65.0,1.2315790901599182,0.72,0.83,3,2183,52.2,52.39,52.36000061035156,0.3581607153320312,2025-12-19,0.30390143737166325,52.7777716586272,0.20829715913902247,0.33925022967776414,0.35496801512948595,0.3472137232709387,0.01571778545172181,0.1604710422681661,0.9445371768435822,,,0.36760196610920504
EQT,EQT250905C00053000,Call,2025-09-05,53.0,1.0129779195192115,0.66,0.73,17,269,52.2,52.39,52.36000061035156,0.3086006640625,2025-09-05,0.01642710472279261,52.32098249994959,0.012894427910734417,0.3573386440666826,0.384338311198129,0.3708564463921277,0.026999667131446414,0.40225572839476104,1.0088532722427166,,,0.36760196610920504
EQT,EQT260116P00040000,Put,2026-01-16,40.0,0.7561400338413033,0.61,0.7,2,2160,52.2,52.39,52.36000061035156,0.3818421191406249,2026-01-16,0.3805612594113621,52.90025419867545,-0.27952869000673897,0.3814964744278921,0.39750777755076655,0.3896122669949735,0.016011303122874465,-0.09971452078537857,1.0598753622531762,,,0.36760196610920504
EQT,EQT270115C00055000,Call,2027-01-15,55.0,1.0088293582326717,8.15,9.2,19,916,52.2,52.39,52.36000061035156,0.4193173303222656,2027-01-15,1.377138945927447,54.51863543736705,0.00879060737900733,0.34868953671356906,0.39315306198573996,0.3708900148910937,0.0444635252721709,0.5782527936309425,1.008944589760197,,,0.36760196610920504
EQT,EQT260116P00065000,Put,2026-01-16,65.0,1.228727554992118,12.5,13.4,8,51,52.2,52.39,52.36000061035156,0.3122627368164062,2026-01-16,0.3805612594113621,52.90025419867545,0.20597912577496186,,0.3889739723389182,0.34041718299214335,,-0.8094419820021637,0.9260483195865558,,,0.36760196610920504
EQT,EQT250912C00052000,Call,2025-09-12,52.0,0.9932893423056172,1.55,1.67,14,69,52.2,52.39,52.36000061035156,0.3403386279296875,2025-09-12,0.03559206023271732,52.35131173289136,-0.00673327540097532,0.3488120502939464,0.3795820903087031,0.3641998130482688,0.030770040014756694,0.5526467061936863,0.9907450085293463,,,0.36760196610920504
EQT,EQT251017C00060000,Call,2025-10-17,60.0,1.142787012334811,0.46,0.52,4,1113,52.2,52.39,52.36000061035156,0.340826904296875,2025-10-17,0.13141683778234087,52.50322181857396,0.13347002653462223,0.33375960300942964,0.34712606606936347,0.3405193049934865,0.01336646305993383,0.15398177240483157,0.9263261255037113,,,0.36760196610920504
EQT,EQT250912P00053000,Put,2025-09-12,53.0,1.012391060426879,1.54,1.64,1,36,52.2,52.39,52.36000061035156,0.2944406494140624,2025-09-12,0.03559206023271732,52.35131173289136,0.012314919569719224,0.3001881331682365,0.3260171965836332,0.3131140281263448,0.025829063415396702,-0.5710069881783066,0.851774628521238,,,0.36760196610920504
EQT,EQT250926P00055000,Put,2025-09-26,55.0,1.0493775454913017,3.3,3.45,0,12,52.2,52.39,52.36000061035156,0.2993234130859374,2025-09-26,0.07392197125256673,52.41202295237782,0.04819717456803807,0.29446185838485484,0.3249365043441858,0.3098215473959762,0.03047464595933097,-0.7019611750464843,0.8428179823824344,,,0.36760196610920504
EQT,EQT260116C00070000,Call,2026-01-16,70.0,1.3232450592222809,0.54,0.61,1,1270,52.2,52.39,52.36000061035156,0.3576724389648437,2026-01-16,0.3805612594113621,52.90025419867545,0.28008709792868375,0.34196764018400116,0.35318135684566127,0.3476511298819908,0.0112137166616601,0.11531267039052212,0.945727068768486,,,0.36760196610920504
EQT,EQT270115C00023000,Call,2027-01-15,23.0,0.42187409526093544,30.1,31.55,2,16,52.2,52.39,52.36000061035156,0.6057168334960938,2027-01-15,1.377138945927447,54.51863543736705,-0.8630483619243139,0.44883251527646445,0.6815058269850661,0.583625718676717,0.23267331170860167,0.94548482896476,1.5876566843588014,,,0.36760196610920504
EQT,EQT251017P00060000,Put,2025-10-17,60.0,1.142787012334811,7.75,8.15,7,20,52.2,52.39,52.36000061035156,0.3388737988281249,2025-10-17,0.13141683778234087,52.50322181857396,0.13347002653462223,0.29278885323034465,0.38322316672860757,0.3415753544204769,0.09043431349826292,-0.8451782105756016,0.92919893230115,,,0.36760196610920504
EQT,EQT251219C00043000,Call,2025-12-19,43.0,0.8147369365673304,10.2,10.8,2,33,52.2,52.39,52.36000061035156,0.4458063232421875,2025-12-19,0.30390143737166325,52.7777716586272,-0.20488999506305236,0.32840299945027185,0.42393740047804096,0.37910380760678225,0.09553440102776911,0.8610123294132351,1.031288846518738,,,0.36760196610920504
EQT,EQT251017C00057500,Call,2025-10-17,57.5,1.0951708868208605,0.87,0.94,16,126,52.2,52.39,52.36000061035156,0.340826904296875,2025-10-17,0.13141683778234087,52.50322181857396,0.0909104121158263,0.33473547891251454,0.34637545743846243,0.34058224964466227,0.011639978525947892,0.2499693657104896,0.9264973559566982,,,0.36760196610920504
EQT,EQT260116P00045000,Put,2026-01-16,45.0,0.8506575380714662,1.46,1.64,20,1495,52.2,52.39,52.36000061035156,0.3621889953613281,2026-01-16,0.3805612594113621,52.90025419867545,-0.16174565435035562,0.3614820728920818,0.38116009206243895,0.37138439235110754,0.019678019170357164,-0.20595421640283007,1.0102894614028775,,,0.36760196610920504
EQT,EQT250919C00052000,Call,2025-09-19,52.0,0.9927138896026348,1.9,2.07,131,273,52.2,52.39,52.36000061035156,0.3608462353515624,2025-09-19,0.05475701574264202,52.381658546970314,-0.007312783741990366,0.35041175167622235,0.3855439588581445,0.3679801089605889,0.03513220718192217,0.5509174604740141,1.0010286747249648,,,0.36760196610920504
EQT,EQT270115P00050000,Put,2027-01-15,50.0,0.917117598393338,6.2,6.9,10,1116,52.2,52.39,52.36000061035156,0.3361882788085937,2027-01-15,1.377138945927447,54.51863543736705,-0.0865195724253175,0.3560863247718383,0.3877906753393041,0.37193570863442593,0.03170435056746579,-0.33853641896181397,1.0117892256428613,,,0.36760196610920504
EQT,EQT260618P00040000,Put,2026-06-18,40.0,0.7466228656459143,1.57,1.73,5,588,52.2,52.39,52.36000061035156,0.3653627917480468,2026-06-18,0.7994524298425736,53.5745713672932,-0.2921950866032132,0.3746222537587317,0.38928840204491383,0.3820048124299805,0.014666148286182124,-0.15238566969127842,1.0391805475721987,,,0.36760196610920504
EQT,EQT250919C00053000,Call,2025-09-19,53.0,1.0118045413257624,1.38,1.49,8,156,52.2,52.39,52.36000061035156,0.3398503515625,2025-09-19,0.05475701574264202,52.381658546970314,0.011735411228704038,0.3404626486984816,0.36312609490152464,0.35179777536262347,0.02266344620304306,0.4596183633703147,0.9570073280242289,,,0.36760196610920504
EQT,EQT250919P00054000,Put,2025-09-19,54.0,1.0308951930488899,2.47,2.61,3,37,52.2,52.39,52.36000061035156,0.3125068749999999,2025-09-19,0.05475701574264202,52.381658546970314,0.030427544240856513,0.3087248720003703,0.3393844866784233,0.32411265520415955,0.030659614678053004,-0.64179814753813,0.8816945639182846,,,0.36760196610920504
EQT,EQT250919C00051000,Call,2025-09-19,51.0,0.9736232378795072,2.43,2.65,211,328,52.2,52.39,52.36000061035156,0.3657289990234375,2025-09-19,0.05475701574264202,52.381658546970314,-0.026730869599091985,0.3428294069500515,0.3908544681775231,0.3669170006149646,0.04802506122747163,0.6384290425232925,0.998136665313599,,,0.36760196610920504
EQT,EQT251017P00045000,Put,2025-10-17,45.0,0.8570902592511083,0.35,0.4,3,8483,52.2,52.39,52.36000061035156,0.3535220898437499,2025-10-17,0.13141683778234087,52.50322181857396,-0.15421204591715865,0.35507917788981347,0.36936619155792827,0.36231951996210215,0.0142870136681148,-0.10753168725048146,0.9856299839660444,,,0.36760196610920504
EQT,EQT260618C00067500,Call,2026-06-18,67.5,1.2599260857774803,2.1,2.23,1,61,52.2,52.39,52.36000061035156,0.3516910534667968,2026-06-18,0.7994524298425736,53.5745713672932,0.23105305716133462,0.32928567073186293,0.3378432856464693,0.3335803397913058,0.008557614914606382,0.26580958957808287,0.9074498249343087,,,0.36760196610920504
EQT,EQT251219P00045000,Put,2025-12-19,45.0,0.8526316778030202,1.18,1.36,15,19618,52.2,52.39,52.36000061035156,0.3708559008789062,2025-12-19,0.30390143737166325,52.7777716586272,-0.15942762098629498,0.365517253877205,0.38847703237085585,0.37709815940372676,0.02295977849365083,-0.1919182855855378,1.0258328142121542,,,0.36760196610920504
EQT,EQT270115C00032000,Call,2027-01-15,32.0,0.5869552629717363,22.05,23.1,1,25,52.2,52.39,52.36000061035156,0.5069629382324219,2027-01-15,1.377138945927447,54.51863543736705,-0.532806675053737,0.3593322377347678,0.4672232598132822,0.4173137210414844,0.10789102207851442,0.9087070337889671,1.1352325599844895,,,0.36760196610920504
EQT,EQT251017P00050000,Put,2025-10-17,50.0,0.9523225102790092,1.34,1.44,2,155,52.2,52.39,52.36000061035156,0.3200751586914062,2025-10-17,0.13141683778234087,52.50322181857396,-0.048851530259332365,0.3231970593540307,0.3379703866742183,0.3305971455326968,0.014773327320187601,-0.320056308913388,0.8993345411936261,,,0.36760196610920504
EQT,EQT270115C00042000,Call,2027-01-15,42.0,0.7703787826504039,14.4,15.6,1,306,52.2,52.39,52.36000061035156,0.4367732104492187,2027-01-15,1.377138945927447,54.51863543736705,-0.2608729595700952,0.330305033001947,0.40033020712401884,0.3658660019149229,0.07002517412207182,0.7945398696032198,0.9952775981786605,,,0.36760196610920504
EQT,EQT260918P00050000,Put,2026-09-18,50.0,0.9261973643232878,5.3,5.55,2,30,52.2,52.39,52.36000061035156,0.3185492950439452,2026-09-18,1.051334702258727,53.98417435200947,-0.07666793062805981,0.3481710076497773,0.3609553207409131,0.3545638236791891,0.012784313091135757,-0.347284628222178,0.9645319023507545,,,0.36760196610920504
EQT,EQT260320C00060000,Call,2026-03-20,60.0,1.1283098928311193,2.7,2.95,4,745,52.2,52.39,52.36000061035156,0.3596255444335937,2026-03-20,0.5530458590006845,53.17688020039416,0.12072084303228887,0.32985099966793735,0.34712047416700476,0.3385093368201994,0.017269474499067405,0.36179043091010243,0.9208583414367186,,,0.36760196610920504
EQT,EQT250919P00051000,Put,2025-09-19,51.0,0.9736232378795072,0.97,1.05,131,391,52.2,52.39,52.36000061035156,0.317389638671875,2025-09-19,0.05475701574264202,52.381658546970314,-0.026730869599091985,0.3248563367183841,0.3424918922407411,0.33368760107643,0.017635555522357016,-0.3514612977332623,0.9077416114180957,,,0.36760196610920504
EQT,EQT251219P00042000,Put,2025-12-19,42.0,0.7957895659494856,0.66,0.75,12,16284,52.2,52.39,52.36000061035156,0.37695935546875,2025-12-19,0.30390143737166325,52.7777716586272,-0.22842049247324636,0.37668722375305547,0.39250867873792605,0.3846914656716848,0.015821454984870587,-0.11837778567963464,1.0464891408045487,,,0.36760196610920504
EQT,EQT260618C00070000,Call,2026-06-18,70.0,1.30659001488035,1.69,1.81,9,206,52.2,52.39,52.36000061035156,0.3491276025390625,2026-06-18,0.7994524298425736,53.5745713672932,0.26742070133220947,0.3276395695717391,0.336261568278531,0.33197267853887585,0.008621998706791867,0.22586645162497088,0.9030764499237073,,,0.36760196610920504
EQT,EQT260116C00038000,Call,2026-01-16,38.0,0.7183330321492382,14.5,15.7,1,589,52.2,52.39,52.36000061035156,0.5371140039062501,2026-01-16,0.3805612594113621,52.90025419867545,-0.3308219843942895,,0.5097414434425233,0.39669528082277306,,0.92978601399896,1.0791435231467863,,,0.36760196610920504
EQT,EQT270115C00062500,Call,2027-01-15,62.5,1.1463969979916724,5.35,5.65,1,84,52.2,52.39,52.36000061035156,0.3709779699707031,2027-01-15,1.377138945927447,54.51863543736705,0.1366239788888922,0.33526498380193426,0.3478470277389787,0.341560412289728,0.01258204393704443,0.4441552196069236,0.9291582847199986,,,0.36760196610920504
EQT,EQT260320C00057500,Call,2026-03-20,57.5,1.0812969806298227,3.6,3.75,1,28,52.2,52.39,52.36000061035156,0.3649965844726562,2026-03-20,0.5530458590006845,53.17688020039416,0.07816122861349302,0.3411039448065522,0.3509869412770139,0.3460481142078956,0.009882996470461702,0.43052105458568146,0.9413663312809749,,,0.36760196610920504
EQT,EQT260116C00035000,Call,2026-01-16,35.0,0.6616225296111404,17.3,18.6,2,399,52.2,52.39,52.36000061035156,0.6167030517578126,2026-01-16,0.3805612594113621,52.90025419867545,-0.41306008263126154,,0.591765439733895,0.44519026358460967,,0.9496369798677166,1.2110660568457219,,,0.36760196610920504
EQT,EQT250905C00052000,Call,2025-09-05,52.0,0.9938651285848866,1.15,1.23,30,271,52.2,52.39,52.36000061035156,0.3183661914062499,2025-09-05,0.01642710472279261,52.32098249994959,-0.006153767059960149,0.36822021996938814,0.39848266764802975,0.3833559551427036,0.030262447678641613,0.5595433070805031,1.0428561065661397,,,0.36760196610920504
EQT,EQT270115C00075000,Call,2027-01-15,75.0,1.375676397590007,2.58,2.8,5,1258,52.2,52.39,52.36000061035156,0.3552310571289062,2027-01-15,1.377138945927447,54.51863543736705,0.31894553568284695,0.3257492279877088,0.33686334458992173,0.33133589269514957,0.011114116602212953,0.265703227526984,0.9013441799620795,,,0.36760196610920504
EQT,EQT270115C00067500,Call,2027-01-15,67.5,1.2381087578310062,4.0,4.25,2,201,52.2,52.39,52.36000061035156,0.3618838226318359,2027-01-15,1.377138945927447,54.51863543736705,0.2135850200250205,0.32989778578389367,0.34091988734537665,0.3354204173114269,0.011022101561482978,0.3647445502377963,0.9124554497398476,,,0.36760196610920504
EQT,EQT260918C00060000,Call,2026-09-18,60.0,1.1114368371879453,4.9,5.15,2,90,52.2,52.39,52.36000061035156,0.3676821044921875,2026-09-18,1.051334702258727,53.98417435200947,0.10565362616589474,0.3349191374974526,0.3468516108184031,0.34088855152078185,0.011932473320950487,0.44926833748572825,0.9273305992588534,,,0.36760196610920504
EQT,EQT251219C00048000,Call,2025-12-19,48.0,0.9094737896565549,6.8,7.0,1,13,52.2,52.39,52.36000061035156,0.4021055883789062,2025-12-19,0.30390143737166325,52.7777716586272,-0.09488909984872379,0.3672314351921273,0.3876501532956134,0.37746803326138717,0.02041871810348611,0.7122770126029121,1.0268389945152012,,,0.36760196610920504
EQT,EQT270115P00047000,Put,2027-01-15,47.0,0.8620905424897377,4.8,5.3,6,8763,52.2,52.39,52.36000061035156,0.3318548260498046,2027-01-15,1.377138945927447,54.51863543736705,-0.14839497614340494,0.3529065011009184,0.3772050929036883,0.36507080444799234,0.024298591802769887,-0.2875390555497451,0.9931143957471088,,,0.36760196610920504
EQT,EQT260320C00062500,Call,2026-03-20,62.5,1.1753228050324158,2.17,2.29,3,139,52.2,52.39,52.36000061035156,0.3547427807617186,2026-03-20,0.5530458590006845,53.17688020039416,0.16154283755254392,0.33452969016560563,0.3434192119852303,0.338985956373231,0.008889521819624657,0.30336128457619776,0.9221549056473953,,,0.36760196610920504
EQT,EQT260320C00052500,Call,2026-03-20,52.5,0.9872711562272294,5.55,5.85,1,131,52.2,52.39,52.36000061035156,0.378790391845703,2026-03-20,0.5530458590006845,53.17688020039416,-0.012810549592233723,0.3413074313611587,0.36108937737961266,0.35119636453041936,0.019781946018453955,0.5712812169768614,0.955371289896986,,,0.36760196610920504
EQT,EQT260116C00042000,Call,2026-01-16,42.0,0.7939470355333684,11.15,12.0,11,930,52.2,52.39,52.36000061035156,0.4528863305664062,2026-01-16,0.3805612594113621,52.90025419867545,-0.23073852583730706,0.2976463531398888,0.4267804647007042,0.36828148974571456,0.1291341115608154,0.8705949576283967,1.0018485310176706,,,0.36760196610920504
EQT,EQT270115P00055000,Put,2027-01-15,55.0,1.0088293582326717,8.45,8.95,1,232,52.2,52.39,52.36000061035156,0.3015206567382812,2027-01-15,1.377138945927447,54.51863543736705,0.00879060737900733,0.3421825980701755,0.3633078205894617,0.3527385060562073,0.021125222519286224,-0.42632595265461604,0.9595664293901459,,,0.36760196610920504
EQT,EQT270115C00020000,Call,2027-01-15,20.0,0.3668470393573352,32.2,33.75,2,95,52.2,52.39,52.36000061035156,0.5502974658203126,2027-01-15,1.377138945927447,54.51863543736705,-1.0028103042994725,,0.6814286137688985,0.5263556207666901,,0.9733410443280957,1.4318629095969617,,,0.36760196610920504
EQT,EQT270115C00057500,Call,2027-01-15,57.5,1.0546852381523386,7.1,7.4,4,55,52.2,52.39,52.36000061035156,0.3814759118652343,2027-01-15,1.377138945927447,54.51863543736705,0.053242369949841155,0.34322080886511436,0.35571445841916927,0.34946622744414213,0.012493649554054909,0.5299823758043045,0.9506647397536627,,,0.36760196610920504
EQT,EQT270115C00052500,Call,2027-01-15,52.5,0.9629734783130048,9.1,9.55,1,115,52.2,52.39,52.36000061035156,0.393987993774414,2027-01-15,1.377138945927447,54.51863543736705,-0.03772940825588552,0.3456303432053868,0.36517221389509624,0.3553965377300965,0.019541870689709417,0.6175285051611854,0.9667971624083136,,,0.36760196610920504
EQT,EQT260918C00050000,Call,2026-09-18,50.0,0.9261973643232878,9.25,9.5,10,13,52.2,52.39,52.36000061035156,0.3958800646972656,2026-09-18,1.051334702258727,53.98417435200947,-0.07666793062805981,0.3552800112704555,0.3680618066404392,0.3616713818791857,0.012781795369983695,0.6525305036081583,0.9838668321260895,,,0.36760196610920504
EQT,EQT250919C00054000,Call,2025-09-19,54.0,1.0308951930488899,1.01,1.07,28,304,52.2,52.39,52.36000061035156,0.3325262060546875,2025-09-19,0.05475701574264202,52.381658546970314,0.030427544240856513,0.34255674235372624,0.35555085622456006,0.3490620921646475,0.012994113870833823,0.37006740025219803,0.9495653569517367,,,0.36760196610920504
EQT,EQT260116C00062500,Call,2026-01-16,62.5,1.1814688028770364,1.45,1.53,12,209,52.2,52.39,52.36000061035156,0.3560855407714843,2026-01-16,0.3805612594113621,52.90025419867545,0.16675841262168048,0.3415395326065083,0.3493868015139504,0.3454765573840676,0.007847268907442084,0.24955559886933576,0.9398115060174499,,,0.36760196610920504
EQT,EQT260116C00057500,Call,2026-01-16,57.5,1.0869512986468735,2.58,2.81,27,5239,52.2,52.39,52.36000061035156,0.3640200317382813,2026-01-16,0.3805612594113621,52.90025419867545,0.08337680368262941,0.33624981252625175,0.35494505234802776,0.34561534271345384,0.01869523982177601,0.3880318361647653,0.9401890484197803,,,0.36760196610920504
EQT,EQT270115C00060000,Call,2027-01-15,60.0,1.1005411180720055,6.2,6.6,16,576,52.2,52.39,52.36000061035156,0.3809876354980468,2027-01-15,1.377138945927447,54.51863543736705,0.09580198436863707,0.34007889361344207,0.35669769893438896,0.34838959961254123,0.016618805320946894,0.4880711461727344,0.9477359528295985,,,0.36760196610920504
EQT,EQT251219P00047000,Put,2025-12-19,47.0,0.89052641903871,1.63,1.72,22,244,52.2,52.39,52.36000061035156,0.3454655297851562,2025-12-19,0.30390143737166325,52.7777716586272,-0.11594250904655613,0.3540162474802406,0.363946149828354,0.3589926493548626,0.009929902348113417,-0.24673278441412938,0.9765797858878023,,,0.36760196610920504
EQT,EQT260918C00052500,Call,2026-09-18,52.5,0.9725072325394521,7.95,8.2,12,23,52.2,52.39,52.36000061035156,0.3863586755371093,2026-09-18,1.051334702258727,53.98417435200947,-0.027877766458627856,0.348345821233072,0.36058342079783107,0.35446318778624636,0.01223759956475906,0.6019614770264422,0.9642581391442953,,,0.36760196610920504
EQT,EQT250919P00052000,Put,2025-09-19,52.0,0.9927138896026348,1.37,1.45,11,338,52.2,52.39,52.36000061035156,0.3107979077148437,2025-09-19,0.05475701574264202,52.381658546970314,-0.007312783741990366,0.3195550305321221,0.33610007811966397,0.3278283498647533,0.016545047587541883,-0.4468264807308896,0.8918024931546856,,,0.36760196610920504
EQT,EQT250919C00055000,Call,2025-09-19,55.0,1.0499858447720176,0.7,0.76,354,4746,52.2,52.39,52.36000061035156,0.3305731005859375,2025-09-19,0.05475701574264202,52.381658546970314,0.04877668290905319,0.3392317596564019,0.3536282856920652,0.3464569827839006,0.014396526035663326,0.28736026634278167,0.9424785902286964,,,0.36760196610920504
EQT,EQT260320C00065000,Call,2026-03-20,65.0,1.2223357172337126,1.68,1.78,2,409,52.2,52.39,52.36000061035156,0.3521793298339843,2026-03-20,0.5530458590006845,53.17688020039416,0.20076355070582536,0.33381278856016783,0.34195250589877263,0.33789790869697284,0.008139717338604802,0.2503762697253488,0.9191950529355768,,,0.36760196610920504
EQT,EQT260320P00057500,Put,2026-03-20,57.5,1.0812969806298227,7.7,7.9,11,14,52.2,52.39,52.36000061035156,0.299811689453125,2026-03-20,0.5530458590006845,53.17688020039416,0.07816122861349302,0.3329679492621198,0.346164778295747,0.339571485709885,0.013196829033627178,-0.5726986136406961,0.9237477408078038,,,0.36760196610920504
EQT,EQT251219P00065000,Put,2025-12-19,65.0,1.2315790901599182,12.8,13.3,10,57,52.2,52.39,52.36000061035156,0.33399103515625,2025-12-19,0.30390143737166325,52.7777716586272,0.20829715913902247,0.3412655467406745,0.4072427427492627,0.37572144312094785,0.0659771960085882,-0.8164973559962794,1.0220876865749156,,,0.36760196610920504
EQT,EQT250919P00050000,Put,2025-09-19,50.0,0.9545325861563796,0.67,0.73,62,10415,52.2,52.39,52.36000061035156,0.3217841259765625,2025-09-19,0.05475701574264202,52.381658546970314,-0.04653349689527173,0.3320210395506105,0.34697749477616846,0.3395274052083932,0.01495645522555794,-0.26584793673061,0.9236278271360725,,,0.36760196610920504
EQT,EQT270115P00052500,Put,2027-01-15,52.5,0.9629734783130048,7.35,7.65,1,74,52.2,52.39,52.36000061035156,0.3096382513427734,2027-01-15,1.377138945927447,54.51863543736705,-0.03772940825588552,0.3523346894918517,0.36536704811544984,0.35884872092932024,0.01303235862359814,-0.3820308163440219,0.9761882525479082,,,0.36760196610920504
EQT,EQT251219P00044000,Put,2025-12-19,44.0,0.8336843071851753,0.98,1.07,7,14419,52.2,52.39,52.36000061035156,0.36524072265625,2025-12-19,0.30390143737166325,52.7777716586272,-0.18190047683835361,0.3691180871380247,0.3818428077883734,0.37552150144854113,0.012724720650348686,-0.16300282729796334,1.0215437785144583,,,0.36760196610920504
EQT,EQT260320C00045000,Call,2026-03-20,45.0,0.8462324196233394,10.3,10.8,25,176,52.2,52.39,52.36000061035156,0.4470270141601562,2026-03-20,0.5530458590006845,53.17688020039416,-0.16696122941949212,0.38104562625966576,0.4227467737406519,0.4020532544108346,0.041701147480986134,0.7604979918040298,1.0937189990202474,,,0.36760196610920504
EQT,EQT251219P00048000,Put,2025-12-19,48.0,0.9094737896565549,1.87,2.02,8,4802,52.2,52.39,52.36000061035156,0.3413151806640625,2025-12-19,0.30390143737166325,52.7777716586272,-0.09488909984872379,0.34519673349022856,0.36073016709416034,0.3529829710271874,0.015533433603931779,-0.2792969213973866,0.9602314556781377,,,0.36760196610920504
EQT,EQT270115P00060000,Put,2027-01-15,60.0,1.1005411180720055,11.5,12.0,1,108,52.2,52.39,52.36000061035156,0.2891306439208984,2027-01-15,1.377138945927447,54.51863543736705,0.09580198436863707,0.3454232500083117,0.3661920913781619,0.3558090498864272,0.02076884136985019,-0.508243952186334,0.9679193331102194,,,0.36760196610920504
EQT,EQT250919P00053000,Put,2025-09-19,53.0,1.0118045413257624,1.86,1.94,23,112,52.2,52.39,52.36000061035156,0.3032296240234374,2025-09-19,0.05475701574264202,52.381658546970314,0.011735411228704038,0.3122110119726155,0.32872547504683575,0.32047070085207013,0.01651446307422022,-0.5473606756831908,0.8717872329248276,,,0.36760196610920504
EQT,EQT251017P00055000,Put,2025-10-17,55.0,1.04755476130691,3.8,3.95,7,78,52.2,52.39,52.36000061035156,0.3005441040039062,2025-10-17,0.13141683778234087,52.50322181857396,0.04645864954499247,0.3045908200442653,0.32570867702543094,0.31517845106456394,0.02111785698116564,-0.636638395678222,0.8573905477179428,,,0.36760196610920504
EQT,EQT250919C00047500,Call,2025-09-19,47.5,0.9068059568485606,5.2,5.35,12,24,52.2,52.39,52.36000061035156,0.415044912109375,2025-09-19,0.05475701574264202,52.381658546970314,-0.0978267912828223,0.3902006792292579,0.44371190081193324,0.4178175152566408,0.05351122158267535,0.8530176614962354,1.1366030483431038,,,0.36760196610920504
EQT,EQT251219P00046000,Put,2025-12-19,46.0,0.8715790484208651,1.41,1.48,42,287,52.2,52.39,52.36000061035156,0.352545537109375,2025-12-19,0.30390143737166325,52.7777716586272,-0.13744871426751973,0.36204398478347083,0.3703365131071565,0.3662008927573695,0.008292528323685655,-0.21716791709317818,0.9961886130080727,,,0.36760196610920504
EQT,EQT260320P00060000,Put,2026-03-20,60.0,1.1283098928311193,9.4,9.9,1,520,52.2,52.39,52.36000061035156,0.3117744604492187,2026-03-20,0.5530458590006845,53.17688020039416,0.12072084303228887,0.3322481778301049,0.3665675501053487,0.34949188441510726,0.03431937227524379,-0.6310079070355467,0.9507345352752609,,,0.36760196610920504
EQT,EQT260918C00055000,Call,2026-09-18,55.0,1.0188171007556166,6.85,7.1,59,83,52.2,52.39,52.36000061035156,0.3812317736816406,2026-09-18,1.051334702258727,53.98417435200947,0.018642249176265065,0.3453865479148918,0.35732018587566705,0.35135185868669827,0.011933637960775234,0.5510765004966993,0.9557942858834458,,,0.36760196610920504
EQT,EQT260618C00040000,Call,2026-06-18,40.0,0.7466228656459143,14.65,15.15,5,74,52.2,52.39,52.36000061035156,0.4512994323730469,2026-06-18,0.7994524298425736,53.5745713672932,-0.2921950866032132,0.3705620656028624,0.4155441604854032,0.393478691929717,0.04498209488254079,0.8428977524182731,1.0703933281271534,,,0.36760196610920504
EQT,EQT270115C00065000,Call,2027-01-15,65.0,1.1922528779113393,4.65,4.9,7,866,52.2,52.39,52.36000061035156,0.3659121026611328,2027-01-15,1.377138945927447,54.51863543736705,0.17584469204217348,0.3331928475924679,0.3438886559650427,0.3385473621727263,0.010695808372574778,0.40362919174790113,0.9209617830829355,,,0.36760196610920504
EQT,EQT260918C00045000,Call,2026-09-18,45.0,0.833577627890959,12.2,12.45,3,13,52.2,52.39,52.36000061035156,0.4165097412109374,2026-09-18,1.051334702258727,53.98417435200947,-0.18202844628588613,0.3693335272013748,0.3840927275709854,0.376726489005578,0.014759200369610592,0.7467758017627375,1.0248217467195544,,,0.36760196610920504
EQT,EQT250919P00060000,Put,2025-09-19,60.0,1.1454391033876556,7.55,8.0,6,2012,52.2,52.39,52.36000061035156,0.4536187451171874,2025-09-19,0.05475701574264202,52.381658546970314,0.135788059898683,,0.500710438856264,0.40158284071233236,,-0.9189449764177796,1.092439316804504,,,0.36760196610920504
EQT,EQT260618C00030000,Call,2026-06-18,30.0,0.5599671492344357,22.8,23.3,3,17,52.2,52.39,52.36000061035156,0.5048877636718749,2026-06-18,0.7994524298425736,53.5745713672932,-0.5798771590549942,0.24017118182735794,0.4488260572881794,0.3874711248058521,0.20865487546082148,0.9676272008956647,1.0540507410962663,,,0.36760196610920504
EQT,EQT260116C00065000,Call,2026-01-16,65.0,1.228727554992118,1.05,1.12,4,5673,52.2,52.39,52.36000061035156,0.3549869189453124,2026-01-16,0.3805612594113621,52.90025419867545,0.20597912577496186,0.341179536435726,0.34909521261834,0.34515835669436046,0.007915676182613962,0.19464481906627917,0.9389458939722396,,,0.36760196610920504
EQT,EQT260618P00065000,Put,2026-06-18,65.0,1.2132621566746107,13.75,14.25,10,120,52.2,52.39,52.36000061035156,0.282233740234375,2026-06-18,0.7994524298425736,53.5745713672932,0.1933127291784876,0.3377636423013049,0.36778987540283625,0.3528889564334866,0.030026233101531352,-0.6754117514037657,0.9599757046148454,,,0.36760196610920504
EQT,EQT270115C00035000,Call,2027-01-15,35.0,0.6419823188753366,20.05,20.65,3,52,52.2,52.39,52.36000061035156,0.4786429089355468,2027-01-15,1.377138945927447,54.51863543736705,-0.4431945163640498,0.38948057758229826,0.43811003935493514,0.4143489013844698,0.048629461772636884,0.875870000522216,1.1271672612909187,,,0.36760196610920504
EQT,EQT251017C00050000,Call,2025-10-17,50.0,0.9523225102790092,4.05,4.2,8,155,52.2,52.39,52.36000061035156,0.375982802734375,2025-10-17,0.13141683778234087,52.50322181857396,-0.048851530259332365,0.3556621376732335,0.3774903865455613,0.36659751864791695,0.02182824887232776,0.6678695828718016,0.9972675677665181,,,0.36760196610920504
EQT,EQT251219C00060000,Call,2025-12-19,60.0,1.1368422370706937,1.55,1.64,95,2592,52.2,52.39,52.36000061035156,0.3569400244140625,2025-12-19,0.30390143737166325,52.7777716586272,0.128254451465486,0.34269085510014297,0.3519523529696162,0.3473351739317627,0.009261497869473223,0.2829566366728079,0.9448675631636269,,,0.36760196610920504
EQT,EQT260618P00050000,Put,2026-06-18,50.0,0.9332785820573929,4.55,4.75,2,409,52.2,52.39,52.36000061035156,0.320197227783203,2026-06-18,0.7994524298425736,53.5745713672932,-0.0690515352890034,0.3443663819459007,0.35598948796076174,0.3501790992353388,0.011623106014861051,-0.3530530036118694,0.9526039888788561,,,0.36760196610920504
EQT,EQT270115P00080000,Put,2027-01-15,80.0,1.4673881574293408,27.6,28.4,2,62,52.2,52.39,52.36000061035156,0.2622144091796875,2027-01-15,1.377138945927447,54.51863543736705,0.3834840568204181,0.40991422445303427,0.4477765762227511,0.42906183451579333,0.03786235176971681,-0.6949269704573613,1.16719134844978,,,0.36760196610920504
EQT,EQT270115C00040000,Call,2027-01-15,40.0,0.7336940787146704,16.3,16.95,2,298,52.2,52.39,52.36000061035156,0.4464777032470703,2027-01-15,1.377138945927447,54.51863543736705,-0.3096631237395272,0.3677653264132829,0.40853795124610215,0.38837174296393157,0.04077262483281924,0.8178820162806004,1.0565007229818688,,,0.36760196610920504
EQT,EQT250912P00055000,Put,2025-09-12,55.0,1.0505944966694027,2.88,3.05,31,5467,52.2,52.39,52.36000061035156,0.2978585839843749,2025-09-12,0.03559206023271732,52.35131173289136,0.049356191250068224,0.26768740179956635,0.32976520058391634,0.2999661604434203,0.06207779878434999,-0.8006255272784566,0.816008041573717,,,0.36760196610920504
EQT,EQT260116C00028000,Call,2026-01-16,28.0,0.5292980236889123,31.7,32.5,6,55,52.2,52.39,52.36000061035156,1.8842779223632813,2026-01-16,0.3805612594113621,52.90025419867545,-0.6362036339454714,1.8535924201095741,1.9717439972275834,1.912616180161265,0.11815157711800928,0.8705828714098804,5.202954163724674,,,0.36760196610920504
EQT,EQT260116C00040000,Call,2026-01-16,40.0,0.7561400338413033,13.15,13.75,12,1485,52.2,52.39,52.36000061035156,0.4826711889648438,2026-01-16,0.3805612594113621,52.90025419867545,-0.27952869000673897,0.35152575560375093,0.45430186680465495,0.40699443411065606,0.10277611120090402,0.8923033854873579,1.1071606564523884,,,0.36760196610920504
EQT,EQT250919P00052500,Put,2025-09-19,52.5,1.0022592154641985,1.59,1.67,37,3485,52.2,52.39,52.36000061035156,0.304694453125,2025-09-19,0.05475701574264202,52.381658546970314,0.0022566672741601923,0.3133740853880015,0.3297723862898415,0.32157318193992934,0.016398300901840024,-0.49695410204486035,0.874786349331979,,,0.36760196610920504
EQT,EQT260618C00057500,Call,2026-06-18,57.5,1.0732703693660017,4.75,4.95,14,1132,52.2,52.39,52.36000061035156,0.3689027954101562,2026-06-18,0.7994524298425736,53.5745713672932,0.07071040708615521,0.33932321368151075,0.3501793286131651,0.3447525052337061,0.010856114931654337,0.4700009531046323,0.937841842584947,,,0.36760196610920504
EQT,EQT260116P00052500,Put,2026-01-16,52.5,0.9924337944167105,4.1,4.25,6,477,52.2,52.39,52.36000061035156,0.3210517114257812,2026-01-16,0.3805612594113621,52.90025419867545,-0.007594974523097294,0.3370575602601339,0.3488840773159411,0.3429703140086097,0.011826517055807229,-0.44366420063782874,0.9329936878159191,,,0.36760196610920504
EQT,EQT251017C00055000,Call,2025-10-17,55.0,1.04755476130691,1.55,1.62,262,1993,52.2,52.39,52.36000061035156,0.3425358715820312,2025-10-17,0.13141683778234087,52.50322181857396,0.04645864954499247,0.33729513839717906,0.34702944000984326,0.34216701322940063,0.009734301612664198,0.37732123547524615,0.9308084416712604,,,0.36760196610920504
EQT,EQT260618C00060000,Call,2026-06-18,60.0,1.1199342984688714,3.9,4.05,5,724,52.2,52.39,52.36000061035156,0.361212442626953,2026-06-18,0.7994524298425736,53.5745713672932,0.11327002150495115,0.3356821534263045,0.3440016541482613,0.33984485424332567,0.008319500721956807,0.41260997892008194,0.9244913944295025,,,0.36760196610920504
EQT,EQT260116C00052500,Call,2026-01-16,52.5,0.9924337944167105,4.75,4.9,126,240,52.2,52.39,52.36000061035156,0.381720050048828,2026-01-16,0.3805612594113621,52.90025419867545,-0.007594974523097294,0.3572544529411922,0.3690881726508309,0.36317076337962906,0.011833719709638701,0.5580075909946426,0.9879456500832219,,,0.36760196610920504
EQT,EQT260116P00047000,Put,2026-01-16,47.0,0.8884645397635313,1.99,2.07,2,1080,52.2,52.39,52.36000061035156,0.3422917333984374,2026-01-16,0.3805612594113621,52.90025419867545,-0.11826054241061676,0.35503966695056627,0.3627274692582603,0.35888919004025266,0.007687802307694058,-0.2595110253639419,0.97629834203236,,,0.36760196610920504
EQT,EQT260618C00055000,Call,2026-06-18,55.0,1.026606440263132,5.75,5.95,5,451,52.2,52.39,52.36000061035156,0.3753724572753906,2026-06-18,0.7994524298425736,53.5745713672932,0.026258644515321363,0.3440615890650893,0.3549151948544121,0.34948766100508166,0.010853605789322762,0.5287827030531264,0.95072304619083,,,0.36760196610920504
EQT,EQT260320P00045000,Put,2026-03-20,45.0,0.8462324196233394,2.1,2.18,16,810,52.2,52.39,52.36000061035156,0.3470524279785155,2026-03-20,0.5530458590006845,53.17688020039416,-0.16696122941949212,0.36292636587708066,0.36979810342467256,0.36636798639792195,0.006871737547591905,-0.22692051827180537,0.9966431634619808,,,0.36760196610920504
EQT,EQT251219C00049000,Call,2025-12-19,49.0,0.9284211602743998,6.2,6.3,1,17,52.2,52.39,52.36000061035156,0.3918517846679687,2025-12-19,0.30390143737166325,52.7777716586272,-0.07426981264598809,0.36880164263314885,0.37851827858323733,0.37366373206077114,0.009716635950088481,0.6785130697570659,1.0164900259259366,,,0.36760196610920504
EQT,EQT250919C00052500,Call,2025-09-19,52.5,1.0022592154641985,1.64,1.71,41,2122,52.2,52.39,52.36000061035156,0.3388737988281249,2025-09-19,0.05475701574264202,52.381658546970314,0.0022566672741601923,0.34782502851876324,0.3621746024946984,0.3549997439518638,0.01434957397593517,0.5057324980744408,0.9657177509393476,,,0.36760196610920504
EQT,EQT260320P00052500,Put,2026-03-20,52.5,0.9872711562272294,4.85,5.0,7,277,52.2,52.39,52.36000061035156,0.315314464111328,2026-03-20,0.5530458590006845,53.17688020039416,-0.012810549592233723,0.3387527786813311,0.3486406894261465,0.3436962426380513,0.009887910744815431,-0.42939347569486497,0.9349684558976163,,,0.36760196610920504
EQT,EQT250919P00057500,Put,2025-09-19,57.5,1.0977124740798365,5.2,5.35,5,209,52.2,52.39,52.36000061035156,0.299811689453125,2025-09-19,0.05475701574264202,52.381658546970314,0.09322844547988696,0.2618015815093424,0.3339934502902673,0.3017572117609718,0.07219186878092487,-0.9006019074936955,0.8208802987504358,,,0.36760196610920504
EQT,EQT260618P00052500,Put,2026-06-18,52.5,0.9799425111602625,5.7,5.9,46,684,52.2,52.39,52.36000061035156,0.3111641149902343,2026-06-18,0.7994524298425736,53.5745713672932,-0.02026137111957139,0.3406141375915885,0.35170517937331597,0.3461587850817564,0.011091041781727484,-0.4128510338302256,0.9416673929837514,,,0.36760196610920504
EQT,EQT260618C00050000,Call,2026-06-18,50.0,0.9332785820573929,8.2,8.4,8,105,52.2,52.39,52.36000061035156,0.3919738537597655,2026-06-18,0.7994524298425736,53.5745713672932,-0.0690515352890034,0.35565285808673225,0.3672679130429427,0.36146129755822864,0.011615054956210458,0.6462631494696691,0.9832953326774314,,,0.36760196610920504
EQT,EQT270115P00057500,Put,2027-01-15,57.5,1.0546852381523386,10.05,10.3,2,118,52.2,52.39,52.36000061035156,0.2905344384765624,2027-01-15,1.377138945927447,54.51863543736705,0.053242369949841155,0.34893446554009583,0.3593494177714819,0.35414091700879347,0.010414952231386054,-0.4682450121470343,0.9633814551024119,,,0.36760196610920504
EQT,EQT260618P00045000,Put,2026-06-18,45.0,0.8399507238516536,2.83,2.95,3,3241,52.2,52.39,52.36000061035156,0.3409489733886719,2026-06-18,0.7994524298425736,53.5745713672932,-0.1744120509468297,0.3613460002822872,0.36962779963429226,0.3654929563299317,0.00828179935200507,-0.24286937544234222,0.9942627897190114,,,0.36760196610920504
EQT,EQT260116C00060000,Call,2026-01-16,60.0,1.134210050761955,1.99,2.08,1044,5687,52.2,52.39,52.36000061035156,0.3588931298828125,2026-01-16,0.3805612594113621,52.90025419867545,0.12593641810142545,0.34315521731205095,0.3510422665917994,0.34710623512513983,0.007887049279748426,0.3152333161302042,0.9442447732230669,,,0.36760196610920504
EQT,EQT260116C00055000,Call,2026-01-16,55.0,1.039692546531792,3.6,3.75,65,2967,52.2,52.39,52.36000061035156,0.372076591796875,2026-01-16,0.3805612594113621,52.90025419867545,0.03892504111179568,0.34963720748667276,0.36137262744844856,0.3555058610869456,0.011735419961775795,0.47295918138646875,0.9670945584152126,,,0.36760196610920504
EQT,EQT260618P00057500,Put,2026-06-18,57.5,1.0732703693660017,8.5,8.7,2,108,52.2,52.39,52.36000061035156,0.2940744421386718,2026-06-18,0.7994524298425736,53.5745713672932,0.07071040708615521,0.3368795138256333,0.3477379012554656,0.34230999785784394,0.010858387429832306,-0.5310844684516542,0.9311974075681426,,,0.36760196610920504
EQT,EQT250912P00056000,Put,2025-09-12,56.0,1.0696962147906646,3.75,3.85,200,203,52.2,52.39,52.36000061035156,0.2851633984374999,2025-09-12,0.03559206023271732,52.35131173289136,0.06737469675274649,0.26236395090664544,0.3153276767972012,0.29069232700205205,0.05296372589055576,-0.8851460848720374,0.7907801203535861,,,0.36760196610920504
EQT,EQT251017P00052500,Put,2025-10-17,52.5,0.9999386357929596,2.41,2.48,2,329,52.2,52.39,52.36000061035156,0.3083565258789062,2025-10-17,0.13141683778234087,52.50322181857396,-6.136608990037307e-05,0.3195601842903365,0.328846689600586,0.3242033221330334,0.009286505310249493,-0.4763620135233959,0.881941208216283,,,0.36760196610920504
EQT,EQT260618P00055000,Put,2026-06-18,55.0,1.026606440263132,7.0,7.2,46,359,52.2,52.39,52.36000061035156,0.3015816912841796,2026-06-18,0.7994524298425736,53.5745713672932,0.026258644515321363,0.33711477426409164,0.34796473636713887,0.3425390637585987,0.010849962103047228,-0.47313196688715486,0.9318205432471469,,,0.36760196610920504
EQT,EQT270115C00030000,Call,2027-01-15,30.0,0.5502705590360027,24.15,24.8,2,284,52.2,52.39,52.36000061035156,0.5014698291015626,2027-01-15,1.377138945927447,54.51863543736705,-0.5973451961913082,0.4211222848862452,0.4915525317191035,0.4579294624254014,0.07043024683285831,0.9162476952026719,1.245720928188296,,,0.36760196610920504
EQT,EQT260618C00052500,Call,2026-06-18,52.5,0.9799425111602625,6.9,7.1,2,464,52.2,52.39,52.36000061035156,0.3830628100585937,2026-06-18,0.7994524298425736,53.5745713672932,-0.02026137111957139,0.3495493492383638,0.36064615762613683,0.3550968375902359,0.01109680838777305,0.5880630415414875,0.9659818780314843,,,0.36760196610920504
EQT,EQT260116P00057500,Put,2026-01-16,57.5,1.0869512986468735,7.05,7.2,12,103,52.2,52.39,52.36000061035156,0.3029854858398437,2026-01-16,0.3805612594113621,52.90025419867545,0.08337680368262941,0.3316469466555218,0.34387985111124614,0.3377716677705586,0.012232904455724336,-0.6163669623010687,0.9188516354948314,,,0.36760196610920504
EQT,EQT251219P00049000,Put,2025-12-19,49.0,0.9284211602743998,2.29,2.35,125,329,52.2,52.39,52.36000061035156,0.3366765551757812,2025-12-19,0.30390143737166325,52.7777716586272,-0.07426981264598809,0.3511860577822519,0.3570559619714079,0.35412265449794456,0.00586990418915595,-0.31630575522842674,0.9633317749795274,,,0.36760196610920504
EQT,EQT251017C00052500,Call,2025-10-17,52.5,0.9999386357929596,2.63,2.7,15,365,52.2,52.39,52.36000061035156,0.3544986425781249,2025-10-17,0.13141683778234087,52.50322181857396,-6.136608990037307e-05,0.34832434835813636,0.3576138255219148,0.35296896185775267,0.009289477163778426,0.5256971410868346,0.9601933460630477,,,0.36760196610920504
EQT,EQT260320C00055000,Call,2026-03-20,55.0,1.034284068428526,4.55,4.7,5,1863,52.2,52.39,52.36000061035156,0.3704896936035156,2026-03-20,0.5530458590006845,53.17688020039416,0.03370946604265905,0.3450492051729182,0.3547818615274025,0.34991552845463697,0.009732656354484281,0.5002272706182358,0.9518869884136749,,,0.36760196610920504
EQT,EQT251219P00052500,Put,2025-12-19,52.5,0.9947369574368569,3.75,3.85,12,456,52.2,52.39,52.36000061035156,0.3238593005371093,2025-12-19,0.30390143737166325,52.7777716586272,-0.00527694115903671,0.34047795861350566,0.34927075337406593,0.34487412436569204,0.008792794760560274,-0.45112651374663937,0.9381726872027634,,,0.36760196610920504
EQT,EQT270115C00047000,Call,2027-01-15,47.0,0.8620905424897377,12.2,12.55,13,784,52.2,52.39,52.36000061035156,0.4172421557617187,2027-01-15,1.377138945927447,54.51863543736705,-0.14839497614340494,0.3678176034581743,0.38479027456583265,0.37631008478630995,0.01697267110765832,0.7111808871888982,1.0236889883078535,,,0.36760196610920504
EQT,EQT251219C00057500,Call,2025-12-19,57.5,1.0894738105260813,2.23,2.31,7,4266,52.2,52.39,52.36000061035156,0.3610903735351562,2025-12-19,0.30390143737166325,52.7777716586272,0.08569483704668994,0.3474919579944536,0.35490361485835303,0.35120143412972715,0.007411656863899441,0.3647400764428948,0.9553850808985996,,,0.36760196610920504
EQT,EQT270115C00050000,Call,2027-01-15,50.0,0.917117598393338,10.55,10.85,30,890,52.2,52.39,52.36000061035156,0.4040586938476562,2027-01-15,1.377138945927447,54.51863543736705,-0.0865195724253175,0.3600208996617322,0.3736065830873281,0.3668133695060408,0.013585683425595907,0.6613767060850044,0.9978547541203032,,,0.36760196610920504
EQT,EQT260116C00030000,Call,2026-01-16,30.0,0.5671050253809775,22.6,23.15,1,352,52.2,52.39,52.36000061035156,0.622074091796875,2026-01-16,0.3805612594113621,52.90025419867545,-0.5672107624585199,0.4351314875215181,0.6681778464717886,0.5824435635939756,0.23304635895027048,0.9606497476979142,1.584440828101955,,,0.36760196610920504
EQT,EQT251219C00055000,Call,2025-12-19,55.0,1.0421053839814691,3.1,3.2,84,2328,52.2,52.39,52.36000061035156,0.3678041735839844,2025-12-19,0.30390143737166325,52.7777716586272,0.04124307447585618,0.3513549810642247,0.3601368884786418,0.3557468728909949,0.00878190741441709,0.45531444282663575,0.9677501909369867,,,0.36760196610920504
EQT,EQT251219C00047000,Call,2025-12-19,47.0,0.89052641903871,7.55,7.65,1,25,52.2,52.39,52.36000061035156,0.4045469702148437,2025-12-19,0.30390143737166325,52.7777716586272,-0.11594250904655613,0.37770087278509357,0.3885128465082795,0.3831179311854652,0.01081197372318593,0.7436261217395049,1.0422086019846009,,,0.36760196610920504
EQT,EQT251219C00052500,Call,2025-12-19,52.5,0.9947369574368569,4.2,4.3,23,371,52.2,52.39,52.36000061035156,0.3743959045410155,2025-12-19,0.30390143737166325,52.7777716586272,-0.00527694115903671,0.3559346360778925,0.3647307882665551,0.3603324663448073,0.008796152188662587,0.5500888635732489,0.9802245351369037,,,0.36760196610920504
EQT,EQT260320P00055000,Put,2026-03-20,55.0,1.034284068428526,6.2,6.35,9,590,52.2,52.39,52.36000061035156,0.3072579040527343,2026-03-20,0.5530458590006845,53.17688020039416,0.03370946604265905,0.33654954052449226,0.34628236152473524,0.3414160035334795,0.009732821000242975,-0.5023200993841967,0.9287654447203192,,,0.36760196610920504
EQT,EQT251219P00057500,Put,2025-12-19,57.5,1.0894738105260813,6.75,6.85,4,52,52.2,52.39,52.36000061035156,0.3053047985839844,2025-12-19,0.30390143737166325,52.7777716586272,0.08569483704668994,0.33426425103560775,0.34359303738943875,0.338935116851876,0.009328786353830998,-0.6425252689418627,0.9220166051864563,,,0.36760196610920504
EQT,EQT270115C00045000,Call,2027-01-15,45.0,0.8254058385540042,13.4,13.65,1,184,52.2,52.39,52.36000061035156,0.4212704357910156,2027-01-15,1.377138945927447,54.51863543736705,-0.19188008808314377,0.3741789788349477,0.3870277544345661,0.38061067191580983,0.01284877559961839,0.7430967585922621,1.0353880202118948,,,0.36760196610920504
EQT,EQT250919P00055000,Put,2025-09-19,55.0,1.0499858447720176,3.15,3.25,15,7318,52.2,52.39,52.36000061035156,0.2968820312499999,2025-09-19,0.05475701574264202,52.381658546970314,0.04877668290905319,0.298991285204972,0.32403811585519965,0.3116271918600331,0.02504683065022767,-0.7364479679398576,0.8477299377867221,,,0.36760196610920504
EQT,EQT260320P00050000,Put,2026-03-20,50.0,0.9402582440259327,3.75,3.85,1,2129,52.2,52.39,52.36000061035156,0.3238593005371093,2026-03-20,0.5530458590006845,53.17688020039416,-0.06160071376166575,0.34575108464550214,0.35269165721059526,0.3492220503645363,0.006940572565093117,-0.3567919901494021,0.9500004966262652,,,0.36760196610920504
EQT,EQT250919C00050000,Call,2025-09-19,50.0,0.9545325861563796,3.2,3.3,25,7795,52.2,52.39,52.36000061035156,0.36914693359375,2025-09-19,0.05475701574264202,52.381658546970314,-0.04653349689527173,0.3699650350795685,0.3940162429024711,0.38204160084536726,0.0240512078229026,0.7140367621369323,1.0392806243366843,,,0.36760196610920504
EQT,EQT260116P00055000,Put,2026-01-16,55.0,1.039692546531792,5.45,5.6,6,2742,52.2,52.39,52.36000061035156,0.3110420458984374,2026-01-16,0.3805612594113621,52.90025419867545,0.03892504111179568,0.3327045707882274,0.3444523934796089,0.3385796965666524,0.011747822691381471,-0.5326476394716118,0.9210497434229422,,,0.36760196610920504
EQT,EQT251219P00050000,Put,2025-12-19,50.0,0.9473685308922447,2.66,2.73,61,2329,52.2,52.39,52.36000061035156,0.333014482421875,2025-12-19,0.30390143737166325,52.7777716586272,-0.05406710532846863,0.3481739124152963,0.35472992455716224,0.3514529656136634,0.006556012141865908,-0.3534828200031539,0.9560693304596086,,,0.36760196610920504
EQT,EQT260320C00050000,Call,2026-03-20,50.0,0.9402582440259327,7.05,7.2,3,667,52.2,52.39,52.36000061035156,0.3898986791992188,2026-03-20,0.5530458590006845,53.17688020039416,-0.06160071376166575,0.359386134486203,0.36978076693616113,0.3645846825419359,0.010394632449958141,0.641609638036182,0.9917919819656982,,,0.36760196610920504
EQT,EQT260618P00060000,Put,2026-06-18,60.0,1.1199342984688714,10.1,10.3,2,459,52.2,52.39,52.36000061035156,0.2833323620605468,2026-06-18,0.7994524298425736,53.5745713672932,0.11327002150495115,0.33501984012607045,0.3461098748837536,0.3405700587496822,0.011090034757683165,-0.5869547038450442,0.9264641926548012,,,0.36760196610920504
EQT,EQT270115C00037000,Call,2027-01-15,37.0,0.67866702281107,18.8,19.1,2,146,52.2,52.39,52.36000061035156,0.4632622033691406,2027-01-15,1.377138945927447,54.51863543736705,-0.38762466520923916,0.40181538584517934,0.42327586320428945,0.4126269357113956,0.02146047735911011,0.8514375467508026,1.1224829401179395,,,0.36760196610920504
EQT,EQT250919C00040000,Call,2025-09-19,40.0,0.7636260689251037,12.4,12.6,4,177,52.2,52.39,52.36000061035156,0.63867548828125,2025-09-19,0.05475701574264202,52.381658546970314,-0.2696770482094815,0.5668489559374206,0.7733777458910541,0.6922436644630356,0.20652878995363355,0.9595775727007461,1.8831337378032085,,,0.36760196610920504
EQT,EQT250919C00045000,Call,2025-09-19,45.0,0.8590793275407417,7.55,7.7,1,594,52.2,52.39,52.36000061035156,0.5009815527343751,2025-09-19,0.05475701574264202,52.381658546970314,-0.15189401255309798,0.4594269069875163,0.5372186333764867,0.5008816042053719,0.07779172638897036,0.9122188850477368,1.3625650850207174,,,0.36760196610920504
EQT,EQT251219C00050000,Call,2025-12-19,50.0,0.9473685308922447,5.6,5.7,60,556,52.2,52.39,52.36000061035156,0.3881897119140625,2025-12-19,0.30390143737166325,52.7777716586272,-0.05406710532846863,0.3666679089665609,0.37600082510010296,0.3713361055892482,0.00933291613354209,0.6429937927257106,1.010158105299507,,,0.36760196610920504
EQT,EQT260116C00050000,Call,2026-01-16,50.0,0.9451750423016291,6.1,6.25,154,6872,52.2,52.39,52.36000061035156,0.3920959228515625,2026-01-16,0.3805612594113621,52.90025419867545,-0.056385138692529306,0.36447835167994197,0.3769747229738738,0.3707290502410177,0.01249637129393183,0.6409112030375836,1.0085067122053524,,,0.36760196610920504
EQT,EQT260116C00047000,Call,2026-01-16,47.0,0.8884645397635313,8.05,8.2,10,1164,52.2,52.39,52.36000061035156,0.41211525390625,2026-01-16,0.3805612594113621,52.90025419867545,-0.11826054241061676,0.3792939621565706,0.3934432789860972,0.3863836502329724,0.014149316829526637,0.7308298144526685,1.0510924474168557,,,0.36760196610920504
EQT,EQT251219P00055000,Put,2025-12-19,55.0,1.0421053839814691,5.1,5.2,1,2381,52.2,52.39,52.36000061035156,0.312384805908203,2025-12-19,0.30390143737166325,52.7777716586272,0.04124307447585618,0.3343067090211688,0.3431047216941862,0.33870686033680886,0.008798012673017386,-0.5507364765827991,0.9213956713065778,,,0.36760196610920504
EQT,EQT251219C00044000,Call,2025-12-19,44.0,0.8336843071851753,9.85,9.95,3,94,52.2,52.39,52.36000061035156,0.43164630859375,2025-12-19,0.30390143737166325,52.7777716586272,-0.18190047683835361,0.39756440093473466,0.41098385485528593,0.4043105335165643,0.013419453920551272,0.8231819724243099,1.0998595513399787,,,0.36760196610920504
EQT,EQT251219C00045000,Call,2025-12-19,45.0,0.8526316778030202,9.05,9.15,1,141,52.2,52.39,52.36000061035156,0.4213925048828125,2025-12-19,0.30390143737166325,52.7777716586272,-0.15942762098629498,0.38991794634897226,0.40232944363170636,0.396149028627517,0.012411497282734107,0.7993269240669385,1.0776575349159894,,,0.36760196610920504
EQT,EQT260116P00050000,Put,2026-01-16,50.0,0.9451750423016291,3.05,3.1,18,1820,52.2,52.39,52.36000061035156,0.3284979260253906,2026-01-16,0.3805612594113621,52.90025419867545,-0.056385138692529306,0.3481144630865458,0.35229224683962046,0.3502037066565148,0.004177783753074649,-0.35605850358256075,0.9526709292748405,,,0.36760196610920504
EQT,EQT260116C00045000,Call,2026-01-16,45.0,0.8506575380714662,9.5,9.65,5,3335,52.2,52.39,52.36000061035156,0.4276180285644532,2026-01-16,0.3805612594113621,52.90025419867545,-0.16174565435035562,0.39037496555920015,0.4062611185290304,0.39835117162264777,0.01588615296983026,0.7826179243433788,1.0836480986184605,,,0.36760196610920504
EQT,EQT251219P00060000,Put,2025-12-19,60.0,1.1368422370706937,8.6,8.7,7,741,52.2,52.39,52.36000061035156,0.2954172021484375,2025-12-19,0.30390143737166325,52.7777716586272,0.128254451465486,0.3343577940598268,0.3447537357665191,0.3395740965050485,0.01039594170669228,-0.7229168989272976,0.9237548430417529,,,0.36760196610920504
EQT,EQT260116P00060000,Put,2026-01-16,60.0,1.134210050761955,8.85,8.95,10,712,52.2,52.39,52.36000061035156,0.2893137475585937,2026-01-16,0.3805612594113621,52.90025419867545,0.12593641810142545,0.3319666681040554,0.34082557693952037,0.33640654965889377,0.008858908835464974,-0.6925447774024451,0.915138058752809,,,0.36760196610920504
