Delta,Type,IV_Slope_3m_12m,IV_3m,IV_12m,Strike_3m,Strike_12m,Ticker
0.25,Call,-0.061982244202526036,0.4391880905663197,0.39270140741442516,15.431819646480225,19.137277618219198,AAL
0.25,Put,-0.0249281612211479,0.4524162158971553,0.4337200949812944,11.424789464774944,10.983120609942697,AAL
0.75,Call,-0.05675385781135733,0.4786744750982404,0.4361090817397224,11.386084834373206,11.009813513734976,AAL
0.75,Put,0.00823920986727004,0.4467474546661748,0.45292686206662736,15.328537534887937,19.332844286012005,AAL
0.25,Call,0.0055741498528333695,0.3185456893318167,0.32272630172144173,12.831059515612745,14.673921356933322,ABR
0.25,Put,0.06941318649789974,0.3257620797495765,0.3778219696230013,10.340801267748711,9.001498659966597,ABR
0.75,Call,0.11877204162397577,0.4708252208818257,0.5599042520998075,10.256212756086827,8.850226407224543,ABR
0.75,Put,-0.16640930548768215,0.4220651058824961,0.2972581267667345,12.662261954891797,13.912972056613818,ABR
0.25,Call,0.009816116742814499,0.3532637436165151,0.36062583117362595,171.2600835333156,210.95280150570812,AEIS
0.25,Put,0.003600591171904958,0.4017016669318658,0.40440211031079454,133.71567866262447,128.3527161537478,AEIS
0.75,Call,0.005388256728567094,0.3697613104531853,0.3738025029996106,134.17870484993458,128.296972951486,AEIS
0.75,Put,-0.06294790646637087,0.3444639538623284,0.29725302401255027,172.3007788813506,210.6414330769655,AEIS
0.25,Call,0.011366547289103726,0.5927852704197727,0.6013101808866005,10.779809092072231,15.033434646160721,AG
0.25,Put,0.011957276327953329,0.5405318557064284,0.5494998129523934,7.453089661908357,7.138285971386179,AG
0.75,Call,0.013011471209421366,0.5408602085836414,0.5506188119907074,7.444324657370712,7.137300446969413,AG
0.75,Put,0.06616682386422242,0.5981621786133839,0.6477872965115508,10.749917381792923,15.012727552381847,AG
0.25,Call,-0.020079057480275758,0.33374332795302025,0.31868403484281344,87.65179238769045,106.17179992021353,AKAM
0.25,Put,0.03443953756919734,0.33430018438871545,0.36012983756561345,69.38269410258184,66.1671290413681,AKAM
0.75,Call,-0.050313427714741454,0.43245320535093135,0.39471813456487526,68.39417786662052,65.9464289687857,AKAM
0.75,Put,0.10497259084820094,0.2951167369406269,0.3738461800767776,85.57341928766226,105.06709410070931,AKAM
0.25,Call,-0.049974970604423984,0.5320423066753831,0.4945610787220651,97.05032930249594,129.59515554310343,ALB
0.25,Put,0.013604788967710965,0.5150348864361524,0.5252384781619356,68.51516217014611,64.43312542054727,ALB
0.75,Call,0.009920165299984815,0.5350946236915987,0.5425347476665873,68.04510991403954,64.38537479529175,ALB
0.75,Put,-0.1449355557869536,0.6845640045105524,0.5758623376703372,95.5811806615829,128.87435455181625,ALB
0.25,Call,-0.08592063820675018,0.5498291957456701,0.4853887170906075,18.947066226614886,24.80854303537377,ALHC
0.25,Put,0.008688046699115345,0.5648475893773574,0.5713636244016939,12.906639299154316,12.618174005459338,ALHC
0.75,Call,-0.10496482613741875,0.5965900948255126,0.5178664752224486,13.113888355908678,12.692241643872366,ALHC
0.75,Put,-0.40751399242107533,0.8134712914949864,0.5078357971791799,19.730236145526476,25.916941913994822,ALHC
0.25,Call,0.017701445957555146,0.46299543827961387,0.47627152274778023,27.188384453287767,37.35739101469027,ALKT
0.25,Put,-0.0368303760067669,0.5097571349311102,0.482134352926035,19.711701015764238,18.855462120432946,ALKT
0.75,Call,-0.02255146730836799,0.5600638612862041,0.5431502608049281,19.677394201652096,18.735694320523187,ALKT
0.75,Put,-0.006093607908320771,0.4831177534171316,0.478547547485891,27.089661974807576,35.84832382138765,ALKT
0.25,Call,-0.043246433756039204,0.3128393241089856,0.28040449879195617,63.94413027023556,72.99982376189703,ALRM
0.25,Put,0.08296143966634155,0.3869353635915949,0.4491564433413511,52.15577213363241,49.08219492228921,ALRM
0.75,Call,-0.046264902558088426,0.27488581187601235,0.24018713495744604,52.83299844316839,51.6646827589125,ALRM
0.75,Put,0.11608184884839967,0.2284772762420889,0.31553866287838866,65.27034007460065,84.81612122273008,ALRM
0.25,Call,,0.4679534502781642,,4.462530230118095,,AMBP
0.75,Call,0.20451067814738,0.646558545098028,0.799941553708563,3.1743936849605894,2.776033670989276,AMBP
0.25,Call,0.022776363339604828,0.18815991091936837,0.205242183424072,244.77693630940848,279.7266522828989,AMG
0.75,Call,-0.20305695745228616,0.5100579355824687,0.3577652174932541,187.53374214429437,184.9040864625082,AMG
0.25,Call,,0.9895659804801551,,24.450358924933166,,APLD
0.25,Put,-0.12017969624561282,1.0013497273128913,0.9112149551286817,13.062444868221887,13.763587307986894,APLD
0.75,Call,-0.09399797396664929,0.8847509449071614,0.8142524644321745,13.18413613857947,13.464730674259233,APLD
0.75,Put,,1.130659109441502,,25.850588037393965,,APLD
0.25,Call,-0.06131695652009839,0.5765191243182224,0.5305314069281486,33.97789188127974,48.279376909893024,APLS
0.25,Put,0.22390099535579555,0.46951380740598225,0.6374395539228289,22.49599413735658,22.103012425107906,APLS
0.75,Call,0.0004033099187849369,0.5918435569351331,0.5921460393742218,23.050649807615493,22.196443366757393,APLS
0.75,Put,,1.9254213400823774,,36.40190902421904,,APLS
0.25,Call,0.09417889289977732,0.45202235386121375,0.5226565235360467,18.88682868529156,26.61956293159932,ATEC
0.25,Put,0.9943794472521547,0.09761857680037314,0.8434031622394891,13.814236384463504,13.919259240569788,ATEC
0.75,Call,0.11009336670456256,0.41732203186826017,0.4998920568966821,14.229345664688452,13.37064991482712,ATEC
0.75,Put,,1.1040347015059802,,20.119755105626457,,ATEC
0.25,Call,-0.010407707622306214,0.45760590189807043,0.4498001211813408,142.25110417722829,181.42071430692133,BABA
0.25,Put,-0.029642038106846364,0.36541098348821044,0.34317945490807567,107.06673355376806,98.93159987629925,BABA
0.75,Call,0.06761144118206112,0.4910804368307048,0.5417890177172506,104.69707946959572,95.08491585269707,BABA
0.75,Put,-0.03993377023061232,0.3494333037399374,0.3194829760669782,136.4388881949958,154.74297184917597,BABA
0.25,Call,-0.02488465436300184,0.6231428096092417,0.6044793188369904,4.654980878127259,6.5424168804520955,BB
0.25,Put,-0.01751358047992646,0.559626931240721,0.5464917458807762,3.163729778491689,3.048280813781419,BB
0.75,Call,0.009854972003113804,0.5696257393477636,0.577016968350099,3.152582091569709,3.039654748075005,BB
0.75,Put,0.10405685074192912,0.6083720804407344,0.6864147184971813,4.614769536424158,6.352222353492681,BB
0.25,Call,,1.0682495731876565,,8.87224671035384,,BBAI
0.25,Put,0.055872610180105774,1.0544949335878713,1.0963993912229506,4.594589772489944,5.140609497957455,BBAI
0.75,Call,0.055158719807678835,0.9389009454514133,0.9802699853071725,4.6299352446594355,4.932064275682385,BBAI
0.75,Put,,1.1834082240510857,,9.35723495073236,,BBAI
0.25,Call,0.012396630296897118,0.49792510757260094,0.5072225802952738,60.6488346885944,84.70016439382903,BBIO
0.25,Put,0.06870800854888781,0.5233765091111069,0.5749075155227727,42.76386367640613,40.966086534611115,BBIO
0.75,Call,0.009997978472550498,0.5652379596555804,0.5727364435099933,42.59161174703804,40.753481686219615,BBIO
0.75,Put,-0.053254845998225386,0.4465167144819344,0.4065755799832654,60.104805788710905,81.23862870890994,BBIO
0.25,Call,,0.9042120150498393,,66.02040579145955,,BE
0.25,Put,-0.10158406964357836,0.8477064150322557,0.771518362799572,36.95660604052815,37.28149902029702,BE
0.75,Call,-0.13061783830655024,0.8457644155230815,0.7478010367931688,36.981871113989705,37.184621039643574,BE
0.75,Put,,0.9095894343334086,,66.22558677504576,,BE
0.25,Call,-0.08181418822564135,0.4002956917474568,0.3389350505782258,70.5363976921396,86.40929603495917,BFH
0.25,Put,-0.23922596284149664,0.5856698496407694,0.40625037750964693,51.62856527724219,49.96526172017709,BFH
0.75,Call,-0.2484717590600877,0.6517080885838954,0.4653542692888296,51.202402590805065,49.146462322263524,BFH
0.75,Put,,,0.26414478915380935,69.36376811816815,81.24360165148646,BFH
0.25,Call,-0.07509769072215826,0.625224531885079,0.5689012638434603,32.34613037660897,45.09213096965229,BILI
0.25,Put,-0.010030598574655455,0.5707479849761804,0.5632250360451888,22.00068836419985,21.17823263893163,BILI
0.75,Call,0.054683869583044796,0.5681538702137797,0.6091667724010633,21.9689363287627,21.18391504377461,BILI
0.75,Put,-0.0455991582375721,0.6229731438319527,0.5887737751537736,32.23127981489323,45.22428733665277,BILI
0.25,Call,-0.02433319015440949,0.6470982000306899,0.6288483074148827,55.83150402556034,78.96368451087774,BILL
0.25,Put,-0.08389903289319574,0.676286141292873,0.6133618666229762,35.649118843936776,34.75822821231857,BILL
0.75,Call,-0.0796214440636785,0.6794058165193,0.6196897334715411,35.53233521258092,34.71470322724886,BILL
0.75,Put,-0.0909561625635275,0.6964145930701715,0.6281974711475259,55.29939968140768,77.27158053915329,BILL
0.25,Call,-0.12812390104948834,0.44220395813178154,0.3461110323446653,63.62072260536575,72.34011430957942,BL
0.25,Put,0.16097781377624423,0.30361912583400863,0.4243524861661918,48.4646335882202,44.166055043873314,BL
0.75,Call,-0.40726332547184513,0.6763759135945572,0.37092841949067334,45.72657166532642,45.47502376926995,BL
0.75,Put,0.23787040107384536,0.40538232273638436,0.5837851235417684,57.4378604032859,80.96356439956396,BL
0.25,Call,-0.07773169871572794,0.29486391923287897,0.23656514519608302,36.181805039577405,43.22941979889054,BOX
0.25,Put,-0.0818323607441785,0.3870497344837138,0.32567546392557994,28.656356268507047,27.974986205800636,BOX
0.75,Call,-0.09087137840898918,0.477121363069598,0.40896782926285613,28.77496577678334,27.785449537333896,BOX
0.75,Put,-0.08584472459176802,0.34568382503380235,0.28130028158997633,36.4359932509443,42.41854098324449,BOX
0.25,Call,,0.9124632877741986,,19.244618033949873,,BTDR
0.25,Put,0.08122447432466773,0.8792707009114239,0.9401890566549247,10.705708045355149,11.246646016083671,BTDR
0.75,Call,-0.0027600252758113917,0.8536580517527929,0.8515880327959343,10.710895756797148,10.911374589647425,BTDR
0.75,Put,,0.9017797537979104,,19.287944863794028,,BTDR
0.25,Call,0.04810072043421839,0.4343444993092968,0.4704200396349606,4.5335669978669015,5.904867167463213,BTG
0.25,Put,0.02559094502591212,0.4437711395815201,0.4629643483509542,3.383353600749584,3.1481550812988086,BTG
0.75,Call,0.07320781943071945,0.43915217079115504,0.4940580353641946,3.3835800998341146,3.1384374497607963,BTG
0.75,Put,0.027788049117180174,0.4548034159504437,0.47564445278832884,4.534158354030892,5.8084126429757195,BTG
0.25,Call,0.14225202820517255,0.19231476413472826,0.29900378528860766,28.17126324849797,34.02346556200548,BTSG
0.25,Put,-0.7729640922754436,0.844290563597027,0.2645674943904444,22.88489329285059,25.099475838701206,BTSG
0.75,Call,,,0.20452032857170913,26.040325770896136,24.366037515089033,BTSG
0.75,Put,,,,35.532397956297615,32.12393828580771,BTSG
0.25,Call,-0.05785333377990387,0.5433710645939064,0.4999810642589785,20.037260181639255,26.86782008478049,BTU
0.25,Put,0.01876505815811032,0.5166691083242712,0.5307429019428539,14.275092454301033,13.360410345950791,BTU
0.75,Call,0.01413312192071355,0.5492949120737384,0.5598947535142735,13.984144901676462,13.259683019929879,BTU
0.75,Put,0.4238897228080812,0.46097218421742225,0.7788894763234832,19.179494551990384,25.519489875039653,BTU
0.25,Call,-0.04197531644526827,0.2102281188622741,0.1787466315283229,20.43112941040876,22.48877329585572,BXMT
0.25,Put,0.1769203911344497,0.20333653628955714,0.33602682964039443,17.66783678246307,15.382144541050618,BXMT
0.75,Call,0.07883320349444418,0.2722745784329338,0.33139948105376693,17.544524626929274,15.57319867736402,BXMT
0.75,Put,0.0762780230624646,0.28618007638302567,0.3433885936798741,20.235167185366734,23.19183345571268,BXMT
0.25,Call,,,0.05305759053054521,33.985213053354556,34.388849075770565,BXSL
0.25,Put,0.03619795209618063,0.22871176159269171,0.2558602256648272,27.541666710020397,24.384278429342224,BXSL
0.75,Call,-0.33277981103715354,0.5687383859687161,0.3191535276908509,26.631371936661864,24.733327695800664,BXSL
0.75,Put,0.07491661225031658,0.26364474589235004,0.3198322050800875,32.24265158409063,35.51472804178461,BXSL
0.25,Call,-0.04716308116790602,0.3654790281875359,0.3301067173116064,72.40854971659633,88.31345100723699,CAKE
0.25,Put,-0.007567993053457049,0.410925401313976,0.4052494065238832,55.428868174687295,52.44199907677949,CAKE
0.75,Call,-0.04892039514753802,0.45739228563096307,0.42070198927030955,55.1510140241968,52.398123329507015,CAKE
0.75,Put,-0.06570367227413021,0.40148354912633344,0.3522057949207358,71.74838132748391,88.0427074843375,CAKE
0.25,Call,-0.03302575519496731,0.46436910790364255,0.43959979150741707,100.75216567360972,129.1355338518569,CAMT
0.25,Put,0.0695621093647163,0.5158053806087686,0.5679769626323058,72.7544964600327,69.12711373719007,CAMT
0.75,Call,-0.05204274574761136,0.49933088020966,0.46029882089895147,72.91031374450077,70.23326066198682,CAMT
0.75,Put,0.030278379390418813,0.6173475991976213,0.6400563837404354,101.21034171997434,143.29766011021323,CAMT
0.25,Put,-0.007312762394902898,0.3572881455978535,0.3518035738016763,25.89030889252539,24.180296693040514,CDP
0.75,Put,-0.03345629870219128,0.37114456674180185,0.3460523427151584,33.08148968226794,38.72869919983421,CDP
0.25,Call,-0.04698671761231932,0.5537431075720763,0.5185030693628369,27.34601950991101,38.49433112254882,CENX
0.25,Put,0.09314391725157904,0.48617079113138223,0.5560287290700665,19.091372116658025,18.20561714369106,CENX
0.75,Call,0.013895032305515809,0.5723017483208386,0.5827230225499754,18.939067015293524,18.165216669290206,CENX
0.75,Put,-0.32058691029601477,0.8260534982562057,0.5856133155341946,26.85222831004319,37.677041446240366,CENX
0.25,Call,,0.6425337124505907,,22.273353607709804,,CFLT
0.25,Put,0.05291975747088632,0.596504037462905,0.6361938555660698,14.734755140064014,14.194468963302013,CFLT
0.75,Call,0.050177254709028084,0.6584881786203969,0.6961211196521679,14.668229362103062,14.173160806987665,CFLT
0.75,Put,0.09084934480877142,0.6263664707971843,0.6945034794037629,22.009188491097852,32.74492121165474,CFLT
0.25,Call,0.06209653582034299,0.332177901850528,0.3787503037157852,71.72419135555124,92.19389919665977,CHEF
0.25,Put,0.023813990062142947,0.4186312598152795,0.4364917523618867,56.46689428563733,53.876319472790854,CHEF
0.75,Call,0.012222477997807216,0.4162952550303209,0.4254621135286763,56.382905668191775,53.392478428668475,CHEF
0.75,Put,-0.05240196925220434,0.2924143805396626,0.25311290360050936,71.54174737026464,89.14571720153828,CHEF
0.25,Call,0.06017733788380397,0.6535043226348272,0.6986373260476801,12.710892611825516,19.688877717976965,CLSK
0.25,Put,0.013912490990772705,0.780377184435903,0.7908115526789825,8.354995345493942,8.389615257349433,CLSK
0.75,Call,0.22558114828939968,0.4383661954802324,0.6075520566972822,8.742229565667675,8.3504684576842,CLSK
0.75,Put,,1.069698704388302,,14.636402213267493,,CLSK
0.25,Call,-0.06536480627784365,0.3297277145497573,0.28070410984137456,30.47591082465888,40.11289493459133,CNK
0.25,Put,0.03284673588431001,0.36946886601666235,0.39410391792989485,24.14739266256243,23.04071197807736,CNK
0.75,Call,0.017128893639797155,0.46413260311726656,0.47697927334711443,24.17445829636849,22.591266018462083,CNK
0.75,Put,-0.12917034280162545,0.3851881480866756,0.2883103909854565,30.53362897230806,37.251746751144445,CNK
0.25,Call,-0.2548537969481014,0.2565929548913522,0.06545260718027615,32.06193136467341,35.52179226066157,CNX
0.25,Put,0.010551979733470995,0.36813203354732654,0.3760460183474298,26.216493634656942,24.77568948983522,CNX
0.75,Call,-0.0952679276365213,0.358190627280768,0.28673968155337703,26.862326702384337,26.610964813243868,CNX
0.75,Put,0.11910873069681771,0.42446702162178634,0.5137985696443996,33.33059859192976,43.176745901116554,CNX
0.25,Call,-0.01988920316837861,0.590052492752387,0.5751355903761031,390.8412693956202,547.6774851360389,COIN
0.25,Put,-0.03056876341350027,0.6257843532507601,0.6028577806906349,265.1241983744248,256.96640135061017,COIN
0.75,Call,0.02377547961014666,0.5407018362797976,0.5585334459874076,268.39563991874456,258.0416510485501,COIN
0.75,Put,-0.00013739758769260035,0.6893392969102242,0.6892362487194548,403.2691618258183,578.884474467925,COIN
0.25,Call,-0.05465708218321034,0.7147663657451011,0.6737735541076934,19.45004787817888,27.229615378100668,CORZ
0.25,Put,-0.03905644519960708,0.7759217149565307,0.7466293810568254,11.829171234788628,11.751254819469436,CORZ
0.75,Call,-0.15012207494208316,0.7320728201803997,0.6194812639738373,11.888734632986726,11.717854120296739,CORZ
0.75,Put,,0.7491126975281795,,19.79280887088141,,CORZ
0.25,Call,0.004580388023812332,0.08641015469786285,0.0898454457157221,88.8706958525729,94.91204316288568,CWB
0.25,Put,0.0194542282694814,0.14219431640869132,0.15678498761080237,84.0453083306943,82.7101821754488,CWB
0.75,Call,0.030537003920541206,0.04853116108483943,0.07143391402524533,84.79574723085163,85.13217723067783,CWB
0.75,Put,,,0.09163107227311476,89.7696541119866,98.74848236280519,CWB
0.25,Call,,0.619679401789158,,48.8796086591122,,CYTK
0.25,Put,-0.07490601943770248,0.7170852383287676,0.6609057237504907,31.67851781572736,31.031802951766732,CYTK
0.75,Call,-0.06794101609289142,0.7165588509478228,0.6656030888781542,32.082971286677704,31.03450112694312,CYTK
0.75,Put,,1.0248754738457897,,50.72573648122811,,CYTK
0.25,Call,-0.021015671807298464,0.4488130883915376,0.43305133453606376,30.65793763092728,39.97467961658459,CZR
0.25,Put,0.002242569150853931,0.48993248108109105,0.4916144079442315,22.447341287574808,21.474504627168834,CZR
0.75,Call,0.0038974552726203093,0.47180889176424096,0.4747319832187062,22.507803232663594,21.548483434740113,CZR
0.75,Put,0.055651689495819744,0.4886386253818709,0.5303773925037357,30.8274161944609,40.735302787239306,CZR
0.25,Call,-0.04230977143625717,0.41022629904248625,0.3784939704652934,290.29101152861625,367.2341675256832,DASH
0.25,Put,0.019354098819917825,0.4232889298658905,0.4378045039808289,218.7175125334958,208.35562078770522,DASH
0.75,Call,-0.030183349738867642,0.47918856780542907,0.45655105550127834,216.603140258461,208.04026453340927,DASH
0.75,Put,0.07424896154170761,0.3723133654404778,0.4280000865967585,285.027610993479,364.8690975152089,DASH
0.25,Call,0.07412606273724998,0.08627689105207881,0.1418714381050163,70.72813056734299,81.82363933642635,DAY
0.25,Put,-0.004296266580496644,0.19248140311397643,0.18925920317860395,65.2437299394328,64.15021740473125,DAY
0.75,Call,0.15342880402294426,0.11268559115302997,0.22775719417023815,66.36592029065905,63.299713083872845,DAY
0.75,Put,0.06213251623717725,0.07818873223900853,0.12478811941689147,72.1894619211812,79.97641545556175,DAY
0.25,Call,-0.042812709446000685,0.30176678556738973,0.2696572534828892,32.025385593062396,37.46497585966329,DBX
0.25,Put,0.06082782741411578,0.2652520754468001,0.3108729460073869,26.45429448969008,25.350087929756036,DBX
0.75,Call,0.0006495624301918745,0.30952884306386014,0.31001601488650404,26.326795499878784,25.494835340541464,DBX
0.75,Put,-0.035814067841973087,0.3088973714691455,0.28203682058766566,31.789947933681077,38.00949862626841,DBX
0.25,Call,-0.018180942567810037,0.39909915692933595,0.3854634500034784,152.1808591470691,192.3683713169144,DDOG
0.25,Put,0.019364338211965555,0.4219307936085937,0.43645404726756787,115.54565884371286,110.10778931000573,DDOG
0.75,Call,-0.0030930301178171415,0.4407011645963722,0.43838139200800935,115.14353621040091,110.32306978087483,DDOG
0.75,Put,0.006246518794218596,0.40936656035300034,0.4140514494486643,151.19651781944168,193.95962662876417,DDOG
0.25,Call,0.02531013225096575,0.6371963831745829,0.6561789823628073,21.891591687308626,30.850365352392583,DJT
0.25,Put,0.03699849275775099,0.5830872498862999,0.6108361194546131,14.772217263568471,14.236701522516777,DJT
0.75,Call,0.04798155469541365,0.5650738941380296,0.6010600601595898,14.808109356432379,14.278352165377022,DJT
0.75,Put,0.2623471829138044,0.6618291235842741,0.8585895107696274,22.026725808253218,32.19412882369975,DJT
0.25,Call,-0.08576348497479643,0.5499351627997229,0.48561254906862555,38.36926219748853,51.86804696640718,DOCN
0.25,Put,-0.027921833117340977,0.5721293452613171,0.5511879704233114,26.336444177467758,25.361198183504857,DOCN
0.75,Call,-0.03684766735514803,0.5746747727383266,0.5470390222219655,26.33172440584762,25.417660906900956,DOCN
0.75,Put,-0.02205141095028414,0.5738648670583599,0.5573263088456468,38.35269473416161,52.892913924245356,DOCN
0.25,Call,-0.01749146245343125,0.33031106616979294,0.3171924693297195,108.42570877217389,128.84129586018693,EEFT
0.25,Put,-0.0008600572407178783,0.3430111257194629,0.3423660827889245,87.1331081262512,83.6767383986964,EEFT
0.75,Call,0.003324343571399657,0.3073430384653113,0.30983629614386105,87.49658113456925,84.45841471407493,EEFT
0.75,Put,0.007933288039339534,0.33137352319234686,0.3373234892218515,109.16738351754991,132.3328010966544,EEFT
0.25,Call,,0.6851452749064919,,48.74290731657481,,ENPH
0.25,Put,-0.04654631565899988,0.7198891676359059,0.684979430891656,30.288620051508254,29.668652861114282,ENPH
0.75,Call,-0.02685637163227354,0.7220739643890075,0.7019316856648024,30.243480919346432,29.668722353149914,ENPH
0.75,Put,,0.7014651801743247,,48.51253373572347,,ENPH
0.25,Call,-1.0014553687352465,1.4123748431939318,0.661283316642497,18.07432584526889,14.248819442540123,ENVX
0.25,Put,0.010959372837953415,0.8915219521163481,0.8997414817448132,8.138313657686302,8.233927364339989,ENVX
0.75,Call,-3.848955883365513,3.289499182141459,0.40278226961732405,7.854769661210065,8.437083623991818,ENVX
0.75,Put,,0.9179280647889921,,14.001246421680593,,ENVX
0.25,Call,0.00541082043668147,0.475238019247509,0.4792961345750201,9.379901451215686,12.443154316889098,EQX
0.25,Put,0.023605682019571805,0.4762955577628977,0.4939998192775766,6.8805273937092,6.5775277313634275,EQX
0.75,Call,0.04535459973556059,0.4501828154088226,0.48419876521049304,6.906002357779516,6.586799983804656,EQX
0.75,Put,-0.05153231613032575,0.5016195223892834,0.4629702852915391,9.450978468877146,12.544613236283936,EQX
0.25,Call,-0.03671429836761534,0.47477847006294943,0.4472427462872379,79.10183961804928,103.81926441062174,ETSY
0.25,Put,0.006653489193689281,0.48339405446367173,0.4883841713589387,57.63317232701273,54.75481323902699,ETSY
0.75,Call,-0.010107948441162584,0.4984312128534569,0.49085025152258493,57.51718028039343,55.10645561362348,ETSY
0.75,Put,0.3852656760351794,0.48294116175756824,0.7718904187839528,78.7739247567959,108.0075824720434,ETSY
0.25,Call,-0.030696503511742208,0.4854515956380787,0.46242921800427206,57.36267049827677,76.60385874218203,EXAS
0.25,Put,0.03353446965751283,0.48793592647548634,0.513086778718621,41.75746705175899,39.61667868293857,EXAS
0.75,Call,0.008828077074845305,0.49701205655230885,0.5036331143584428,41.650689359116726,39.798658624209864,EXAS
0.75,Put,0.11160118459718375,0.5127166941274037,0.5964175825752915,57.060187412020056,78.97881483666148,EXAS
0.25,Call,-0.13617199546666062,0.36957899888383705,0.2674500022838416,51.14372589524689,59.93014007263148,FIZZ
0.25,Put,0.05792336009876816,0.4407066603669867,0.4841491804410628,40.51027051595383,38.16668533124649,FIZZ
0.75,Call,-0.05339752280219671,0.3832753980433334,0.34322725594168585,40.497065473014324,39.40247329675103,FIZZ
0.75,Put,0.17268956408159072,0.11317881481572374,0.2426959878769168,51.11558223299481,66.6060778145772,FIZZ
0.25,Call,0.06853054063662094,0.3858319251785223,0.43722983065598797,46.7953751855644,64.04020452171449,FLR
0.25,Put,0.01639441142487641,0.46804940533068445,0.48034521389934176,36.48409837457021,34.7658597078909,FLR
0.75,Call,0.0018791191841810069,0.4283497766676541,0.42975911605578987,37.6649340777066,34.97455607285382,FLR
0.75,Put,0.045339364958441486,0.48315412733616103,0.5171586510549921,49.56916177470711,66.1295163241789,FLR
0.25,Call,0.026306837715903104,0.40674770345325173,0.42647783174017906,106.92542630234972,146.9453265457141,FOUR
0.25,Put,0.0780135345861533,0.4148198275594949,0.4733299784991099,80.68576332884648,76.06014851922664,FOUR
0.75,Call,0.10364111597082022,0.4878856394301649,0.5656164764082801,79.78538786412061,75.42607999060647,FOUR
0.75,Put,0.10299270179444742,0.33679461348223216,0.4140391398280677,104.70047344183334,140.0826235918104,FOUR
0.25,Call,-0.01082840641746774,0.5297598905858935,0.5216385857727927,77.34948392511596,105.47705644823041,FRPT
0.25,Put,-0.02899893005531151,0.609410874265528,0.5876616767240443,52.77180125851579,51.02961288686982,FRPT
0.75,Call,-0.04199405538482622,0.5837964589633963,0.5523009174247766,52.97005017257926,51.101846659282565,FRPT
0.75,Put,0.0033137093823272976,0.5789025593341696,0.581387841370915,78.06853895001711,106.86246365642559,FRPT
0.25,Call,-0.0884073566900802,0.1468930448435575,0.08058752732599736,105.4805821644445,117.63611518672646,FRT
0.25,Put,0.002608447183399328,0.20677984718220976,0.20873618256975926,90.51409111245304,85.46339069196893,FRT
0.75,Call,-0.05074995091274063,0.3861336171121341,0.34807115392757865,87.03885524610527,81.88423499127029,FRT
0.75,Put,,,0.11645973255540873,99.92931984822083,108.09559249298083,FRT
0.25,Call,-0.01916725723873029,0.2594682002219591,0.24509275729291138,19.63872962671428,20.235182742756535,FSK
0.25,Put,0.08364856788943957,0.28127645687738434,0.344012882794464,15.729292212904323,13.44336812910903,FSK
0.75,Call,-0.14431775262930566,0.4237876613907883,0.31554934691880904,15.614438676209774,13.711679604175153,FSK
0.75,Put,-0.038521824115210025,0.3859085365698982,0.3570171684834907,19.404608962559287,21.371060350615462,FSK
0.25,Call,-0.02487873939630658,0.5168636868926654,0.49820463234543544,8.62742142076478,11.507220525198218,FSM
0.25,Put,0.002551477338414987,0.5025966701280808,0.5045102781318921,6.265598665950021,5.978378719826911,FSM
0.75,Call,0.01591621735471116,0.47533113289945916,0.48726829591549253,6.269409120408518,5.990796700509053,FSM
0.75,Put,0.05449500286011869,0.4365753877279568,0.4774466398730458,8.63837005961934,11.658439768486437,FSM
0.25,Call,,,,17.351272258819495,21.975216790884037,GBDC
0.25,Put,-0.3022487859765095,0.2909570501406651,0.06427046065828294,13.063347156912245,12.916998487255853,GBDC
0.75,Call,-0.13543945731273896,0.7627466859434282,0.661167092958874,12.749579158807006,11.17735406975142,GBDC
0.75,Put,-0.40635266686515936,0.4517658627150068,0.14700136256613727,16.58445298399886,14.970522818984202,GBDC
0.25,Call,,0.6784067057268451,,45.06210320539961,,GDS
0.25,Put,0.07066974343906907,0.6549285978692934,0.7079309054485952,28.92799229106418,28.121158885376406,GDS
0.75,Call,0.04914305915301561,0.670674646861196,0.7075319412259578,28.879576437391556,28.108992773007216,GDS
0.75,Put,,0.692972409607415,,44.84474898979388,,GDS
0.25,Call,-0.05888056892288396,0.5431110649217709,0.4989506382296079,27.806749355740177,37.79910166473518,GEO
0.25,Put,-0.017145192117076807,0.53984604898862,0.5269871549008124,18.97383382497511,18.1968822537482,GEO
0.75,Call,-0.07263982963943653,0.6298879677812466,0.5754080955516692,18.694376446958472,18.110891724222345,GEO
0.75,Put,0.040660912973639274,0.5311262720097202,0.5616219567399496,26.84072035018044,36.34520081424283,GEO
0.25,Call,-0.0018250870337030989,0.5268797192729269,0.5255109039976495,73.52617536535368,102.27096174278347,GH
0.25,Put,0.003530904882663647,0.5603478020513248,0.5629959807133226,51.19742357484778,49.14144420801826,GH
0.75,Call,0.01348048653339203,0.5398485287861758,0.5499588936862199,51.36939999630637,49.232025636991956,GH
0.75,Put,-0.02067955562423703,0.5652558597448768,0.549746193026699,74.10412054701473,104.12886868434234,GH
0.25,Call,-0.08476466772102571,0.47931522333233545,0.41574172254156616,118.34123577822427,136.59249367041392,GKOS
0.25,Put,-0.011155840606865697,0.47269323978548283,0.46432635933033356,80.423766894553,76.91383928703719,GKOS
0.75,Call,-0.46443838937817467,0.7869683891950826,0.4386395971614516,77.37911384971979,77.34522192001876,GKOS
0.75,Put,0.008715714711296693,0.3966650432422125,0.40320182927568504,108.22784243404456,140.14472540119115,GKOS
0.25,Call,,0.7682662225730814,,30.405419242671694,,GME
0.25,Put,0.0383423712145324,0.6415292894328151,0.6702860678437144,19.4259257546051,18.913548485962473,GME
0.75,Call,0.05954932551325124,0.6462188725537454,0.6908808666886839,19.41603310481576,18.912841625463273,GME
0.75,Put,,0.7684241671267723,,30.35998336544202,,GME
0.25,Call,0.018346846510680748,0.1266256224244539,0.14038575730746447,208.2787022364738,234.84803856592117,GTLS
0.75,Call,0.10259071261048776,0.11814423217887948,0.1950872666367453,192.81848712849384,187.04101078900402,GTLS
0.25,Call,0.04310197800537933,0.20429513036599345,0.23662161387002795,122.84995361934703,141.00201553234945,GVA
0.25,Put,-0.1784147516878319,0.5644256697105521,0.43061460594467815,103.88183097061523,99.90708496528046,GVA
0.75,Call,0.09167201571058281,0.13282631716696017,0.20158032894989728,109.570584581606,105.21314178712494,GVA
0.75,Put,,,0.08425397767782507,133.05302437734036,160.03770065054735,GVA
0.25,Call,0.06474071438809943,0.3908486897951719,0.4394042255862465,64.5897193333382,83.89366055664273,HAE
0.25,Put,-0.004018681225453828,0.4334462248903262,0.4304322139712358,48.948122461769316,46.64611226109587,HAE
0.75,Call,-0.02040095849440308,0.47105210127632613,0.4557513824055238,48.69534277402368,46.403788533229054,HAE
0.75,Put,-0.001982924383537125,0.4011761419563618,0.39968894866870897,63.96851429250194,81.95810557482159,HAE
0.25,Call,-0.1003649417367638,0.3435175443133822,0.26824383801080937,82.39127170345898,95.80916522372284,HALO
0.25,Put,-0.002445319650930496,0.3630638548111838,0.36122986507298593,64.38029038183976,61.70233772264063,HALO
0.75,Call,-0.09225926141165264,0.4134874342619602,0.34429298820322074,63.799533954582785,62.435681170100096,HALO
0.75,Put,0.0320396504440598,0.3123991348899223,0.3364288727229672,81.10953102328014,99.23275840989434,HALO
0.25,Call,0.02552689092031894,0.32631096204974525,0.34545613023998445,32.8374957645061,40.82896328158295,HASI
0.25,Put,0.30610733977170024,0.2774641445107345,0.5070446493395097,24.6964290632234,21.586788976174415,HASI
0.75,Call,-0.08196430208616956,0.584820009050302,0.5233467824856748,23.8222362732995,21.864426912057898,HASI
0.75,Put,0.20052467053795228,0.5569357192524546,0.7073292221559188,30.72760265593408,44.483302887968605,HASI
0.25,Call,0.0600490830726787,0.11486847803640647,0.1599052903409155,20.70887857801679,22.239484250869147,HTGC
0.25,Put,0.11933414268034122,0.19579111902186735,0.28529172603212327,17.14742029786681,15.352107466067944,HTGC
0.75,Call,-0.05425343688183992,0.329787880019934,0.28909780235855403,17.53610137373681,16.046296545090048,HTGC
0.75,Put,-0.1180363482015531,0.5946923766326861,0.5061651154815213,21.438539391589707,24.964611242940926,HTGC
0.25,Call,,0.5045498263426272,,43.99075452421277,,HTHT
0.75,Call,-0.08952904492180351,1.1092435397613334,1.0420967560699808,26.12946129813524,20.69588528832643,HTHT
0.25,Call,-0.013127540472074392,0.3264383830978522,0.31659272774379643,297.3000981827726,360.6575758778843,IDCC
0.25,Put,0.08922447726836769,0.32529315666237163,0.3922115146136474,238.34610178504386,225.1925425057129,IDCC
0.75,Call,-0.01911742448843919,0.3984005046702152,0.3840624363038858,234.0055092299393,223.41544633178833,IDCC
0.75,Put,0.02173582969884687,0.19706450343965456,0.21336637571378972,288.57855061986874,351.9908764025855,IDCC
0.25,Call,0.06168173125667368,0.31708926766271966,0.3633505661052249,47.67540361447589,58.38429239647974,INSW
0.25,Put,0.015344645576141383,0.44730259105762016,0.4588110752397262,37.77242021833843,35.8756086833937,INSW
0.75,Call,0.09591989586773275,0.24249042962578732,0.3144303515265869,39.561881232299676,37.16364438243377,INSW
0.75,Put,-0.022446602572461227,0.48675687808417517,0.46992192615482925,51.720534107789454,66.98003356886369,INSW
0.25,Call,-0.03409478583037773,0.5285084916334779,0.5029374022606946,55.4828767169265,74.02928946577157,IONS
0.25,Put,0.2222548852231041,0.625987378009468,0.7926785419267961,37.0104942963878,35.65835456036749,IONS
0.75,Call,-0.1096158605085636,0.6318354760576426,0.5496235806762199,36.95491467567297,35.9419180406715,IONS
0.75,Put,,0.40173462664169135,,55.266926131564865,,IONS
0.25,Call,,1.0572781602371468,,32.35157463327691,,IREN
0.25,Put,-0.1494711172292059,1.031754731285833,0.9196513933639286,16.12095213712035,16.872185253563686,IREN
0.75,Call,-0.14071495131196846,1.0362101698105657,0.9306739563265893,16.108470436149286,16.902809313654604,IREN
0.75,Put,,1.0055678214888712,,32.16588484462113,,IREN
0.25,Call,0.022303549785897808,0.3791325772334831,0.39586023957290645,193.31080774520896,251.41159205187523,IRTC
0.25,Put,0.24522345631089001,0.5555060398259656,0.7394236320591331,147.59188411240186,135.9109947887817,IRTC
0.75,Call,0.04945554919510483,0.41890526357987645,0.4559969254762051,146.90314712313383,139.72062164366062,IRTC
0.75,Put,,,0.38121140134009673,191.6590683914584,318.6285897458765,IRTC
0.25,Call,,1.0285826731501841,,148.7478145561864,,ITGR
0.75,Call,-0.8956328478889856,1.4366116668962354,0.7648870309794963,60.452059572575735,62.463106450155806,ITGR
0.25,Call,-0.1269622410507086,0.33516778033601896,0.2399460995479875,147.1374696022649,163.43879035423856,ITRI
0.25,Put,0.08452633309482827,0.426589109272027,0.4899838590931482,114.35652445084521,106.71198057650747,ITRI
0.75,Call,-0.29824320840687607,0.5379797890753444,0.3142973827701873,112.48741787134514,112.20453316676942,ITRI
0.75,Put,0.16866710352612668,0.2040904947613148,0.3305908224059098,142.97625256583405,192.53345115060915,ITRI
0.25,Call,-0.03366894541660089,0.4405294189008799,0.4152777098384292,143.57665425272717,185.06734688613386,JAZZ
0.25,Put,0.06465669247940453,0.45073404496528885,0.49922656432484225,104.82808917766745,100.49201725670287,JAZZ
0.75,Call,-0.031003093786193592,0.48442453128438606,0.46117221094474087,106.13478463747775,101.70419700282672,JAZZ
0.75,Put,-0.30073726882593377,0.7990188245572377,0.5734658729377874,147.3459222015739,198.19585216221176,JAZZ
0.25,Put,-0.1016203126599214,0.7283466973989144,0.6521314629039734,141.2764948548246,141.93036063808364,JBTM
0.75,Put,,1.1120606881027844,,258.5476118352364,,JBTM
0.25,Call,-0.05262649533332464,0.37026806292879627,0.3307981914288028,71.69458630592618,86.13304509929698,KBH
0.25,Put,0.025746744391941023,0.3717102693804384,0.39102032767439415,55.651406359317626,51.37542591556058,KBH
0.75,Call,-0.05425985456267527,0.4342613586525649,0.3935664677305584,54.89931582926411,52.41467577306227,KBH
0.75,Put,0.3039913336281946,0.34492110339673343,0.5729146036178794,70.00738403124274,93.3421359896023,KBH
0.25,Call,0.171427540586185,0.4080984658507998,0.5366691212904385,26.10112740769082,38.68142516746021,KRG
0.75,Call,0.11796992403876105,0.5188727489817463,0.6073501920108171,19.41467438489651,17.50034211805335,KRG
0.25,Call,-0.04036485033612195,0.4231817213380524,0.3929080835859609,71.07905414497208,82.5352149405684,LBRDA
0.25,Put,-0.028859713543993488,0.3756919001850794,0.3540471150270843,55.38252610260266,53.42942819925887,LBRDA
0.75,Call,-0.11425442833682564,0.37176477660229357,0.28607395534967434,55.291870052545875,54.106500944415274,LBRDA
0.75,Put,-0.013144580135885672,0.35212817148557546,0.3422697363836612,70.8751976684408,85.63911320420894,LBRDA
0.25,Call,,0.8691577188445145,,2.983923079798771,,LCID
0.25,Put,0.08328884598416275,0.790190657105058,0.85265729159318,1.7522358949218173,1.7651683525050303,LCID
0.75,Call,0.03169381423009732,0.7823497517123623,0.8061201123849353,1.7546569492520985,1.7561508658538276,LCID
0.75,Put,,0.8771525085057695,,2.999808316409351,,LCID
0.25,Call,-0.0009104193539656672,0.34065018402747654,0.3399673695120023,115.69684150084743,137.1370286128365,LCII
0.25,Put,0.04246791770604408,0.29287167072451226,0.3247226090040453,94.24626827159084,86.4823705976744,LCII
0.75,Call,-0.023906913138730168,0.39182392470003047,0.37389373984598284,90.62169825726929,84.27764649446375,LCII
0.75,Put,,,0.2171736495742227,108.90146413829542,127.40788476219915,LCII
0.25,Call,,0.8293742921639953,,254.89219939420593,,LEU
0.25,Put,-0.005894087678917526,0.8418084345602665,0.8373878688010784,147.05966552571385,149.10330221701705,LEU
0.75,Call,0.016651379670510707,0.7915901876098139,0.804078722362697,147.71719457094085,148.2715181986461,LEU
0.75,Put,,0.8866745675492613,,259.6640482499349,,LEU
0.25,Call,-0.036409406175049654,0.3079228369804251,0.28061578234913787,24.11746864323416,27.819144570390396,LEVI
0.25,Put,0.04019919853152457,0.338887199048728,0.3690365979473714,18.919712351693374,17.658562264454943,LEVI
0.75,Call,-0.06870668947682883,0.4063662819539061,0.3548362648462845,18.765747935994266,17.94555413591312,LEVI
0.75,Put,-0.07143564121419958,0.5224526531373164,0.4688759222266667,23.781707778557944,29.270574191624824,LEVI
0.25,Call,0.022565411285721277,0.42474893030167726,0.4416729887659682,101.34232658624555,134.97370766981513,LIF
0.25,Put,0.04545119007122215,0.4645153396642801,0.4986037322176967,76.4454491102217,72.41143852364395,LIF
0.75,Call,0.05644384045739185,0.4287004451450734,0.47103332548811727,76.41582817451663,72.45378386421746,LIF
0.75,Put,0.05143107394439469,0.35545257183148976,0.3940258772897858,101.26784312991468,135.39774451608716,LIF
0.25,Call,-0.0550119175422048,0.5572868744700575,0.5160279363134039,147.44500718048982,205.35370237870742,LITE
0.25,Put,-0.00042762959406269135,0.5738185489191566,0.5734978267236096,100.58749141680009,96.56607376242602,LITE
0.75,Call,-0.029267905343262363,0.6051224850599165,0.5831715560524697,100.13376493666797,96.56583881024993,LITE
0.75,Put,-0.010598309284025387,0.5539590648230358,0.5460103328600168,145.83463578044686,205.34835043869276,LITE
0.25,Call,-0.0037831582291311485,0.33436345076025675,0.3315260820884084,62.60981832586312,77.34177897176788,LIVN
0.25,Put,0.1104400726640719,0.6540601870657323,0.7368902415637862,45.82308115348217,44.24265138450479,LIVN
0.75,Call,-0.035315164970595836,0.4388243572332031,0.41233798350525624,48.01020114381473,46.16212869815511,LIVN
0.75,Put,,0.3814302732951874,,69.35021506214675,,LIVN
0.25,Call,-0.048209894500975535,0.3383755746531337,0.3022181537774021,108.15150626231151,136.22994374027908,LMAT
0.75,Call,0.1352646686101715,0.30777698314504204,0.40922548460267066,89.88112030676635,83.97987165206771,LMAT
0.25,Call,0.07367782307485242,0.4424173637544971,0.4976757310606364,67.79782001816996,90.44359684954485,LNTH
0.25,Put,-0.026504639796927226,0.5088399853074757,0.48896150545978023,49.74600711459134,47.534355928273335,LNTH
0.75,Call,0.008373348760995306,0.4894464926721098,0.4957265042428563,49.997564381060556,47.62330143450102,LNTH
0.75,Put,0.03729904782744612,0.4638653226446254,0.49183960851520997,68.50074971278532,91.45458568297693,LNTH
0.25,Call,-0.022064863299203836,0.414581591381444,0.39803294390704114,195.70782705639374,254.55580624026186,LRN
0.25,Put,0.041509052297657036,0.43728134718733513,0.4684131364105779,141.5570512288128,137.39212183927086,LRN
0.75,Call,-0.006551626896165545,0.48462131158793026,0.4797075914158061,144.96060002375322,138.599544484178,LRN
0.75,Put,-0.4351128825188959,0.9115358204868445,0.5852011585976725,206.12071409197932,267.5072424046729,LRN
0.25,Call,-0.06500523728969121,0.5874912384803924,0.538737310513124,19.784109704208745,26.905705692387706,LYFT
0.25,Put,0.05198048330313269,0.5244375628753002,0.5634229253526497,13.574071411479085,12.990611072717236,LYFT
0.75,Call,-0.058335091829493514,0.5793952239867507,0.5356439051146306,13.448546375000186,12.998364711408087,LYFT
0.75,Put,-0.019486538737407688,0.5617385452463695,0.5471236411933137,19.352750181739587,27.052962667003673,LYFT
0.25,Call,0.10212522615771676,0.1329114601979799,0.20950537981626746,69.9326560680818,79.87452101366121,MAIN
0.25,Put,-0.02852676824067572,0.2510567437142163,0.22966166753370953,59.56165948040419,57.33192610585813,MAIN
0.75,Call,0.07881530589780635,0.22202087616697763,0.2811323555903324,61.79621141716904,56.92366607230947,MAIN
0.75,Put,-0.30544783514537716,0.48567650562950077,0.2565906292704679,73.78497249577525,78.67061705375606,MAIN
0.25,Call,0.09237598178953214,0.5960127695370976,0.6652947558792467,22.18862986627453,33.223686941529,MANU
0.25,Put,0.3631488449369695,0.41369360349385303,0.6860552371965801,15.530845427302047,14.663508601271086,MANU
0.75,Call,-0.0066481822069444085,0.6270075074490444,0.6220213707938361,15.245369468531242,14.585696901426681,MANU
0.75,Put,,0.8787418772768673,,21.2918326755318,,MANU
0.25,Call,,0.6873791129532091,,20.572152217761218,,MARA
0.25,Put,0.051355684045435744,0.6855750805747595,0.7240918436088363,13.21204202532358,12.86100892562335,MARA
0.75,Call,0.03805759064887241,0.6848632112064448,0.7134064041930991,13.218057320948237,12.856704089400779,MARA
0.75,Put,,0.7110446236383211,,20.599323853783385,,MARA
0.25,Call,-0.017180357578426914,0.5866628733067216,0.5737776051229014,27.977935460137562,39.66158881209115,MGNI
0.25,Put,0.04862031789350585,0.5660760575869263,0.6025412960070556,18.965819425819436,18.18566443892123,MGNI
0.75,Call,-0.05073304204971688,0.5875662459646955,0.5495164644274079,18.9207047391276,18.236045065952595,MGNI
0.75,Put,0.043970942660220246,0.5922832084610905,0.6252614154562557,27.81315120506489,41.40411348528089,MGNI
0.25,Call,-0.09975189262766664,0.25847793830347865,0.18366401883272868,150.543717477207,154.8468582931326,MIDD
0.25,Put,0.009977088130748305,0.3381687445327498,0.34565156063081104,120.52476094925666,114.74453396255761,MIDD
0.75,Call,-0.5717996595172362,0.5888747365801614,0.16002499194223424,118.81930583396623,123.00344024088399,MIDD
0.75,Put,0.08049849999384688,0.2640782977666255,0.32445217276201066,147.08729609500855,180.4505628581823,MIDD
0.25,Call,0.0013400081283413041,0.4562497591372469,0.4572547652335029,24.759911938635607,33.442396384409946,MIR
0.25,Put,0.011555614446490411,0.4502850287700487,0.45895173960491653,17.770556852069657,16.899617496463815,MIR
0.75,Call,-0.07932600089161435,0.6087467052371935,0.5492522045684828,17.325223821632754,16.657696142133915,MIR
0.75,Put,0.07182938453940713,0.35511336138101224,0.4089853997855676,23.48986067930391,30.70467969553791,MIR
0.25,Call,0.020404135858166878,0.3663321376554153,0.38163523954904044,77.79620648924845,98.09886684549224,MIRM
0.25,Put,-0.07378051427075712,0.7058860080559162,0.6505506223528483,58.92847509279038,55.87814421451042,MIRM
0.75,Call,0.03150071423808617,0.3754194930271687,0.39904502870573333,60.658895231163896,57.821328798590876,MIRM
0.75,Put,,,0.27088362234827945,82.29478479321153,120.10121192423475,MIRM
0.25,Call,0.049715892746916714,0.40801637046111594,0.4453032900213035,119.44678013919598,168.47213816576152,MKSI
0.25,Put,-0.17030632704562088,0.5517549881267458,0.4240252428425302,84.26872575410297,84.34372397628043,MKSI
0.75,Call,-0.055098094094806704,0.6174906256993028,0.5761670551281978,88.33022463558534,82.76834193948545,MKSI
0.75,Put,-0.36245957970144077,0.7288006173532197,0.45695593257713907,134.07593826723675,150.76335286458354,MKSI
0.25,Call,0.0249857834602778,0.3036985409635098,0.32243787855871814,97.03348009111625,116.73237671088827,MMSI
0.25,Put,0.13991411645670282,0.2780480107608748,0.38298359810340193,83.12733331616722,77.43928676544655,MMSI
0.75,Call,0.06741865532228886,0.23488192269061187,0.2854459141823285,82.01063972933889,78.1912051322446,MMSI
0.75,Put,,,0.20139662595973717,95.212167297727,119.82300385544161,MMSI
0.25,Call,-0.018215406238044112,0.40066051325279806,0.386998958574265,120.11981261062616,156.87372877296735,MMYT
0.25,Put,-0.0216813123182303,0.40695110716787886,0.39069012292920613,90.7371254337555,87.35890553849529,MMYT
0.75,Call,-0.0047723853183430824,0.49843820500542924,0.4948589160166719,89.76846977070252,85.60330350938528,MMYT
0.75,Put,-0.23842770952797868,0.5378442042647602,0.3590234221187762,117.73278149594955,144.31246125108126,MMYT
0.25,Call,0.04182990384483946,0.6091379052089525,0.6405103330925821,445.07506350417947,657.3186907263298,MSTR
0.25,Put,0.018836489401888496,0.6194627410995042,0.6335901081509205,297.89272045837373,285.9617237524771,MSTR
0.75,Call,-0.021290624148416242,0.6586106216383311,0.6426426535270189,296.2674111782435,285.8988590554211,MSTR
0.75,Put,0.20392503828479955,0.5920527655299831,0.7449965442435827,438.9089372425206,654.1771242981598,MSTR
0.25,Call,0.015634197005553425,0.33273399449870045,0.3444596422528655,42.18591206111977,51.10582139800538,MTCH
0.25,Put,0.021944040383192604,0.3134365529258924,0.32989458321328685,33.83517228551883,31.30347863004374,MTCH
0.75,Call,0.030382204429983812,0.3333715742106121,0.35615822753309995,33.798920933459165,31.96149318773433,MTCH
0.75,Put,0.24499483554044396,0.5528727952020285,0.7366189218573614,42.111869464207025,55.12502236751847,MTCH
0.25,Call,0.02841858428528976,0.31022748526742866,0.331541423481396,86.61371565850494,103.52278192245677,MTH
0.25,Put,-0.044748767538868174,0.4783504495720111,0.44478887391786,66.0968234056458,64.32096033711684,MTH
0.75,Call,0.09331715776605438,0.2361646276661868,0.3061524959907276,71.93749092241485,67.50362063044665,MTH
0.75,Put,-0.4751212543471223,0.9926984060557106,0.6363574652953689,103.1217265740773,125.8914211313855,MTH
0.25,Call,0.04781985956565671,0.30917139932298815,0.3450362939972307,175.02128110790397,201.4870236453398,MTN
0.25,Put,0.08461148936783329,0.3223895234201717,0.38584814044604665,139.59711594147944,126.37131138460367,MTN
0.75,Call,-0.09583438219232636,0.4092015156327576,0.3373257289885128,138.98343072383983,128.35276848397137,MTN
0.75,Put,-0.09905254581690189,0.47076583976520364,0.3964764304025272,173.74904530702568,212.0191867909049,MTN
0.25,Call,-0.21788224409175014,0.5204378989852207,0.35702621591640815,147.46909394121582,175.12809319216484,MTSI
0.25,Put,-0.06500271685206556,0.4566493764578895,0.4078973388188403,109.04404652621588,104.50210842234975,MTSI
0.75,Call,-0.19199364131368113,0.5371479232420245,0.3931526922567637,107.34931800113276,105.20659506428042,MTSI
0.75,Put,0.05551883629663353,0.3475165373052971,0.3891556645277722,143.01819451246942,179.57757443635253,MTSI
0.25,Call,-0.012252711713169218,0.39053246630370364,0.3813429325188267,162.40213214248973,203.99789597514717,NICE
0.25,Put,0.018296818835825162,0.40382974491674883,0.4175523590436177,124.55526965678757,119.30481489302203,NICE
0.75,Call,0.006360723576903131,0.4176551093931141,0.42242565207579147,124.35910792337783,119.07105278644018,NICE
0.75,Put,-0.03999942106600211,0.40479637517479855,0.37479680937529697,161.93681867386317,202.46854423439044,NICE
0.25,Call,-0.020026201936039472,0.46043578044351263,0.44541612899148303,27.991231245410393,35.361812265957326,NOG
0.25,Put,-0.015631176194842222,0.533768638225371,0.5220452560792394,20.214085440245082,18.330655656103136,NOG
0.75,Call,0.015497377123857495,0.5084140542913352,0.5200370871342284,20.314710967913456,18.345669408215855,NOG
0.75,Put,0.0006442050164665591,0.47755490934557926,0.4780380631079292,28.288732420766152,35.54350551394317,NOG
0.25,Call,-0.0036760340799186033,0.42738399651065406,0.4246269709507151,302.0426539876236,412.62645328020585,NVMI
0.25,Put,-0.007766599966210948,0.48963026209058036,0.48380531211592215,218.4712372061059,208.90053237956238,NVMI
0.75,Call,-0.15452549850967726,0.6612390833659618,0.5453449594837039,217.35252226734997,207.38500696452445,NVMI
0.75,Put,0.010474692971794338,0.4382104179062946,0.44606643763514037,298.81791302385085,394.06550714477055,NVMI
0.25,Call,-0.009504882078852509,0.3391069583599196,0.3319782968007802,24.53323771315759,30.381891157870857,NVST
0.25,Put,0.005715668980825465,0.9035287031812168,0.9078154549168359,17.513141210362317,17.464467783632465,NVST
0.75,Call,-0.0491048023447113,0.46023824083727255,0.4234096390787391,18.534049413310022,17.855113889707063,NVST
0.75,Put,,0.3595149685612038,,28.132578868281318,,NVST
0.25,Call,-0.025572884156037572,0.20715717966169064,0.18797751654466247,15.521275737022851,18.514946441302712,OBDC
0.25,Put,-0.1457743849683173,0.2614180691922628,0.15208728046602482,12.890580843233355,12.005352976656454,OBDC
0.75,Call,0.12110728790912113,0.3796702619903067,0.47050072792214753,12.714581241126613,11.025229691771063,OBDC
0.75,Put,-0.1053245324423369,0.28064290478607556,0.2016495054543229,15.204274262517963,15.098919340514069,OBDC
0.25,Call,0.023388040804664945,0.46934640926123417,0.4868874398647329,70.9840799281998,95.6080811934349,ODD
0.25,Put,0.03643953703533942,0.5288256615472112,0.5561553143237158,52.5471313937703,50.0136171316162,ODD
0.75,Call,0.08217684235311921,0.3991640181857223,0.4607966499505617,53.49740920253038,50.62560194504177,ODD
0.75,Put,0.038230561621314774,0.5100104359290304,0.5386833571450165,73.61899612782743,104.22171814935562,ODD
0.25,Put,-0.0588323527787061,0.4608241449142697,0.41669988033024014,93.99273970272854,90.58570865311789,ORA
0.75,Put,-0.06025222155194868,0.46346122156621317,0.41827205540225165,128.34887364179167,159.01928856214795,ORA
0.25,Call,-0.07500855267897218,0.3728484543186375,0.31659203980940837,269.16841531105706,313.5021073035345,OSIS
0.25,Put,-0.5244326409117434,0.5759503124968861,0.18262583181307857,197.67146215726228,214.5953057291744,OSIS
0.75,Call,-0.3150789668267546,0.6208304499290358,0.38452122480896983,197.9128659962689,194.8360870261829,OSIS
0.75,Put,,0.15052308674559486,,269.8362383599762,255.62341766005437,OSIS
0.25,Call,0.062395541886438366,0.29220350148540747,0.33900015790023624,127.04077916235853,156.51232764450404,PATK
0.25,Put,-0.03486719807124827,0.4050342878234045,0.3788838892699683,101.10679433089676,95.96050799314916,PATK
0.75,Call,0.03455135566731996,0.3513436856805103,0.37725720243100025,101.68447545546981,95.78008034728633,PATK
0.75,Put,0.07657798199589812,0.2598461499062326,0.3172796364031562,128.2608510068699,155.54225108482333,PATK
0.25,Call,,0.7585217884618393,,17.291915110348633,,PCT
0.25,Put,0.14205449884277735,0.7579758765069753,0.8645167506390583,10.60865329676326,10.637456133679267,PCT
0.75,Call,-0.02304074864698628,0.7507065508714843,0.7334259893862446,10.642980069296952,10.491702340169262,PCT
0.75,Put,,0.8006095751522028,,17.480561431710914,,PCT
0.25,Call,-0.08930746910296154,0.4698927393545091,0.40291213752728794,22.769604252567433,28.723167278465603,PENN
0.25,Put,0.04901737519086713,0.43764277785772765,0.474405809250878,16.776302980356544,15.815170382489608,PENN
0.75,Call,-0.013337017201653737,0.48823774723936203,0.4782349843381217,16.543115303821146,15.976650845574275,PENN
0.75,Put,-0.27409016503226685,0.8588994848334287,0.6533318610592286,22.148120959810047,30.293751187023272,PENN
0.25,Call,,0.8798084035434959,,44.586300605232964,,PGY
0.25,Put,-0.004683442131986275,0.8459650456739535,0.8424524640749638,25.172035751716496,25.548250568921315,PGY
0.75,Call,-0.051729248852654695,0.8523970916967077,0.8136001550572167,25.13462029810859,25.457872668681652,PGY
0.75,Put,,0.8872053794316785,,44.29927587365275,,PGY
0.25,Call,-0.06936493504478876,0.566481259691454,0.5144575584078624,209.3665896489236,298.8711634763183,PI
0.25,Put,0.41149439984015873,0.5273066619642894,0.8359274618444085,142.72626834949475,134.28360373971822,PI
0.75,Call,-0.04542594761039057,0.6621971985756153,0.6281277378678224,139.37903379023726,134.75126380157695,PI
0.75,Put,,,,197.99721775493012,,PI
0.25,Call,0.04626870272498954,0.20800931645217882,0.24271084349592098,121.97698443159986,170.1326937552826,POST
0.25,Put,0.11002146261615631,0.1765814158730317,0.2590975128351489,106.56642553021156,101.48973080952675,POST
0.75,Call,0.1835627068920694,0.4208032786416227,0.5584753088106748,101.84447966328314,93.28707041260643,POST
0.75,Put,,,0.09905161913547411,114.86030007312301,133.7065448493429,POST
0.25,Call,0.08479199161951174,0.34956059098242387,0.4131545846970577,15.388106834357572,18.76808842085264,PR
0.25,Put,-0.014953085340743577,0.40471248728010134,0.39349767327454366,11.893994185625514,10.890711812165094,PR
0.75,Call,-0.03191082330052838,0.4694899717929533,0.44555685431755704,11.722033001144116,10.794077245895728,PR
0.75,Put,0.05773955032371473,0.373762715065097,0.41706737780788306,14.997380280228736,18.141124825852415,PR
0.25,Call,0.01459735215864392,0.31504301391820444,0.3259910280371874,88.88618214734859,111.37197752657131,PSN
0.25,Put,0.1409073942847865,0.3356848739935618,0.44136541970715165,69.83131775310038,65.76225060503835,PSN
0.75,Call,-0.008368326253758829,0.4342319126745038,0.42795566798418466,69.90134404787524,66.63645832893539,PSN
0.75,Put,-0.07804202477959876,0.4928808656939485,0.43434934710924944,89.03983478436263,117.42997805286223,PSN
0.25,Put,0.03950701635947699,0.5170428764841009,0.5466731387537086,42.88398643058169,40.906446867997275,PTCT
0.75,Put,0.02715407481185232,0.53823301934822,0.5585985754571092,60.62610163898244,85.79999610626508,PTCT
0.25,Call,,0.6835172985355299,,10.406161043407339,,PTON
0.25,Put,0.028469565782787292,0.6590321790139829,0.6803843533510734,6.565603977176204,6.375826660034911,PTON
0.75,Call,-0.07619030544847567,0.7174582787124338,0.6603155496260771,6.509898241329301,6.373566797540539,PTON
0.75,Put,0.5665644316003776,0.5980701129732562,1.0229934366735394,10.145643910144948,15.276533704702215,PTON
0.25,Call,,0.6088807610667907,,37.06158663603531,,QFIN
0.25,Put,-0.09768142668519879,0.37261168661369837,0.2993506165997993,24.77761277351594,18.48621993712059,QFIN
0.75,Call,0.40475796688523147,1.060534103000768,1.3641025781646916,22.965920893051983,22.76181490518443,QFIN
0.75,Put,-0.04328948347618226,0.30767615602319015,0.27520904341605346,31.181921688933606,27.334501006914717,QFIN
0.25,Call,-0.01713861152728091,0.31411305794445626,0.3012590992989956,87.05712544043212,102.7981976281083,QTWO
0.25,Put,0.029218431825529523,0.4118012472119759,0.43371507108112306,69.49744937757852,66.36066061941546,QTWO
0.75,Call,0.050053814686139085,0.23967713372083568,0.27721749473544,72.3337154722953,69.67234521894716,QTWO
0.75,Put,-0.01959093032843806,0.4915758562405163,0.47688265849418776,93.23820975678133,121.29316117940533,QTWO
0.25,Call,-0.005269294761011049,0.2504061295304054,0.24645415845964713,43.73101684748892,49.33532471926913,REXR
0.25,Put,0.02684931137896074,0.2907926880383317,0.31092967157255225,36.16371597110062,33.56592999263999,REXR
0.75,Call,-0.04756955462952169,0.33662307142404535,0.3009459054519041,36.049494468019546,33.84612718293725,REXR
0.75,Put,0.04430049301911273,0.2515125459256503,0.28473791568998486,43.520559845142515,50.37549111449835,REXR
0.25,Call,-0.05771135530950011,0.41306679504028376,0.3697832785581587,146.61720770191542,176.211269937123,RGEN
0.25,Put,-0.051864686316738094,0.4461673589247838,0.40726884418723025,107.63596409144434,105.23941288799475,RGEN
0.75,Call,-0.21750011304459616,0.5800140146216031,0.41688892983815595,108.19235106480762,105.47489704926518,RGEN
0.75,Put,-0.2023658130786361,0.5212269731258147,0.3694526133168376,148.16933827578202,177.65411956862948,RGEN
0.25,Call,0.003866646870982778,0.5728343188318116,0.5757343039850487,3.5436895776213633,5.408135466516584,RIG
0.25,Put,-0.005905472882568634,0.6585500739227844,0.6541209692608579,2.404824347925512,2.33426933346215,RIG
0.75,Call,0.04451824383964187,0.5971947356129859,0.6305834184927173,2.4463227449060585,2.335556259255012,RIG
0.75,Put,0.030613293266100516,0.7033575611526339,0.7263175311022093,3.7034481074227736,5.493092927458986,RIG
0.25,Call,,0.8437913124633993,,17.67289404748783,,RIOT
0.25,Put,-0.00928351056919722,0.7559951150708011,0.7490324821439032,10.53346961106536,10.450748863785586,RIOT
0.75,Call,-0.039852837031067345,0.760858335397458,0.7309687076241574,10.527374833240097,10.437078709479307,RIOT
0.75,Put,,0.8511643085350782,,17.635817997703867,,RIOT
0.25,Call,0.09074170494770321,0.4314316107586377,0.4994878894694151,35.08973066945863,50.17928813057104,RNG
0.25,Put,0.263617836829975,0.3404467390812262,0.5381601167037074,26.475503732146734,24.11862581955421,RNG
0.75,Call,0.08957353009350018,0.5223774639686682,0.5895576115387934,25.623241428234074,24.224367293644256,RNG
0.75,Put,0.3741600361079664,0.46286281782880856,0.7434828449097833,33.04471436686712,52.573563382037435,RNG
0.25,Call,,0.8338602646651659,,22.800540171892475,,RUN
0.25,Put,-0.0712044981833233,0.8810477043803416,0.8276443307428492,12.866884733298436,13.037658557900054,RUN
0.75,Call,-0.17296067231372877,0.8579891929789576,0.728268688743661,12.899932204752398,12.95991584650484,RUN
0.75,Put,,0.8911357035158581,,23.06286516885568,,RUN
0.25,Call,,0.7576039212485873,,38.198849939226974,,SATS
0.25,Put,0.020103988807341693,0.7645649525342101,0.7796429441397164,23.340264496877793,23.053478134059695,SATS
0.75,Call,-0.1343329861317161,0.8510162166798391,0.750266477081052,23.35701112015757,22.99368556033341,SATS
0.75,Put,,0.7857883734693899,,38.291298146408174,,SATS
0.25,Call,0.014977703234131981,0.2972749298670472,0.30850820729264616,20.85923919877198,24.517908811536316,SBLK
0.25,Put,0.155407379494519,0.31511262978586957,0.4316681644067588,16.8757314622553,15.349059601759068,SBLK
0.75,Call,0.02008739071691301,0.3432059922691185,0.3582715353068033,16.9317272490422,15.690776993454168,SBLK
0.75,Put,-0.14214216864234963,0.48421556718261094,0.3776089407008487,20.970858660314423,26.413257602637707,SBLK
0.25,Call,0.021169972218960515,0.3831528370872811,0.3990303162515015,117.94016296929996,157.58870814784132,SHAK
0.25,Put,0.005983970095394901,0.4608822649358644,0.4653702425074106,91.87064469323023,87.60710041134108,SHAK
0.75,Call,-0.01571250210798277,0.46337634583739357,0.4515919692564065,94.11122828623967,88.01778255105916,SHAK
0.75,Put,0.01980261520721993,0.4386084661714536,0.45346042757686855,123.16093771579315,161.16476333115534,SHAK
0.25,Call,-0.01989669880506728,0.3659064479791048,0.35098392387530436,25.802116347751518,31.016652840324465,SIRI
0.25,Put,0.0025117668185774544,0.396591890286053,0.3984757153999861,19.910199669141377,18.41370934846534,SIRI
0.75,Call,0.004389430354386696,0.42695680322880514,0.43024887599459516,19.843635438629892,18.370425691573107,SIRI
0.75,Put,0.013158587102501432,0.35778158386030845,0.3676505241871845,25.647813369255147,30.75155067149622,SIRI
0.25,Call,,0.6852706833704036,,66.26854443907641,,SMTC
0.25,Put,0.3021827284338161,0.6630085268791529,0.889645573204515,40.662018243425095,40.91017087747729,SMTC
0.75,Call,-0.16837868283133575,0.832922790999709,0.7066387788762072,39.7994096879617,39.334923518025576,SMTC
0.75,Put,,0.3675333555209014,,62.00820532431963,,SMTC
0.25,Call,0.09095281059354032,0.17616798958024807,0.2443825975254033,43.30387114280464,51.88920784189318,SPR
0.25,Put,0.11438408982329025,0.2954911921740452,0.38127925954151287,37.964498562581106,35.711077935782576,SPR
0.75,Call,0.07666029510342427,0.2400540472525178,0.297549268580086,38.00132187508011,36.0448804722453,SPR
0.75,Put,,,0.0723315735010964,43.36010658827605,53.078895644703124,SPR
0.25,Call,-0.08557965293743745,0.4891432855379043,0.42495854583482623,20.1918212861191,26.300983122970063,SSRM
0.25,Put,0.03375046823783845,0.4768073948558232,0.502120246034202,14.504899894702072,13.843106320147738,SSRM
0.75,Call,-0.007929537510370363,0.49216848313460876,0.486221330001831,14.492642643549772,13.940211220736039,SSRM
0.75,Put,0.010251421885790238,0.512975296060311,0.5206638624746537,20.155326648474173,27.483549745849754,SSRM
0.25,Call,0.03877734003522648,0.3829789900874632,0.4120619951138831,53.89247587467898,67.34296355266488,STNG
0.25,Put,0.040369375274370865,0.3941503925212572,0.42442742397703537,41.50975609580869,38.6456557503689,STNG
0.75,Call,0.012191814735371601,0.4357100754030333,0.444853936454562,41.261579306410944,38.283665080690135,STNG
0.75,Put,-0.01272687583109966,0.41538589758654565,0.4058407407132209,53.315649629152375,64.89143775956771,STNG
0.25,Call,,,,21.479460150053438,23.828625133520887,STWD
0.25,Put,0.06254704372625479,0.19546138319746992,0.242371665992161,18.69737743675619,16.857613328828677,STWD
0.75,Call,0.15195677873728028,0.3167237721420593,0.4306913561950195,18.465081196753104,16.392050612790513,STWD
0.75,Put,-0.014290440496146325,0.2002809973504157,0.18956316697830597,21.11918577403972,22.443144326894707,STWD
0.25,Call,-0.028371779931318047,0.45919592335318876,0.4379170884047002,81.56600377029194,106.5419570310341,SYNA
0.25,Put,0.005704176523755174,0.45989416051601845,0.4641722929088348,58.47304191835466,56.36767085212958,SYNA
0.75,Call,-0.058859889100444596,0.537751947172909,0.4936070303475755,58.53800422931517,56.2799176164266,SYNA
0.75,Put,-0.30268202159283836,0.735799807395689,0.5087882912010602,81.7616087828263,105.62064973546241,SYNA
0.25,Call,0.021855634237871475,0.22061832428629904,0.23701004996470265,55.623088872247145,64.26607790500123,TAP
0.25,Put,0.030030052456012868,0.2834548461543708,0.3059773854963804,47.52971350322743,44.53872208832181,TAP
0.75,Call,0.10068841730566451,0.22989876714438112,0.3054150801236295,48.39636660848902,44.96626352740175,TAP
0.75,Put,0.018866961855384796,0.26884766060888093,0.28299788200041953,57.079520515453616,65.75131700622825,TAP
0.25,Call,-0.006921131365519824,0.6159065758712623,0.6107157273471224,158.85893145454486,239.43214714516262,TMDX
0.25,Put,0.059364592099972725,0.615974346667029,0.6604977907420085,105.21015071570187,101.39667586000905,TMDX
0.75,Call,0.026278795126115344,0.6386230228098965,0.658332119154483,105.02032240080938,101.44250453239994,TMDX
0.75,Put,,0.6234158012525741,,158.10204948278698,,TMDX
0.25,Call,0.03069983482319046,0.2872576615491981,0.3102825376665909,76.22175929160487,94.46243227149628,TMHC
0.25,Put,0.1514217408427767,0.3267538333109627,0.4403201389430452,62.71657236940089,57.956312240440724,TMHC
0.75,Call,0.023894766255776096,0.3709778849029382,0.3888989595947703,61.24301692184643,58.33094393331128,TMHC
0.75,Put,,,0.23826159705011613,73.50995404974519,96.55431335016236,TMHC
0.25,Call,-0.009700158138920075,0.4023341336356585,0.39505901503146845,20.546374305474075,25.661848936321576,TRIP
0.25,Put,0.02134662909675759,0.4305384311829946,0.4465484030055628,15.486783624613317,14.389731947536418,TRIP
0.75,Call,-0.06605059614270448,0.4811410256715504,0.43160307856452207,15.304315475276951,14.748608019246378,TRIP
0.75,Put,0.4779833262038869,0.5956260525092864,0.9541135471622015,20.094186295340243,29.48237019489721,TRIP
0.25,Call,-0.08716719391986509,0.19990889203628606,0.13453349659638725,25.832666660560843,25.72514553685217,TSLX
0.25,Put,-0.021349738280998842,0.22056051906894253,0.2045482153581934,22.490592659160207,20.707667392102625,TSLX
0.75,Call,-0.11917678635300928,0.2427657344740669,0.15338314470930994,22.241412416064048,21.15096235786716,TSLX
0.75,Put,0.04151642196803736,0.12909741882036838,0.1602347352963964,25.446121633310945,26.64164439943244,TSLX
0.25,Call,-0.005646875450641131,0.29693998923846016,0.2927048326504793,40.612393816467645,49.871814986972545,TTEK
0.25,Put,0.16530818293664606,0.3075069134092474,0.43148805061173195,32.94029984887364,30.696635985855416,TTEK
0.75,Call,-0.019860277444059715,0.41472799789840314,0.39983278981535836,32.54515034269043,30.898643138728346,TTEK
0.75,Put,0.05542025817146001,0.24975757183705355,0.29132276546564856,39.84303072715363,50.98510299345564,TTEK
0.25,Call,-0.042041984974266054,0.106065411366492,0.07453392263579246,59.872998357831825,61.37341107999975,TXNM
0.75,Call,-0.09418324226830699,0.17066628259025818,0.10002885088902794,54.442855806204776,54.44269766877603,TXNM
0.25,Call,-0.013427076181391495,0.5123243542159399,0.5022540470798963,6.315446726295451,8.241319622681631,UAA
0.25,Put,0.03479594399610719,0.48919743330056137,0.5152943912976418,4.544884813277823,4.3213522235311235,UAA
0.75,Call,-0.05507482549635756,0.4959524002247129,0.4546462811024447,4.519049493938406,4.348001119617125,UAA
0.75,Put,0.1419475983228379,0.49960639053147043,0.6060670892735989,6.239733816134148,8.568983218989375,UAA
0.25,Call,,,,37.49291606647694,48.78951699647838,UGI
0.25,Put,0.00367918187911472,0.27381552197792974,0.2765749083872658,32.53474847011105,30.8558958941942,UGI
0.75,Call,0.30288163505528853,0.27725313685465947,0.5044143631461259,33.362875496177836,29.32143704976411,UGI
0.75,Put,-0.09871802248596306,0.2614205471354454,0.18738203027097308,38.820487719855755,42.55609772575245,UGI
0.25,Call,,0.9122969872853234,,105.16490970090442,,UPST
0.25,Put,0.18565486925660832,0.5120012233216612,0.6512423752641174,49.11414918161832,45.74639211830023,UPST
0.75,Call,-0.6964619883284335,1.6570039842919366,1.1346574930456115,44.242325365580044,49.034606412890966,UPST
0.75,Put,0.36736852751853594,0.21718791133231052,0.4927143069712125,65.74912973880986,104.93342338537626,UPST
0.25,Call,-0.030182909590369844,0.33251604773075066,0.3098788655379733,89.47574812809584,97.563237014139,VAC
0.25,Put,-0.005146916586536987,0.45391382651026024,0.4500536390703575,65.69957188983255,60.754454812868765,VAC
0.75,Call,-0.32541451469340515,0.5851950556116514,0.34113416959159754,64.70721583873008,62.563705636624924,VAC
0.75,Put,0.013686099457438003,0.3814309151457038,0.3916954897387823,86.8059121408685,108.32505909518636,VAC
0.25,Call,-0.02331568901051595,0.4520436701543601,0.4345569033964731,54.6311606237318,71.71013433113379,VAL
0.25,Put,0.026095174541589383,0.4593256804995535,0.47889706140574556,39.964840430488046,37.841704846746325,VAL
0.75,Call,-0.04215205480127563,0.5245649268845533,0.4929508857835965,39.56758576362567,37.93884904249372,VAL
0.75,Put,0.4292901901502492,0.4350558910574252,0.7570235336701121,53.5392544401146,72.7998855224381,VAL
0.25,Call,0.12156071054951934,0.4941966132471899,0.5853671461593294,30.705658276566012,43.19086692925171,VERX
0.25,Put,0.038452558322048226,0.5166442541094726,0.5454836728510087,22.1159788440868,21.143086080629516,VERX
0.75,Call,0.049302890608213724,0.4796703275321777,0.516647495488338,22.37839754434141,21.207684063613847,VERX
0.75,Put,0.0012601071356635647,0.5571757318764068,0.5581208122281545,31.500129811512583,44.3820201821493,VERX
0.25,Call,0.022878354399468465,0.33682500469316334,0.3539837704927647,12.307632534789303,15.111560007263025,VIAV
0.25,Put,-0.13455212758956966,0.5015785778982578,0.40066448220608053,9.606448647976233,9.344893479441152,VIAV
0.75,Call,0.023928272851712135,0.3304796937859533,0.3484258984247374,9.842131655614564,9.40962773140066,VIAV
0.75,Put,-0.14245653901458102,0.4357658635588151,0.3289234592978793,12.852971254613506,15.461905890634409,VIAV
0.25,Call,,0.9897365078733943,,12.019203662792995,,VNET
0.25,Put,-0.1310283545755279,0.9112098960358588,0.8129386301042129,6.579262853614424,6.699704161199001,VNET
0.75,Call,-0.17500470375940713,0.8602246652153529,0.7289711373957976,6.591995217686176,6.654269435675861,VNET
0.75,Put,,1.0139949369803618,,12.135891535112105,,VNET
0.25,Call,0.006834574606706223,0.3150441820843306,0.32017011303936027,67.1977274494102,82.17763644555407,VRNS
0.25,Put,0.5607618077596942,0.14378220800493866,0.5643535638247094,57.50574763652175,49.011806054238775,VRNS
0.75,Call,-0.030925490351068657,0.4063962357723439,0.3832021180090424,52.584389120920704,50.52896635744493,VRNS
0.75,Put,,,0.2516644730487355,59.487114244680924,93.72270935153038,VRNS
0.25,Call,-0.043212256257506354,0.6029096094564811,0.5705004172633513,104.07682790596401,153.4769939720336,W
0.25,Put,-0.03759817927130434,0.62510747620393,0.5969088417504518,68.93014787461006,66.65255940562723,W
0.75,Call,0.01621339141481526,0.6311242086440124,0.6432842522051239,68.8699170334109,66.5599073129143,W
0.75,Put,-0.06182820937281767,0.5972247455994053,0.550853588569792,103.83600429605647,149.36630548208805,W
0.25,Call,0.05346673704402116,0.38710289461230923,0.4272029473953251,13.056246143418958,15.941371320639304,WB
0.25,Put,0.41988442770765144,0.17610914897682411,0.4910224697575627,9.678048233225422,9.321529359196765,WB
0.75,Call,-0.1235172413338926,0.427600814372558,0.33496288337213853,10.118630260843329,9.743863856801088,WB
0.75,Put,-0.8114578854491287,1.5943656282785814,0.9857722141917349,14.33967901371215,20.64931756695908,WB
0.25,Call,-0.1241232156939948,0.5048886240121235,0.41179621224162744,166.6335085704894,176.31935231484402,WIX
0.25,Put,-0.006130140734740053,0.45445154272865995,0.4498539371776049,111.8229730663686,106.66971752671745,WIX
0.75,Call,-1.00675763670428,1.1159862025564615,0.36091797502825146,106.23436735342793,108.85746787087251,WIX
0.75,Put,0.1285831858001988,0.3680075832938568,0.4644449726440059,147.81549266414325,190.4730445319216,WIX
0.25,Call,0.05761814606102478,0.36978301683840287,0.41299662638417145,88.79327826537113,119.86379362119459,WK
0.25,Put,0.11889214228576102,0.38721496781294207,0.47638407452726284,68.96994022484607,64.56543736935734,WK
0.75,Call,0.05484145614760183,0.46036073914334524,0.5014918312540466,67.93702385245496,64.04034047834514,WK
0.75,Put,0.13238607617411388,0.2433008014743816,0.342590358604967,86.48533791843309,115.14033798841683,WK
0.25,Call,,0.6290604437736688,,60.24460784825086,,XMTR
0.25,Put,-0.026584791381986033,0.7169654968575032,0.6970269033210137,37.86202276215893,37.01234354422035,XMTR
0.75,Call,0.07662580039498905,0.6931076178569492,0.750576968153191,37.83370290085229,37.05066876764022,XMTR
0.75,Put,,0.6565410354637382,,60.10599626288119,,XMTR
