Ticker,Date,Open,High,Low,Close,Realised_Vol_Close_30,Realised_Vol_Close_60,Realised_Vol_Close_100,Realised_Vol_Close_180,Realised_Vol_Close_252,Vol_of_Vol_100d,Vol_of_Vol_100d_Percentile,Kurtosis_100d
,,10.5600004196167,12.0,10.380000114440918,11.970000267028809,,,,,,,,
,,11.850000381469727,11.970000267028809,10.890000343322754,10.949999809265137,,,,,,,,
,,10.949999809265137,11.53499984741211,10.949999809265137,11.024999618530273,,,,,,,,
,,11.039999961853027,11.25,10.710000038146973,10.875,,,,,,,,
,,10.949999809265137,11.25,10.649999618530273,11.024999618530273,,,,,,,,
,,11.100000381469727,11.399999618530273,10.800000190734863,11.039999961853027,,,,,,,,
,,11.010000228881836,11.625,11.010000228881836,11.460000038146973,,,,,,,,
,,11.53499984741211,12.0,11.430000305175781,11.475000381469727,,,,,,,,
,,11.520000457763672,11.71500015258789,11.25,11.25,,,,,,,,
,,11.699999809265137,11.699999809265137,11.055000305175781,11.055000305175781,,,,,,,,
,,11.069999694824219,11.399999618530273,10.875,11.085000038146973,,,,,,,,
,,11.100000381469727,11.25,10.829999923706055,11.069999694824219,,,,,,,,
,,11.100000381469727,11.25,10.335000038146973,10.470000267028809,,,,,,,,
,,10.484999656677246,10.710000038146973,10.199999809265137,10.545000076293945,,,,,,,,
,,10.635000228881836,10.890000343322754,10.199999809265137,10.454999923706055,,,,,,,,
,,10.515000343322754,10.845000267028809,10.199999809265137,10.604999542236328,,,,,,,,
,,10.755000114440918,10.9350004196167,10.289999961853027,10.859999656677246,,,,,,,,
,,10.890000343322754,12.449999809265137,10.859999656677246,12.449999809265137,,,,,,,,
,,12.449999809265137,12.449999809265137,11.100000381469727,11.354999542236328,,,,,,,,
,,11.265000343322754,14.145000457763672,11.100000381469727,13.260000228881836,,,,,,,,
,,13.199999809265137,13.9350004196167,12.600000381469727,13.21500015258789,,,,,,,,
,,13.1850004196167,13.904999732971191,12.600000381469727,13.305000305175781,,,,,,,,
,,13.5,13.515000343322754,12.779999732971191,13.050000190734863,,,,,,,,
,,12.975000381469727,13.199999809265137,12.614999771118164,12.645000457763672,,,,,,,,
,,12.600000381469727,12.975000381469727,12.359999656677246,12.824999809265137,,,,,,,,
,,12.600000381469727,12.869999885559082,12.3149995803833,12.704999923706055,,,,,,,,
,,12.600000381469727,13.050000190734863,12.600000381469727,12.914999961853027,,,,,,,,
,,13.079999923706055,13.079999923706055,12.614999771118164,12.75,,,,,,,,
,,12.75,13.199999809265137,12.375,12.555000305175781,,,,,,,,
,,12.404999732971191,12.84000015258789,12.3149995803833,12.720000267028809,,,,,,,,
,,12.75,13.03499984741211,12.600000381469727,12.8100004196167,76.9304772984703,,,,,,,
,,12.449999809265137,13.350000381469727,12.449999809265137,13.050000190734863,71.99375237316704,,,,,,,
,,12.75,13.274999618530273,12.630000114440918,12.8100004196167,72.33898487803734,,,,,,,
,,12.645000457763672,13.050000190734863,12.524999618530273,12.765000343322754,72.17027422477423,,,,,,,
,,12.885000228881836,12.975000381469727,12.479999542236328,12.720000267028809,72.16966268159217,,,,,,,
,,12.720000267028809,12.975000381469727,12.194999694824219,12.239999771118164,73.24805269501856,,,,,,,
,,12.404999732971191,12.600000381469727,12.300000190734863,12.404999732971191,72.61107898615691,,,,,,,
,,12.479999542236328,13.5,12.479999542236328,13.5,76.39167509573636,,,,,,,
,,13.1850004196167,13.5,12.675000190734863,12.720000267028809,78.37227425332726,,,,,,,
,,12.824999809265137,13.350000381469727,12.600000381469727,12.600000381469727,78.21490613179338,,,,,,,
,,13.5,16.950000762939453,13.050000190734863,14.850000381469727,90.9101452541843,,,,,,,
,,14.850000381469727,15.300000190734863,13.199999809265137,13.545000076293945,95.54807604096784,,,,,,,
,,13.800000190734863,14.234999656677246,13.649999618530273,13.994999885559082,93.94912826063859,,,,,,,
,,13.649999618530273,13.979999542236328,12.6899995803833,12.6899995803833,98.9910464902249,,,,,,,
,,12.75,13.9350004196167,12.75,13.305000305175781,99.59145382717095,,,,,,,
,,13.364999771118164,14.024999618530273,13.079999923706055,13.229999542236328,99.6505976812937,,,,,,,
,,13.260000228881836,13.800000190734863,12.960000038146973,13.154999732971191,99.59520807988272,,,,,,,
,,13.125,13.96500015258789,13.125,13.829999923706055,92.67668580839144,,,,,,,
,,13.78499984741211,14.25,13.170000076293945,13.470000267028809,88.65904470433621,,,,,,,
,,13.5,13.739999771118164,12.75,12.989999771118164,77.25216864028181,,,,,,,
,,13.350000381469727,13.350000381469727,12.46500015258789,12.555000305175781,77.8545317721382,,,,,,,
,,12.600000381469727,13.335000038146973,12.0,12.210000038146973,78.17306400358122,,,,,,,
,,12.449999809265137,12.885000228881836,11.71500015258789,11.925000190734863,78.26099420111393,,,,,,,
,,11.654999732971191,11.895000457763672,11.279999732971191,11.595000267028809,78.15768971545948,,,,,,,
,,11.489999771118164,11.895000457763672,11.354999542236328,11.625,78.01062231575749,,,,,,,
,,11.399999618530273,11.970000267028809,11.399999618530273,11.670000076293945,78.0148318066444,,,,,,,
,,11.550000190734863,13.020000457763672,11.550000190734863,12.675000190734863,81.7060284775614,,,,,,,
,,13.005000114440918,13.109999656677246,12.600000381469727,12.600000381469727,81.64056821131597,,,,,,,
,,12.75,13.140000343322754,12.555000305175781,13.140000343322754,82.41336943341618,,,,,,,
,,13.199999809265137,13.199999809265137,12.539999961853027,12.795000076293945,82.73193038158334,,,,,,,
,,12.75,12.975000381469727,12.479999542236328,12.675000190734863,82.75109225411347,79.24147554399079,,,,,,
,,12.600000381469727,12.600000381469727,12.300000190734863,12.390000343322754,82.79655072246914,77.16189768427526,,,,,,
,,12.300000190734863,12.899999618530273,12.0,12.149999618530273,82.81469513338637,77.28166943840176,,,,,,
,,12.149999618530273,12.300000190734863,11.729999542236328,11.925000190734863,82.95928111682485,77.33070219111671,,,,,,
,,11.925000190734863,12.449999809265137,11.460000038146973,11.9399995803833,82.96455731652034,77.28914724251656,,,,,,
,,11.595000267028809,12.135000228881836,11.399999618530273,11.520000457763672,82.8668971157486,77.66298284123616,,,,,,
,,11.520000457763672,12.0,11.399999618530273,11.579999923706055,82.76843646172797,77.29397766438846,,,,,,
,,11.399999618530273,11.819999694824219,10.920000076293945,10.949999809265137,79.92197098822986,78.1438389453425,,,,,,
,,10.949999809265137,11.399999618530273,10.800000190734863,10.9350004196167,78.36215052196167,78.04343446875127,,,,,,
,,10.800000190734863,11.25,10.664999961853027,10.859999656677246,78.35298407220125,77.97493813117552,,,,,,
,,10.649999618530273,11.024999618530273,10.380000114440918,10.5,60.067304260680444,78.27163841050545,,,,,,
,,10.350000381469727,10.770000457763672,9.944999694824219,10.050000190734863,55.94299199547563,78.76396140268332,,,,,,
,,9.899999618530273,10.454999923706055,9.75,10.005000114440918,54.50030196387797,77.9562313948011,,,,,,
,,10.050000190734863,10.350000381469727,9.75,9.930000305175781,47.90225084497386,77.95072041235117,,,,,,
,,9.824999809265137,10.350000381469727,9.524999618530273,9.75,44.98198316597427,78.01647854538832,,,,,,
,,9.600000381469727,9.885000228881836,9.375,9.524999618530273,45.11314960648865,78.07972421652819,,,,,,
,,9.75,9.824999809265137,9.029999732971191,9.239999771118164,45.42918337744764,78.1113290796687,,,,,,
,,9.029999732971191,9.375,8.864999771118164,8.925000190734863,41.91186220455654,72.76732917717943,,,,,,
,,9.300000190734863,9.300000190734863,8.71500015258789,9.0,42.27170848347485,70.5442109153188,,,,,,
,,9.0,10.725000381469727,9.0,10.515000343322754,64.16660288144884,70.59088811320467,,,,,,
,,10.515000343322754,11.010000228881836,10.199999809265137,10.5,63.66783906454272,70.59260122785548,,,,,,
,,10.350000381469727,10.574999809265137,9.4350004196167,10.140000343322754,63.90990668329242,70.84102920899802,,,,,,
,,10.5600004196167,12.28499984741211,10.199999809265137,12.180000305175781,83.99121397756089,80.54057616577394,,,,,,
,,12.449999809265137,12.449999809265137,11.34000015258789,11.699999809265137,84.42526094056386,80.69989435353808,,,,,,
,,11.744999885559082,12.449999809265137,11.550000190734863,12.4350004196167,86.23629939740307,81.64620441253801,,,,,,
,,12.149999618530273,12.149999618530273,11.265000343322754,11.53499984741211,89.09899414635079,83.05086214313958,,,,,,
,,11.53499984741211,11.550000190734863,10.604999542236328,10.739999771118164,87.80458611245999,84.17963231820058,,,,,,
,,10.649999618530273,11.399999618530273,9.989999771118164,10.78499984741211,87.84939051817601,84.16746797029171,,,,,,
,,10.5,11.100000381469727,9.795000076293945,10.095000267028809,88.39186343358395,85.12820767852017,,,,,,
,,10.095000267028809,10.5,9.494999885559082,9.494999885559082,89.56251335194371,85.86550689947046,,,,,,
,,10.050000190734863,10.350000381469727,9.194999694824219,9.539999961853027,89.66350440713217,85.85304999235731,,,,,,
,,9.675000190734863,10.484999656677246,9.675000190734863,10.470000267028809,94.33046086853659,88.05058705730694,,,,,,
,,10.21500015258789,10.710000038146973,9.795000076293945,9.899999618530273,95.38306457098608,88.6527158798263,,,,,,
,,9.899999618530273,10.800000190734863,9.765000343322754,10.305000305175781,96.2652289452346,89.11837326161124,,,,,,
,,10.350000381469727,10.649999618530273,9.84000015258789,9.989999771118164,96.5414997423894,89.29609001610163,,,,,,
,,10.350000381469727,10.5,9.944999694824219,10.319999694824219,96.73498512283138,89.31141639045212,,,,,,
,,10.199999809265137,10.739999771118164,10.199999809265137,10.5,96.89467968405214,89.3452762447842,,,,,,
,,10.350000381469727,10.755000114440918,9.899999618530273,10.289999961853027,95.75328339811864,87.53110948982246,,,,,,
,,10.319999694824219,10.350000381469727,9.75,10.229999542236328,95.75922566675673,86.77884984291711,,,,,,
,,10.199999809265137,10.364999771118164,9.630000114440918,9.899999618530273,96.16233971693488,86.97722035313417,,,,,,
,,10.350000381469727,10.470000267028809,9.630000114440918,9.960000038146973,95.75151560931872,79.63290851773705,81.22801000090968,,,,,
,,9.960000038146973,10.050000190734863,9.300000190734863,9.329999923706055,96.77141814729609,78.59409293192157,80.66492883807518,,,,,
,,9.300000190734863,9.704999923706055,9.149999618530273,9.329999923706055,96.7720600419807,78.18760881458743,80.65405444785114,,,,,
,,9.75,9.824999809265137,9.029999732971191,9.300000190734863,96.76001724051979,75.84697505601119,80.63142256667497,,,,,
,,9.420000076293945,10.21500015258789,9.28499984741211,10.079999923706055,99.53045608464463,77.12368678793445,81.64525138194094,,,,,
,,10.199999809265137,10.274999618530273,9.494999885559082,9.854999542236328,99.51420053295016,77.21122262472358,81.71679140916245,,,,,
,,9.975000381469727,9.975000381469727,9.300000190734863,9.46500015258789,99.8310803807,77.55272974620003,81.71669863805211,,,,,
,,9.75,9.989999771118164,9.300000190734863,9.345000267028809,99.3549142219534,76.69547753014056,81.73309723788202,,,,,
,,9.449999809265137,9.630000114440918,8.850000381469727,8.970000267028809,100.08578704547281,76.914490707028,81.9187954683825,,,,,
,,8.850000381469727,9.135000228881836,8.699999809265137,8.789999961853027,88.63748895953714,76.72184858288868,81.93316266402142,,,,,
,,8.850000381469727,9.149999618530273,8.744999885559082,9.149999618530273,89.63578877037833,77.08985582518014,82.20632183716121,,,,,
,,9.449999809265137,9.449999809265137,8.864999771118164,9.255000114440918,89.27948569065966,77.01842163845416,82.23351964421948,,,,,
,,9.449999809265137,9.779999732971191,9.300000190734863,9.449999809265137,70.18798122384278,77.08901543331207,81.85269823641349,,,,,
,,9.255000114440918,9.255000114440918,7.949999809265137,9.0,70.56841821197683,77.4827942728992,82.19152476702001,,,,,
,,9.180000305175781,9.555000305175781,9.0,9.149999618530273,67.88146718310063,77.58775326850608,82.23378431080674,,,,,
,,9.029999732971191,9.375,8.850000381469727,8.970000267028809,65.12353921739232,77.63757046259437,82.24759088979684,,,,,
,,8.100000381469727,9.449999809265137,7.605000019073486,8.925000190734863,62.3225157115744,75.49098123061864,82.14787892285061,,,,,
,,9.0,9.0,8.324999809265137,8.5649995803833,63.04985609453515,75.8373608314329,79.3120665239106,,,,,
,,8.779999732971191,10.25,8.300000190734863,9.829999923706055,73.45898535632882,80.82524168235007,81.16659967498136,,,,,
,,9.479999542236328,10.380000114440918,8.34000015258789,8.350000381469727,85.66188420566631,87.00607822998526,81.26716737280253,,,,,
,,8.699999809265137,8.699999809265137,7.885000228881836,7.949999809265137,86.58501870574268,87.42979482431848,81.57272506116405,,,,,
,,7.829999923706055,7.949999809265137,7.139999866485596,7.25,84.78410973244145,89.07969994200201,82.71087615351045,,,,,
,,7.079999923706055,7.099999904632568,5.949999809265137,6.369999885559082,90.54930475325236,92.42111499676821,84.97465382679681,,,,,
,,6.429999828338623,6.659999847412109,5.900000095367432,6.119999885559082,89.3056096462549,92.60268878389574,85.04745659173525,,,,,
,,6.050000190734863,6.400000095367432,5.960000038146973,6.21999979019165,89.72591185419152,92.73861498993372,85.06136669169808,,,,,
,,6.239999771118164,6.980000019073486,6.175000190734863,6.889999866485596,95.10973677995058,95.43234917651756,86.81909933379445,,,,,
,,6.900000095367432,8.279999732971191,6.783999919891357,7.659999847412109,100.89539615365844,98.24489054885318,88.55652659828912,,,,,
,,7.730000019073486,8.447999954223633,7.320000171661377,7.440000057220459,101.0031971049378,97.82601223120359,88.629951576812,,,,,
,,7.480000019073486,7.650000095367432,7.28000020980835,7.53000020980835,101.21210035970716,97.8941586852087,88.65796286005356,,,,,
,,7.5,7.510000228881836,6.849999904632568,6.940000057220459,103.12825726698398,99.10569780440441,89.43401975064886,,,,,
,,7.0,7.151000022888184,6.75,6.75,103.08421555275984,99.04585867122157,89.474844916135,,,,,
,,6.809999942779541,6.869999885559082,6.099999904632568,6.139999866485596,104.71975902576523,100.38648492080713,90.47169459287242,,,,,
,,6.019999980926514,6.070000171661377,5.559999942779541,5.829999923706055,105.19558419939656,100.77914312993967,90.72836388073085,,,,,
,,5.71999979019165,5.929999828338623,5.559999942779541,5.889999866485596,105.4061621615731,100.85598201193771,90.77144305412902,,,,,
,,5.889999866485596,6.531000137329102,5.889999866485596,6.139999866485596,102.90501620302088,101.35780169795483,91.10632606769634,,,,,
,,6.070000171661377,6.559999942779541,6.059999942779541,6.420000076293945,104.39245574257619,101.86512212735337,91.33651529408962,,,,,
,,6.420000076293945,6.690000057220459,6.420000076293945,6.510000228881836,104.39932586106262,101.82754867984731,91.33949076975492,,,,,
,,6.489999771118164,6.489999771118164,5.559999942779541,5.599999904632568,111.80964711305255,105.91739584107536,92.98713106087651,,,,,
,,5.679999828338623,6.239999771118164,4.820000171661377,4.849999904632568,117.54378126039317,109.45830476217375,95.09553551708345,,,,,
,,5.0,5.090000152587891,4.264999866485596,4.349999904632568,120.29732982917365,105.69036484317517,96.38952533751487,,,,,
,,4.380000114440918,4.639999866485596,4.050000190734863,4.159999847412109,118.90487796692835,105.82958153401533,92.35962270235267,,,,,
,,4.150000095367432,4.304999828338623,3.7300000190734863,3.740000009536743,120.55303798679728,107.39540551135502,92.7030325794183,,,,,
,,3.700000047683716,3.8499999046325684,3.509999990463257,3.5399999618530273,119.76290549876181,99.2413237126782,92.65081193799688,,,,,
,,3.549999952316284,4.085000038146973,3.549999952316284,4.059999942779541,129.3278113969351,104.26693525860003,94.703661015385,,,,,
,,3.930000066757202,3.99399995803833,3.7100000381469727,3.859999895095825,128.84675396679512,103.17591712038012,94.43265549134445,,,,,
,,3.740000009536743,3.890000104904175,3.51200008392334,3.859999895095825,129.09446352664415,102.59288533094558,94.44716067239703,,,,,
,,3.680000066757202,4.099999904632568,3.559999942779541,4.039999961853027,130.70379712819124,102.80471700984566,94.88834888915139,,,,,
,,4.239999771118164,4.360000133514404,3.9100000858306885,3.9600000381469727,130.64017479808854,102.71840648506331,94.37639894361196,,,,,
,,3.859999895095825,4.326000213623047,3.8320000171661377,4.230000019073486,124.3387207701444,103.56717252910406,95.16591526373993,,,,,
,,4.110000133514404,4.300000190734863,3.8310000896453857,3.990000009536743,117.99491260005396,103.51356786239228,95.37668813987678,,,,,
,,3.9700000286102295,4.289999961853027,3.859999895095825,4.289999961853027,121.02650786490341,104.97122794818294,96.23981944723828,,,,,
,,4.349999904632568,4.349999904632568,4.03000020980835,4.210000038146973,119.10718221307101,102.60773562868401,96.20956788198703,,,,,
,,4.21999979019165,4.369999885559082,4.21999979019165,4.260000228881836,114.58812626586692,102.39682178003606,96.25234337715042,,,,,
,,4.300000190734863,4.539999961853027,4.239999771118164,4.420000076293945,115.20153684576617,102.32610908971849,96.49883762379282,,,,,
,,4.369999885559082,5.079999923706055,4.369999885559082,4.949999809265137,120.49350847904483,105.52879567837283,98.43540525914995,,,,,
,,4.889999866485596,5.5,4.889999866485596,5.400000095367432,119.35767047454424,107.0839313263674,99.58034601733704,,,,,
,,5.46999979019165,6.079999923706055,5.389999866485596,6.03000020980835,119.7299057534952,109.7904033994524,100.31535805087427,,,,,
,,6.170000076293945,6.559999942779541,6.090000152587891,6.269999980926514,120.31149155046694,110.2081517833981,100.58598149477898,,,,,
,,6.28000020980835,6.4629998207092285,5.78000020980835,5.96999979019165,120.82991936981938,110.52269844024146,100.49610021423018,,,,,
,,5.809999942779541,5.860000133514404,5.519999980926514,5.619999885559082,119.85705508385422,110.92121769772656,100.7992375869193,,,,,
,,5.579999923706055,6.320000171661377,5.519000053405762,6.070000171661377,122.10891139405939,112.28984138019682,101.70328582097746,,,,,
,,6.079999923706055,6.409999847412109,5.940000057220459,6.349999904632568,119.73762368545577,112.17259460391482,102.01184129033484,,,,,
,,6.320000171661377,6.789999961853027,6.25,6.75,119.87170193525336,113.017201985718,102.55463863091055,,,,,
,,6.75,6.989999771118164,6.400000095367432,6.760000228881836,119.86458112382847,113.02517094346732,102.54047395557124,,,,,
,,6.730000019073486,7.896999835968018,6.730000019073486,7.360000133514404,121.67815624505192,113.17477285167466,103.54226637462078,,,,,
,,7.199999809265137,7.829999923706055,7.039999961853027,7.090000152587891,121.74051964213062,113.31214797098012,103.5544810365201,,,,,
,,7.119999885559082,7.420000076293945,6.039999961853027,6.269999980926514,127.04755949166741,115.63605270233381,105.22139818062146,,,,,
,,6.300000190734863,6.429999828338623,6.010000228881836,6.110000133514404,119.21028759847201,115.6956615228678,104.96696828660824,,,,,
,,6.010000228881836,6.306000232696533,5.900000095367432,6.150000095367432,110.80102813242647,115.51095354737927,104.98299758944181,,,,,
,,6.150000095367432,6.704999923706055,5.809999942779541,6.010000228881836,105.61697387302287,115.52658235608087,105.01868817899069,,,,,
,,6.159999847412109,6.224999904632568,5.599999904632568,6.150000095367432,104.3440236011916,115.28553001698496,105.02269092656877,,,,,
,,5.75,5.960000038146973,4.75,4.920000076293945,120.22933178999851,123.45083114127537,110.41449258380544,,,,,
,,4.849999904632568,5.21999979019165,4.639999866485596,4.849999904632568,118.91653333312343,123.2792763787439,110.41952260812704,,,,,
,,4.875,5.480000019073486,4.849999904632568,5.440000057220459,117.01803808414739,125.67942576443865,112.10612385164842,,,,,
,,5.5,5.639999866485596,5.247000217437744,5.320000171661377,116.03700843442701,125.60250884891242,112.11911643538028,,,,,
,,5.289999961853027,5.300000190734863,4.840000152587891,5.125,116.83802615081402,125.71786756370764,112.19603762810894,,,,,
,,5.179999828338623,5.300000190734863,5.019999980926514,5.15500020980835,116.33683262296921,125.7534586996782,112.14464264708164,,,,,
,,5.03000020980835,5.110000133514404,4.610000133514404,4.699999809265137,119.70178864573356,126.74511725078253,112.89440997462536,,,,,
,,4.710000038146973,4.880000114440918,4.599999904632568,4.639999866485596,118.42739054766697,122.9472869180898,112.87393834230073,,,,,
,,4.699999809265137,4.739999771118164,4.340000152587891,4.590000152587891,117.07569125312698,118.86998815844487,109.83724510508853,,,,,
,,4.690000057220459,4.813000202178955,4.360000133514404,4.550000190734863,115.34078875515601,118.59015755291531,109.8317520975854,96.31414814490782,,,,
,,4.599999904632568,4.679999828338623,4.329999923706055,4.480000019073486,115.29280492788946,117.33612475276381,109.7556721941219,95.80622044895269,,,,
,,4.53000020980835,4.599999904632568,4.349999904632568,4.53000020980835,115.28779543667356,114.63011227922173,105.427548717636,95.81495759313447,,,,
,,4.480000019073486,4.646999835968018,4.150000095367432,4.199999809265137,116.93447762698541,115.31596725138394,105.83612539964895,96.1742610601566,,,,
,,4.170000076293945,4.360000133514404,4.059999942779541,4.119999885559082,111.80937441798358,115.24955297260209,105.22722595260927,96.16167582335731,,,,
,,4.170000076293945,4.329999923706055,4.085000038146973,4.25,108.89791948960135,113.27527882915831,104.93097696929115,96.25556312297331,,,,
,,4.199999809265137,4.414999961853027,4.099999904632568,4.340000152587891,103.40038097311589,110.9372265165096,104.57849323464734,96.17287486355968,,,,
,,4.309999942779541,4.385000228881836,4.199999809265137,4.260000228881836,102.32264399564828,110.87842517778184,104.56760567446186,96.18219903338965,,,,
,,4.269999980926514,4.769999980926514,4.269999980926514,4.489999771118164,103.4355643901784,111.5211940531104,104.62333135605746,96.41178011154027,,,,
,,4.539999961853027,4.619999885559082,4.190000057220459,4.210000038146973,103.61185696138939,111.09529058451942,104.66479066481101,96.65601453887585,,,,
,,4.230000019073486,4.610000133514404,4.21999979019165,4.429999828338623,101.97878606726857,111.6766040974458,105.06560737058854,96.8809047739169,,,,
,,4.429999828338623,4.590000152587891,4.300000190734863,4.389999866485596,100.61199369345377,110.17314508408842,103.81763171318552,96.88101161579638,,,,
,,4.389999866485596,4.425000190734863,4.224999904632568,4.360000133514404,98.20347571786797,109.75209480185961,103.5405865418623,96.69415429123832,,,,
,,4.21999979019165,4.53000020980835,4.21999979019165,4.389999866485596,98.29215675007748,109.73443290249905,103.28006860522498,96.69366944477046,,,,
,,4.46999979019165,4.550000190734863,4.300000190734863,4.539999961853027,94.84069524833468,109.60234575165646,103.43109358234021,96.79960981461974,,,,
,,4.53000020980835,4.619999885559082,4.320000171661377,4.364999771118164,94.8800401572124,109.3282316572488,103.34551191619781,96.85994490564808,,,,
,,4.360000133514404,4.590000152587891,4.320000171661377,4.440000057220459,89.72877543451922,109.35485790745467,103.34389161601845,96.83516630792924,,,,
,,4.559999942779541,4.559999942779541,4.269999980926514,4.380000114440918,89.62878993245423,105.16315949645893,103.33035523114084,95.3627000588424,,,,
,,4.409999847412109,4.420000076293945,4.119999885559082,4.329999923706055,89.47296600995953,101.07264042856524,103.33048735964967,94.81160568806266,,,,
,,4.369999885559082,4.650000095367432,4.300000190734863,4.650000095367432,92.55837602531601,99.66531457851711,104.02896277183686,93.32194002005839,,10.1,75.0,-1.25
,,4.599999904632568,4.665999889373779,4.340000152587891,4.489999771118164,92.36605874681321,99.49555752049618,104.09649243950395,93.38533942497536,,10.02,75.0,-1.22
,,4.559999942779541,4.565000057220459,4.340000152587891,4.489999771118164,66.83634885637662,96.93259802042769,103.69578412493958,93.37571064864049,,9.93,72.0,-1.2
,,4.329999923706055,4.639999866485596,4.260000228881836,4.389999866485596,66.99851766083958,96.32962795026305,103.71698689587345,93.3828325095437,,9.83,72.0,-1.17
,,4.389999866485596,4.414999961853027,4.25,4.309999942779541,56.9622564286388,92.314423976026,103.72886721842659,93.3453147103952,,9.73,72.0,-1.14
,,4.340000152587891,4.480000019073486,4.25,4.360000133514404,57.05570058895244,91.70943970730173,102.80916238945647,93.33793337284654,,9.62,60.0,-1.1
,,4.369999885559082,4.849999904632568,4.300000190734863,4.610000133514404,59.04688787815273,92.36621728722186,103.28475917890587,93.62240740857797,,9.52,61.0,-1.06
,,4.690000057220459,4.829999923706055,4.389999866485596,4.389999866485596,60.407724330948675,92.5335038705452,103.3624227469744,93.72484362379029,,9.41,65.0,-1.01
,,4.389999866485596,4.699999809265137,4.230000019073486,4.230000019073486,55.4029490250491,92.76883015653505,103.46522021431244,93.79382746872561,,9.3,66.0,-0.96
,,4.269999980926514,4.800000190734863,4.239999771118164,4.650000095367432,62.17722424200953,93.80682369352058,104.59689658366187,94.54179135820691,,9.19,77.0,-0.9
,,4.710000038146973,4.809999942779541,4.659999847412109,4.809999942779541,62.840442693664066,93.19006524534468,104.7689531302913,94.63115784002675,,9.07,79.0,-0.85
,,4.800000190734863,5.139999866485596,4.610000133514404,5.0,63.66528333149905,92.36983980716484,104.75350251618596,94.76406325487056,,8.95,78.0,-0.78
,,4.190000057220459,4.579999923706055,3.697000026702881,4.550000190734863,69.50070632671545,94.38938624590449,105.64571691636766,95.30471459144033,,8.84,88.0,-0.72
,,4.46999979019165,4.900000095367432,4.409999847412109,4.769999980926514,70.75569368846122,94.83578422039119,105.90590092213534,95.4988523085321,,8.7,89.0,-0.66
,,4.829999923706055,4.96999979019165,4.099999904632568,4.239999771118164,75.64517673152771,97.65331127512336,107.16048008633699,96.41827224162769,,8.58,89.0,-0.59
,,4.21999979019165,4.239999771118164,4.119999885559082,4.179999828338623,75.54706951722873,94.7520067757214,107.09597789797975,96.42255949028635,,8.45,88.0,-0.52
,,4.190000057220459,4.339000225067139,3.9600000381469727,4.070000171661377,75.36894475826054,92.99668661578025,107.12086449707112,96.37704222308,,8.31,88.0,-0.46
,,4.090000152587891,4.171999931335449,3.8499999046325684,3.8499999046325684,76.64534794662458,90.40906584461628,107.38648357497298,96.52582318769095,,8.16,89.0,-0.39
,,3.9200000762939453,4.199999809265137,3.890000104904175,4.019999980926514,77.70777428577318,90.50490103525792,107.56642912281946,96.0992952550632,,7.93,89.0,-0.44
,,4.0,4.070000171661377,3.8499999046325684,3.890000104904175,76.4347409300092,90.24775052061412,105.08040769574163,95.94486189423806,,7.72,78.0,-0.43
,,3.940000057220459,4.900000095367432,3.8399999141693115,4.860000133514404,98.93838140284346,101.10044873711597,108.48931748380359,99.7031768075405,,7.52,89.0,-0.47
,,4.699999809265137,4.909999847412109,4.369999885559082,4.429999828338623,101.82729268027528,101.38465162047086,109.15383597639612,98.17352598730118,,7.32,89.0,-0.55
,,4.420000076293945,4.599999904632568,4.349999904632568,4.349999904632568,101.93264668446346,100.87082312488178,108.29307187639972,97.65825453342399,,7.12,87.0,-0.61
,,4.349999904632568,4.449999809265137,4.21999979019165,4.369999885559082,101.92268910035848,99.91862535840406,106.4517100492816,97.55685340516148,,6.95,81.0,-0.6
,,4.369999885559082,4.389999866485596,4.0,4.130000114440918,103.20184661729061,100.40738012911336,106.626237473498,97.13273940697168,,6.78,81.0,-0.61
,,4.239999771118164,4.361000061035156,4.0,4.050000190734863,102.75598728863456,98.5289541158457,106.60544049866012,96.9356988945943,,6.59,80.0,-0.66
,,3.9600000381469727,4.0920000076293945,3.75,3.809999942779541,103.60024651976236,98.92984129978527,105.59748920583823,97.14968568151532,,6.43,75.0,-0.65
,,3.7100000381469727,4.039999961853027,3.7100000381469727,3.930000066757202,103.93169275188299,96.44784927699838,104.23814354627288,97.2531993244057,,6.29,57.0,-0.6
,,3.950000047683716,4.079999923706055,3.8350000381469727,4.019999980926514,104.17330355776369,96.57184935093359,104.27816445863718,97.08201111846655,,6.14,57.0,-0.55
,,3.990000009536743,4.170000076293945,3.8499999046325684,3.880000114440918,104.57645265108115,96.70418124332564,104.33977007285714,97.11360635200997,,5.99,57.0,-0.5
,,3.940000057220459,4.150000095367432,3.809999942779541,4.03000020980835,102.93235931613283,97.09703564421666,103.87809359516176,97.19460292675485,,5.85,52.0,-0.45
,,4.019999980926514,4.349999904632568,3.869999885559082,3.9700000286102295,102.58419779594207,96.9129986304179,103.82803199739558,97.14467103353834,,5.7,51.0,-0.4
,,3.930000066757202,4.070000171661377,3.8299999237060547,3.940000057220459,102.58139227379822,85.84334758418389,102.83468407928606,97.11120925991715,,5.57,34.0,-0.33
,,4.0,4.013000011444092,3.6500000953674316,3.7699999809265137,103.10292569430644,86.21687767324991,102.75160719177426,97.19291526480629,,5.43,32.0,-0.26
,,3.740000009536743,4.15500020980835,3.740000009536743,4.019999980926514,104.93877598882517,83.8245696930899,103.3024548789584,97.5159906745762,,5.29,36.0,-0.19
,,4.010000228881836,4.599999904632568,4.010000228881836,4.449999809265137,109.1366897182322,86.5380556657629,104.40806183315601,98.3377060393837,,5.15,57.0,-0.12
,,4.449999809265137,4.71999979019165,4.309999942779541,4.650000095367432,108.67209531437234,86.76284189028209,104.40076322717537,98.50483044666169,,5.01,56.0,-0.06
,,4.670000076293945,6.900000095367432,4.670000076293945,5.920000076293945,128.10076979654215,100.04927666416275,111.3685745560311,102.21976885868114,,4.93,94.0,-0.07
,,5.769999980926514,5.889999866485596,5.5,5.590000152587891,128.87885379242886,98.883232200953,109.14159090199973,102.41274300376392,,4.85,87.0,-0.01
,,5.590000152587891,6.400000095367432,5.489999771118164,6.21999979019165,129.6225845015486,101.08516599537039,107.98217309433078,103.11179366048306,,4.79,84.0,0.09
,,6.340000152587891,7.010000228881836,6.139999866485596,6.5,129.8212187323469,101.34581294025831,106.69051536559111,103.23393348066085,,4.74,78.0,0.21
,,6.5,6.679999828338623,6.019999980926514,6.019999980926514,131.89887733724433,102.71049309183584,107.18298252434377,103.59230085312001,,4.6,81.0,0.27
,,6.03000020980835,6.519999980926514,6.03000020980835,6.300000190734863,128.82973568278743,102.95877812540604,105.91516516273991,103.73408564973651,,4.46,73.0,0.33
,,6.400000095367432,6.420000076293945,6.099999904632568,6.309999942779541,128.38834677287656,102.95585920437563,105.47689935028859,103.71890683993834,,4.31,68.0,0.36
,,6.269999980926514,7.5,6.210000038146973,7.460000038146973,130.44478565250918,106.75204996378258,106.54357382677007,105.65822954475841,,4.21,74.0,0.47
,,7.5,8.149999618530273,7.429999828338623,7.809999942779541,130.2830960441101,106.83514064106019,106.33850346267218,105.8128094994123,,4.09,72.0,0.58
,,7.739999771118164,8.0600004196167,7.60099983215332,7.679999828338623,130.00114485458175,106.89481573118049,106.40018627912376,105.75206589374721,,3.96,72.0,0.67
,,7.639999866485596,7.7210001945495605,7.070000171661377,7.110000133514404,131.25035823224604,108.3398714799658,107.04504731897745,106.118297895147,,3.84,77.0,0.75
,,6.909999847412109,7.21999979019165,6.638999938964844,6.78000020980835,132.51143239759847,108.8069066050704,107.30181773257908,106.06353045758343,,3.71,81.0,0.75
,,6.78000020980835,7.159999847412109,6.659999847412109,7.079999923706055,131.836363117297,108.65999620251978,107.03612254448154,106.20278008577222,,3.58,75.0,0.77
,,7.119999885559082,7.170000076293945,6.699999809265137,6.735000133514404,118.41122373205381,108.29124259461824,106.91667166499724,106.35047422553095,,3.45,74.0,0.75
KPTI,2025-09-04,7.119999885559082,7.170000076293945,6.699999809265137,6.735000133514404,114.34820904435807,107.92776061404619,106.37377387717927,106.28666388935828,,3.33,67.0,0.79
