Ticker,Date,Open,High,Low,Close,Volume,Realised_Vol_Close_30,Realised_Vol_Close_60,Realised_Vol_Close_100,Realised_Vol_Close_180,Realised_Vol_Close_252,Vol_of_Vol_100d,Vol_of_Vol_100d_Percentile,Kurtosis_Close_100d,Kurtosis_Returns_100d
BTSG,2024-01-26,12.0,12.140000343322754,10.989999771118164,11.0,24876200.0,,,,,,,,,
BTSG,2024-01-29,11.0,11.210000038146973,10.5,10.5600004196167,5813800.0,,,,,,,,,
BTSG,2024-01-30,10.5,11.34000015258789,10.265000343322754,11.210000038146973,5281100.0,,,,,,,,,
BTSG,2024-01-31,11.109999656677246,11.399999618530272,11.0,11.020000457763672,4131900.0,,,,,,,,,
BTSG,2024-02-01,11.050000190734863,11.529999732971191,11.0,11.3100004196167,7311200.0,,,,,,,,,
BTSG,2024-02-02,11.199999809265137,11.241999626159668,11.050000190734863,11.100000381469728,1421000.0,,,,,,,,,
BTSG,2024-02-05,11.06999969482422,11.199999809265137,10.970000267028809,11.100000381469728,2458800.0,,,,,,,,,
BTSG,2024-02-06,11.010000228881836,11.4350004196167,11.0,11.329999923706056,2114600.0,,,,,,,,,
BTSG,2024-02-07,11.300000190734863,11.529999732971191,11.253999710083008,11.489999771118164,2204000.0,,,,,,,,,
BTSG,2024-02-08,11.460000038146973,11.545000076293944,11.270000457763672,11.34000015258789,1994700.0,,,,,,,,,
BTSG,2024-02-09,11.350000381469728,11.505000114440918,11.31999969482422,11.31999969482422,1515700.0,,,,,,,,,
BTSG,2024-02-12,11.25,11.390000343322754,11.25,11.359999656677246,2675600.0,,,,,,,,,
BTSG,2024-02-13,11.25,11.40999984741211,11.149999618530272,11.170000076293944,1048600.0,,,,,,,,,
BTSG,2024-02-14,11.15999984741211,11.239999771118164,10.779999732971191,10.960000038146973,1675200.0,,,,,,,,,
BTSG,2024-02-15,10.899999618530272,11.130000114440918,10.649999618530272,10.65999984741211,2523000.0,,,,,,,,,
BTSG,2024-02-16,10.649999618530272,10.9399995803833,10.550000190734863,10.710000038146973,997500.0,,,,,,,,,
BTSG,2024-02-20,11.06999969482422,11.100000381469728,10.399999618530272,10.43000030517578,2887500.0,,,,,,,,,
BTSG,2024-02-21,10.43000030517578,10.510000228881836,9.94499969482422,10.0600004196167,2644400.0,,,,,,,,,
BTSG,2024-02-22,10.140000343322754,10.199999809265137,9.699999809265137,9.8100004196167,3040000.0,,,,,,,,,
BTSG,2024-02-23,9.699999809265137,9.789999961853027,9.06999969482422,9.31999969482422,2840000.0,,,,,,,,,
BTSG,2024-02-26,9.329999923706056,9.359999656677246,9.15999984741211,9.260000228881836,1735500.0,,,,,,,,,
BTSG,2024-02-27,9.65999984741211,9.770000457763672,9.40999984741211,9.75,3395200.0,,,,,,,,,
BTSG,2024-02-28,9.75,9.869999885559082,9.289999961853027,9.729999542236328,1615200.0,,,,,,,,,
BTSG,2024-02-29,9.93000030517578,10.0,8.800000190734863,8.989999771118164,4863200.0,,,,,,,,,
BTSG,2024-03-01,9.010000228881836,9.069000244140623,8.729999542236328,8.949999809265137,3128300.0,,,,,,,,,
BTSG,2024-03-04,8.970000267028809,9.670000076293944,8.859999656677246,9.399999618530272,2120400.0,,,,,,,,,
BTSG,2024-03-05,9.3100004196167,9.3100004196167,9.06999969482422,9.1899995803833,1328900.0,,,,,,,,,
BTSG,2024-03-06,9.31999969482422,9.420000076293944,9.0,9.09000015258789,1260000.0,,,,,,,,,
BTSG,2024-03-07,9.020000457763672,9.380000114440918,9.020000457763672,9.020000457763672,1196000.0,,,,,,,,,
BTSG,2024-03-08,9.0,9.170000076293944,8.899999618530273,9.0600004196167,970700.0,,,,,,,,,
BTSG,2024-03-11,9.0600004196167,9.31999969482422,9.039999961853027,9.239999771118164,931800.0,47.102017174259025,,,,,,,,
BTSG,2024-03-12,9.25,9.40999984741211,9.119999885559082,9.170000076293944,583300.0,45.925734625305545,,,,,,,,
BTSG,2024-03-13,9.140000343322754,9.260000228881836,8.720000267028809,8.75,1812000.0,43.24387182583082,,,,,,,,
BTSG,2024-03-14,8.75,8.770000457763672,7.940000057220459,8.229999542236328,2836900.0,45.845112589079804,,,,,,,,
BTSG,2024-03-15,8.210000038146973,8.40999984741211,7.849999904632568,8.239999771118164,13394200.0,44.717114144056616,,,,,,,,
BTSG,2024-03-18,9.0,9.0,8.600000381469727,8.829999923706055,1805600.0,50.23489878393035,,,,,,,,
BTSG,2024-03-19,8.90999984741211,9.414999961853027,8.84000015258789,9.210000038146973,1343400.0,52.235235327103815,,,,,,,,
BTSG,2024-03-20,9.09000015258789,9.329999923706056,8.859999656677246,9.0,833400.0,51.82260334422505,,,,,,,,
BTSG,2024-03-21,8.890000343322754,9.380000114440918,8.890000343322754,9.350000381469728,654100.0,53.155177656113686,,,,,,,,
BTSG,2024-03-22,9.40999984741211,9.6899995803833,9.239999771118164,9.609999656677246,1229500.0,54.03247865347042,,,,,,,,
BTSG,2024-03-25,9.640000343322754,9.949999809265137,9.600000381469728,9.699999809265137,1998700.0,54.194690233763055,,,,,,,,
BTSG,2024-03-26,9.720000267028809,9.958999633789062,9.529999732971191,9.859999656677246,1801300.0,54.4999695999085,,,,,,,,
BTSG,2024-03-27,9.859999656677246,10.380000114440918,9.850000381469728,10.15999984741211,4528700.0,55.278015696222994,,,,,,,,
BTSG,2024-03-28,10.18000030517578,11.09000015258789,10.18000030517578,10.869999885559082,4404700.0,58.708313988194845,,,,,,,,
BTSG,2024-04-01,10.920000076293944,11.020000457763672,10.75,10.989999771118164,3304600.0,58.2040443385239,,,,,,,,
BTSG,2024-04-02,10.829999923706056,10.899999618530272,10.510000228881836,10.56999969482422,1643800.0,59.329064425037394,,,,,,,,
BTSG,2024-04-03,10.470000267028809,10.90999984741211,10.359999656677246,10.4399995803833,1902200.0,58.93013008235525,,,,,,,,
BTSG,2024-04-04,10.4399995803833,10.585000038146973,10.260000228881836,10.289999961853027,763900.0,58.10437143294054,,,,,,,,
BTSG,2024-04-05,10.350000381469728,10.460000038146973,10.109999656677246,10.220000267028809,896500.0,57.634728411105684,,,,,,,,
BTSG,2024-04-08,10.260000228881836,10.515000343322754,10.029999732971191,10.420000076293944,630000.0,55.63322997363246,,,,,,,,
BTSG,2024-04-09,10.460000038146973,10.60200023651123,10.329999923706056,10.420000076293944,696300.0,55.56200689095833,,,,,,,,
BTSG,2024-04-10,10.260000228881836,10.59000015258789,10.23799991607666,10.4399995803833,979300.0,53.695653713899596,,,,,,,,
BTSG,2024-04-11,10.40999984741211,10.630000114440918,10.15999984741211,10.43000030517578,783000.0,53.68891238577611,,,,,,,,
BTSG,2024-04-12,10.399999618530272,10.536999702453612,9.979999542236328,10.050000190734863,1836500.0,49.360698286795355,,,,,,,,
BTSG,2024-04-15,10.039999961853027,10.449999809265137,10.029999732971191,10.390000343322754,1673200.0,50.02455958252384,,,,,,,,
BTSG,2024-04-16,10.279999732971191,10.600000381469728,10.199999809265137,10.56999969482422,1687700.0,48.41058304272686,,,,,,,,
BTSG,2024-04-17,10.520000457763672,10.84000015258789,10.18000030517578,10.270000457763672,1301300.0,48.737728395592086,,,,,,,,
BTSG,2024-04-18,10.260000228881836,10.4399995803833,10.170000076293944,10.289999961853027,591700.0,48.54397392423152,,,,,,,,
BTSG,2024-04-19,10.25,10.539999961853027,10.25,10.510000228881836,425300.0,48.65230092039523,,,,,,,,
BTSG,2024-04-22,10.520000457763672,10.78499984741211,10.470000267028809,10.609999656677246,1416000.0,48.668220716754576,,,,,,,,
BTSG,2024-04-23,10.670000076293944,10.760000228881836,10.470000267028809,10.699999809265137,1023600.0,48.48784213391386,48.16104118591883,,,,,,,
BTSG,2024-04-24,10.6899995803833,10.829999923706056,10.529999732971191,10.779999732971191,724800.0,48.34684556086172,47.443871888988554,,,,,,,
BTSG,2024-04-25,10.729999542236328,10.75,10.399999618530272,10.40999984741211,530600.0,47.33698088764767,46.335995541805886,,,,,,,
BTSG,2024-04-26,10.399999618530272,10.65999984741211,10.300000190734863,10.579999923706056,396000.0,42.91927890782558,46.35160213010929,,,,,,,
BTSG,2024-04-29,10.529999732971191,10.920000076293944,10.470000267028809,10.90999984741211,695600.0,43.34127036637563,46.47799850121264,,,,,,,
BTSG,2024-04-30,10.890000343322754,11.06999969482422,10.630000114440918,10.6899995803833,1142000.0,40.265476039727396,46.50634599651499,,,,,,,
BTSG,2024-05-01,10.630000114440918,10.880000114440918,10.5,10.65999984741211,600700.0,38.879856574533065,46.508293175979425,,,,,,,
BTSG,2024-05-02,11.270000457763672,11.369999885559082,10.420000076293944,11.0600004196167,1321200.0,39.01533461583524,46.944262861558364,,,,,,,
BTSG,2024-05-03,11.270000457763672,11.510000228881836,11.100000381469728,11.5,1534300.0,39.076014880662626,47.54769252056425,,,,,,,
BTSG,2024-05-06,11.670000076293944,11.770000457763672,11.369999885559082,11.40999984741211,640000.0,38.80242764901711,47.49755581782809,,,,,,,
BTSG,2024-05-07,11.420000076293944,11.600000381469728,11.130000114440918,11.479999542236328,2425700.0,38.78771243882518,47.511779603788696,,,,,,,
BTSG,2024-05-08,11.479999542236328,11.515000343322754,11.270000457763672,11.369999885559082,733600.0,38.89334446980316,47.549309343105115,,,,,,,
BTSG,2024-05-09,11.380000114440918,11.59000015258789,11.300000190734863,11.510000228881836,893500.0,38.22789843000228,47.48203017158736,,,,,,,
BTSG,2024-05-10,11.449999809265137,11.548999786376951,11.1899995803833,11.239999771118164,565800.0,33.99536375298851,47.57532319393999,,,,,,,
BTSG,2024-05-13,11.34000015258789,11.53499984741211,11.09000015258789,11.239999771118164,608600.0,33.86724148029233,47.21192897431755,,,,,,,
BTSG,2024-05-14,11.300000190734863,11.479999542236328,11.220000267028809,11.300000190734863,1107300.0,31.718462450578766,47.21432702136367,,,,,,,
BTSG,2024-05-15,11.390000343322754,11.649999618530272,11.31999969482422,11.630000114440918,1273500.0,32.30979858526422,47.20394644988591,,,,,,,
BTSG,2024-05-16,11.579999923706056,11.696000099182127,11.300000190734863,11.399999618530272,742000.0,32.61514101008656,46.763703139284985,,,,,,,
BTSG,2024-05-17,11.420000076293944,11.539999961853027,11.239999771118164,11.470000267028809,922400.0,32.47746452652515,46.423372529112335,,,,,,,
BTSG,2024-05-20,11.479999542236328,11.84000015258789,11.260000228881836,11.449999809265137,1036800.0,32.1751583208235,45.0595064899072,,,,,,,
BTSG,2024-05-21,11.380000114440918,11.380000114440918,11.104999542236328,11.149999618530272,378300.0,33.30093274250408,45.434415681038296,,,,,,,
BTSG,2024-05-22,11.470000267028809,11.760000228881836,11.260000228881836,11.479999542236328,950400.0,34.20111687311475,44.638839226660686,,,,,,,
BTSG,2024-05-23,11.449999809265137,11.5600004196167,11.038999557495115,11.43000030517578,454900.0,34.25102312922196,44.651912913111914,,,,,,,
BTSG,2024-05-24,11.43000030517578,11.460000038146973,11.15999984741211,11.31999969482422,298300.0,32.323809288362085,41.36654980886667,,,,,,,
BTSG,2024-05-28,11.350000381469728,11.470000267028809,11.1899995803833,11.279999732971191,591900.0,31.163711206548673,41.359098118494494,,,,,,,
BTSG,2024-05-29,11.119999885559082,11.489999771118164,11.050000190734863,11.350000381469728,464200.0,30.88283667508073,40.27700612912431,,,,,,,
BTSG,2024-05-30,11.399999618530272,11.600000381469728,11.31999969482422,11.449999809265137,838700.0,29.475683524110263,39.93246676586424,,,,,,,
BTSG,2024-05-31,11.449999809265137,11.449999809265137,11.039999961853027,11.25,1846800.0,30.111290983238437,40.060098890004255,,,,,,,
BTSG,2024-06-03,11.479999542236328,11.609999656677246,11.140000343322754,11.520000457763672,1069100.0,30.254525531928216,40.19992899246297,,,,,,,
BTSG,2024-06-04,11.529999732971191,11.550000190734863,11.359999656677246,11.479999542236328,503500.0,30.248838664056194,40.22962865468418,,,,,,,
BTSG,2024-06-05,11.5,11.579999923706056,11.40999984741211,11.550000190734863,423400.0,30.217020798631918,40.098896528494876,,,,,,,
BTSG,2024-06-06,11.5600004196167,12.210000038146973,10.510000228881836,11.479999542236328,3972400.0,30.28066640336266,40.0817121340551,,,,,,,
BTSG,2024-06-07,11.289999961853027,11.350000381469728,10.670000076293944,10.949999809265137,1421500.0,31.766646099518052,40.10246385573044,,,,,,,
BTSG,2024-06-10,10.880000114440918,11.210000038146973,10.760000228881836,11.210000038146973,654000.0,32.12303643110509,37.93719564792656,,,,,,,
BTSG,2024-06-11,11.109999656677246,11.130000114440918,10.821000099182127,10.84000015258789,608700.0,32.517262824929375,38.752059731593505,,,,,,,
BTSG,2024-06-12,11.109999656677246,11.1899995803833,10.770000457763672,10.84000015258789,560000.0,31.951048517104713,36.346320355091336,,,,,,,
BTSG,2024-06-13,10.789999961853027,10.800000190734863,10.414999961853027,10.630000114440918,593000.0,32.46503091384383,35.733429193778015,,,,,,,
BTSG,2024-06-14,10.579999923706056,10.609999656677246,10.359999656677246,10.470000267028809,1085400.0,30.779379612758927,35.52917371013687,,,,,,,
BTSG,2024-06-17,10.470000267028809,10.65999984741211,10.279999732971191,10.399999618530272,916400.0,28.256943017951258,34.78943283674301,,,,,,,
BTSG,2024-06-18,10.34000015258789,10.710000038146973,10.34000015258789,10.520000457763672,521000.0,28.54301794097544,34.4388043591061,,,,,,-0.37,
BTSG,2024-06-20,10.4399995803833,10.59000015258789,10.369999885559082,10.420000076293944,419200.0,28.48330042241574,34.473087158347894,42.15727923302906,,,,,-0.37,0.53
BTSG,2024-06-21,10.760000228881836,10.81999969482422,10.420000076293944,10.619999885559082,932300.0,29.12645016736003,34.52715789928175,41.7702921168024,,,,,-0.37,0.6
BTSG,2024-06-24,10.59000015258789,10.880000114440918,10.5649995803833,10.8100004196167,528400.0,29.406545869536494,34.18146928285225,40.76286497087277,,,,,-0.36,0.67
BTSG,2024-06-25,10.970000267028809,11.0,10.649999618530272,10.65999984741211,521600.0,28.914036181123322,31.373472263537515,40.73325648962091,,,,,-0.36,0.68
BTSG,2024-06-26,10.619999885559082,10.8100004196167,10.43000030517578,10.789999961853027,734200.0,29.190473005477664,31.391919959480084,40.564519158310745,,,,,-0.35,0.73
BTSG,2024-06-27,10.84000015258789,10.84000015258789,10.479999542236328,10.81999969482422,1360600.0,29.14907881138663,30.344382726108606,40.4614975989254,,,,,-0.34,0.77
BTSG,2024-06-28,10.869999885559082,11.399999618530272,10.720000267028809,11.359999656677246,3844600.0,31.42668046535091,31.79402871934946,41.20119025034141,,,,,-0.35,0.63
BTSG,2024-07-01,11.359999656677246,11.460000038146973,10.9399995803833,10.960000038146973,1089400.0,32.58425021693066,32.54292301048814,41.46558785605844,,,,,-0.34,0.57
BTSG,2024-07-02,10.979999542236328,11.114999771118164,10.890000343322754,11.100000381469728,763700.0,32.76965156895166,32.58694273546587,41.45440254301609,,,,,-0.32,0.58
BTSG,2024-07-03,11.079999923706056,11.329999923706056,10.920000076293944,11.3100004196167,434800.0,33.268384339739406,32.57214072778973,41.51283130085646,,,,,-0.32,0.56
BTSG,2024-07-05,11.260000228881836,11.345000267028809,11.119999885559082,11.140000343322754,645300.0,32.64809979020774,32.746683478238616,41.581375793669395,,,,,-0.31,0.54
BTSG,2024-07-08,11.239999771118164,11.25,11.020000457763672,11.039999961853027,701500.0,31.537577062501494,32.81183053786728,41.60073799982372,,,,,-0.3,0.53
BTSG,2024-07-09,11.079999923706056,11.079999923706056,10.800000190734863,10.979999542236328,535900.0,31.548295068806837,32.835780124028915,41.52431528424703,,,,,-0.29,0.55
BTSG,2024-07-10,11.0,11.050000190734863,10.770000457763672,10.899999618530272,530700.0,31.501553088891054,31.919078944900015,41.431003757496285,,,,,-0.29,0.58
BTSG,2024-07-11,11.06999969482422,11.135000228881836,10.920000076293944,11.100000381469728,874800.0,31.99027891503348,31.420524624140857,41.29076776304979,,,,,-0.3,0.62
BTSG,2024-07-12,11.270000457763672,11.270000457763672,10.960000038146973,11.0600004196167,830700.0,31.937340145359894,31.25466523231188,41.289890480178606,,,,,-0.3,0.62
BTSG,2024-07-15,11.130000114440918,11.600000381469728,11.130000114440918,11.31999969482422,975200.0,32.58506665614879,30.97131017051835,41.2224530030378,,,,,-0.31,0.65
BTSG,2024-07-16,11.40999984741211,12.0,11.40999984741211,11.989999771118164,1657500.0,36.204236830044465,33.021039101871935,41.76258804926455,,,,,-0.3,0.64
BTSG,2024-07-17,11.9399995803833,12.015000343322754,11.739999771118164,11.850000381469728,1287000.0,35.82319362658114,32.91744133111237,41.5964012013231,,,,,-0.26,0.69
BTSG,2024-07-18,11.75,11.989999771118164,11.529999732971191,11.630000114440918,1377900.0,36.257261008718324,33.15087591792775,40.85307826010103,,,,,-0.17,0.79
BTSG,2024-07-19,11.670000076293944,11.789999961853027,11.53600025177002,11.699999809265137,464200.0,36.256209124335285,33.13286286513915,40.83362398703709,,,,,-0.06,0.79
BTSG,2024-07-22,11.8100004196167,11.970000267028809,11.69499969482422,11.960000038146973,653300.0,36.727389210459904,33.377404453090605,40.19083702720332,,,,,-0.01,0.9
BTSG,2024-07-23,12.020000457763672,12.18000030517578,11.859999656677246,12.170000076293944,1204900.0,33.965070643973085,32.63744474641641,40.25900883021801,,,,,0.05,0.87
BTSG,2024-07-24,12.170000076293944,12.369999885559082,11.989999771118164,12.039999961853027,872600.0,33.66509527896177,32.62508369624182,38.15073157842364,,,,,0.17,0.44
BTSG,2024-07-25,12.109999656677246,12.289999961853027,11.93000030517578,12.09000015258789,1292500.0,31.893909282354237,32.081520806678405,38.13280723805201,,,,,0.3,0.44
BTSG,2024-07-26,12.229999542236328,12.43000030517578,12.15999984741211,12.329999923706056,1487900.0,32.206366544728596,31.953235366918598,37.50960762344629,,,,,0.41,0.54
BTSG,2024-07-29,12.350000381469728,12.630000114440918,12.270000457763672,12.484999656677246,1095600.0,31.474796567881242,32.00095987314864,37.32009407437282,,,,,0.54,0.59
BTSG,2024-07-30,12.550000190734863,12.720000267028809,12.420000076293944,12.65999984741211,1224000.0,30.950918423823747,31.291563293383394,37.29127156723443,,,,,0.68,0.59
BTSG,2024-07-31,12.710000038146973,12.789999961853027,12.329999923706056,12.390000343322754,1038200.0,31.782586601288177,30.709064125581598,37.4597193436979,,,,,0.8,0.54
BTSG,2024-08-01,12.359999656677246,12.470000267028809,11.90999984741211,12.229999542236328,923800.0,32.19412246765528,30.792087432279764,37.54691664429504,,,,,0.93,0.51
BTSG,2024-08-02,11.68000030517578,11.800000190734863,10.56999969482422,11.15999984741211,2212300.0,42.532533979971795,36.15863288654537,40.33772454588268,,,,,1.15,1.53
BTSG,2024-08-05,10.149999618530272,11.260000228881836,10.149999618530272,11.170000076293944,1363700.0,42.236557817933615,36.10908982713713,40.30936667201079,,,,,1.4,1.55
BTSG,2024-08-06,11.170000076293944,11.5600004196167,11.05500030517578,11.25,854800.0,41.99764624089472,36.04854243024064,39.5477167477403,,,,,1.64,1.78
BTSG,2024-08-07,11.420000076293944,11.640000343322754,11.210000038146973,11.239999771118164,531900.0,41.753854802224765,35.718848908317405,38.20784596434557,,,,,1.41,2.0
BTSG,2024-08-08,11.329999923706056,11.59000015258789,11.1899995803833,11.520000457763672,579200.0,42.17754242863799,36.07305116585349,38.358341193577026,,,,,0.71,1.94
BTSG,2024-08-09,11.489999771118164,11.789999961853027,11.460000038146973,11.539999961853027,414100.0,42.17734769497343,36.0596654113059,36.87885442826905,,,,,0.49,2.07
BTSG,2024-08-12,11.619999885559082,11.645000457763672,11.380000114440918,11.619999885559082,409400.0,39.84350068135441,35.598613375424755,36.33948866785419,,,,,0.45,2.26
BTSG,2024-08-13,11.720000267028809,11.899999618530272,11.699999809265137,11.84000015258789,355900.0,38.608581047254106,35.55593824316362,36.201891527284715,,,,,0.04,2.36
BTSG,2024-08-14,11.869999885559082,11.880000114440918,11.630000114440918,11.6899995803833,288600.0,38.73315040561863,35.64170819664011,35.83450474170731,,,,,-0.16,2.48
BTSG,2024-08-15,12.020000457763672,12.0600004196167,11.755000114440918,11.9399995803833,403500.0,38.831677602372466,35.893353898512075,35.73601632561578,,,,,-0.29,2.52
BTSG,2024-08-16,11.9399995803833,12.03499984741211,11.81999969482422,12.010000228881836,489700.0,38.51063443301396,35.45425564876659,35.72256882671949,,,,,-0.41,2.53
BTSG,2024-08-19,12.079999923706056,12.239999771118164,11.90999984741211,11.989999771118164,488800.0,38.37819927561878,34.97674228115039,35.654413529647215,,,,,-0.51,2.55
BTSG,2024-08-20,11.989999771118164,12.390000343322754,11.960000038146973,12.25,703800.0,38.669580771568434,35.21567605519836,35.50936745006775,,,,,-0.54,2.62
BTSG,2024-08-21,12.31999969482422,12.420000076293944,12.119999885559082,12.210000038146973,1166700.0,38.587680280504564,35.156023204929205,33.919198870125456,,,,,-0.61,2.74
BTSG,2024-08-22,12.149999618530272,12.359999656677246,11.949999809265137,11.970000267028809,765600.0,38.92740274318898,35.409199872332344,34.044938630774865,,,,,-0.67,2.62
BTSG,2024-08-23,12.079999923706056,12.56999969482422,11.960000038146973,12.56999969482422,876800.0,41.123357862941994,36.73470496843041,34.28575198017634,,,,,-0.64,2.69
BTSG,2024-08-26,12.65999984741211,12.890000343322754,12.449999809265137,12.75,695000.0,40.84398494680886,36.796383418644986,34.267101458803346,,,,,-0.55,2.73
BTSG,2024-08-27,12.670000076293944,12.81999969482422,12.609999656677246,12.65999984741211,541400.0,37.65232645767706,36.62187580303173,34.19670599668604,,,,,-0.53,2.78
BTSG,2024-08-28,12.699999809265137,12.729999542236328,12.53499984741211,12.630000114440918,482000.0,37.45654756509515,36.34940432919235,34.174507645971715,,,,,-0.54,2.8
BTSG,2024-08-29,12.75,12.859999656677246,12.539999961853027,12.760000228881836,823500.0,36.99261676296607,36.37733771035602,34.08767278634873,,,,,-0.52,2.85
BTSG,2024-08-30,12.8100004196167,12.9399995803833,12.505000114440918,12.550000190734863,1133300.0,37.41541358142151,36.558730206171056,34.214332420827716,,,,,-0.56,2.75
BTSG,2024-09-03,12.539999961853027,12.760000228881836,12.380000114440918,12.520000457763672,637000.0,36.967754929367345,36.53438863748098,34.22099059166533,,,,,-0.6,2.74
BTSG,2024-09-04,12.579999923706056,13.074999809265137,12.350000381469728,12.979999542236328,873200.0,38.045493440599714,35.77300617479675,34.64704380068077,,,,,-0.53,2.56
BTSG,2024-09-05,12.989999771118164,13.220000267028809,12.869999885559082,13.0,2182000.0,37.85000529956094,35.51415534813404,34.06951655000044,,,,,-0.52,2.88
BTSG,2024-09-06,13.0,13.119999885559082,12.739999771118164,12.93000030517578,1358500.0,37.91623679406316,34.75458094273608,33.7340001968365,,,,,-0.53,3.02
BTSG,2024-09-09,13.0,13.170000076293944,12.9399995803833,13.0600004196167,1094800.0,37.6330762506135,34.77891719169367,33.67203978416547,,,,,-0.51,3.06
BTSG,2024-09-10,13.140000343322754,13.640000343322754,13.09000015258789,13.56999969482422,1210200.0,38.982959679288534,35.1876421664344,33.78883106984392,,,,,-0.24,3.09
BTSG,2024-09-11,13.600000381469728,13.68000030517578,13.354999542236328,13.520000457763672,1762700.0,38.87958629463054,34.99778538043487,33.80424683782474,,,,,-0.11,3.07
BTSG,2024-09-12,13.529999732971191,14.050000190734863,13.399999618530272,14.039999961853027,2612700.0,39.52525518590219,35.583333939004234,34.13526410385892,,,,,0.36,2.92
BTSG,2024-09-13,14.130000114440918,14.3100004196167,13.795000076293944,13.850000381469728,2259600.0,39.54933983768109,35.75970118274484,34.21882625630375,,,,,0.44,2.84
BTSG,2024-09-16,14.25,14.520000457763672,13.899999618530272,13.920000076293944,2463300.0,27.22702073572545,35.63818538880051,34.2084480905293,,,,,0.47,2.85
BTSG,2024-09-17,14.050000190734863,14.890000343322754,13.920000076293944,14.640000343322754,3569900.0,29.86166708888323,36.73707514681494,35.03307649742794,,,,,0.99,2.58
BTSG,2024-09-18,14.600000381469728,15.380000114440918,14.600000381469728,14.869999885559082,3526000.0,29.915822982360762,36.708821191824825,34.55331916504218,,,,,1.43,2.84
BTSG,2024-09-19,15.079999923706056,15.199999809265137,14.90999984741211,15.029999732971191,1912200.0,29.761013165603213,36.502798545756264,34.513162890836554,,,,,1.69,2.87
BTSG,2024-09-20,15.020000457763672,15.279999732971191,14.699999809265137,14.729999542236328,1739600.0,30.62650704644707,36.85905506610809,34.437292813450064,,,,,1.53,2.86
BTSG,2024-09-23,14.779999732971191,15.085000038146973,14.774999618530272,15.010000228881836,1117300.0,30.713897058761674,36.96089534973097,34.3221117501594,,,,,1.46,2.96
BTSG,2024-09-24,14.979999542236328,15.470000267028809,14.84000015258789,15.220000267028809,2749000.0,30.743950027173874,35.894334292242405,34.347673089211796,,,,,1.42,2.96
BTSG,2024-09-25,15.220000267028809,15.350000381469728,14.779999732971191,14.960000038146973,1200400.0,31.510824560413266,35.18809690493515,34.08573646797941,,,,,1.19,3.04
BTSG,2024-09-26,15.0,15.119999885559082,14.675000190734863,14.720000267028809,1867000.0,31.71969412509735,35.421545891198875,33.726334600105965,,,,,0.93,3.16
BTSG,2024-09-27,14.890000343322754,15.279999732971191,14.824999809265137,14.989999771118164,1246600.0,31.621148467330862,35.41215356495452,33.776613512960004,,,,,0.72,3.16
BTSG,2024-09-30,14.899999618530272,14.979999542236328,14.581000328063965,14.68000030517578,1163200.0,32.68098831578348,35.56907579897275,33.97926510556809,,,,,0.49,3.0
BTSG,2024-10-01,14.829999923706056,14.899999618530272,14.399999618530272,14.779999732971191,1356800.0,32.584813974884035,35.457963756805704,33.93052322581878,,,,,0.29,3.05
BTSG,2024-10-02,14.800000190734863,15.039999961853027,14.550000190734863,14.8100004196167,902900.0,32.320023999563844,35.398144354573525,33.895570081252835,,,,,0.11,3.06
BTSG,2024-10-03,14.949999809265137,15.204999923706056,14.59000015258789,14.720000267028809,1049400.0,32.4031732084194,35.38095573777406,33.66258167112143,,,,,-0.06,3.23
BTSG,2024-10-04,14.829999923706056,15.0600004196167,14.640000343322754,14.760000228881836,1266700.0,31.471356957911052,35.27679792823581,33.65980312981326,,,,,-0.21,3.23
BTSG,2024-10-07,14.699999809265137,14.970000267028809,14.524999618530272,14.59000015258789,954200.0,29.2756617814863,35.395167556755396,33.73350316090023,,,,,-0.35,3.16
BTSG,2024-10-08,14.609999656677246,15.220000267028809,14.029999732971191,15.010000228881836,655800.0,29.94462108594938,35.526208526733505,33.725548584351536,,,,,-0.47,3.17
BTSG,2024-10-09,15.020000457763672,15.43000030517578,15.0,15.239999771118164,975900.0,29.83123740719323,33.859703876605,33.58955745551839,,,,,-0.57,3.29
BTSG,2024-10-10,15.050000190734863,15.1850004196167,14.829999923706056,15.170000076293944,1396000.0,29.89378513979985,33.74933960659024,33.60654456148463,,,,,-0.66,3.27
BTSG,2024-10-11,15.050000190734863,15.265000343322754,15.039999961853027,15.15999984741211,1047200.0,29.929757657111892,33.428222120010446,33.60325172825734,,,,,-0.76,3.27
BTSG,2024-10-14,15.15999984741211,15.6899995803833,15.010000228881836,15.289999961853027,1033500.0,29.17658549496709,33.4373997522744,33.283087627816336,38.797687937726785,,,,-0.83,3.52
BTSG,2024-10-15,15.289999961853027,15.90999984741211,15.0649995803833,15.210000038146973,4912500.0,29.26442627052122,33.29335232802699,33.04603571825981,38.474096188412474,,,,-0.91,3.64
BTSG,2024-10-16,15.210000038146973,15.890000343322754,15.109999656677246,15.859999656677246,1681900.0,29.813566464785374,34.080974461511374,33.600124956499315,38.1532961165047,,,,-0.93,3.38
BTSG,2024-10-17,15.789999961853027,16.059999465942383,15.720000267028809,15.90999984741211,1604800.0,29.79311240078808,33.93576976001267,33.5359628875617,38.086333805215524,,,,-0.96,3.44
BTSG,2024-10-18,15.890000343322754,16.31999969482422,15.800000190734863,16.260000228881836,1450100.0,29.871798281853174,34.11621649355975,33.64294620780901,38.05229056698879,,,,-0.94,3.39
BTSG,2024-10-21,16.25,16.489999771118164,15.949999809265137,16.09000015258789,744000.0,30.318986283011807,34.12052891959554,33.7153189083286,38.00149912889606,,,,-0.97,3.32
BTSG,2024-10-22,16.110000610351562,16.299999237060547,16.0,16.110000610351562,817600.0,28.856191305807222,34.08494871230595,33.706478211125116,38.00083418855236,,,,-1.0,3.32
BTSG,2024-10-23,15.979999542236328,16.309999465942383,15.595000267028809,15.779999732971191,619600.0,29.74532665997844,34.40224647805682,33.758828338511606,38.03209992411879,,,,-1.06,3.28
BTSG,2024-10-24,15.779999732971191,15.899999618530272,15.539999961853027,15.550000190734863,641500.0,28.613469981280925,34.21524235280894,33.720437289115054,38.05430767501662,,,,-1.12,3.27
BTSG,2024-10-25,15.640000343322754,15.640000343322754,15.350000381469728,15.5,904100.0,28.231711502387352,34.06874929915362,33.71920181563461,38.01799714045967,,,,-1.18,3.27
BTSG,2024-10-28,15.609999656677246,15.859999656677246,15.5,15.779999732971191,817900.0,28.52732135229091,27.764777076678293,33.79881496055304,38.06369619632476,,,,-1.23,3.22
BTSG,2024-10-29,15.949999809265137,16.09000015258789,15.739999771118164,15.90999984741211,850600.0,24.98340828100526,27.750333692345265,33.77590191449123,38.07062823166557,,,,-1.27,3.25
BTSG,2024-10-30,15.890000343322754,15.890000343322754,14.729999542236328,14.960000038146973,3744200.0,30.860753636836254,31.000780481524536,34.39118913138756,38.741858874796534,,,,-1.31,3.32
BTSG,2024-10-31,14.960000038146973,15.31999969482422,14.859999656677246,14.970000267028809,1288900.0,30.700663372387016,30.990320051269403,34.23794791973796,38.66443663075346,,,,-1.34,3.4
BTSG,2024-11-01,16.0,17.540000915527344,15.770999908447266,17.25,5067600.0,50.80720759503722,41.65752863750431,40.26762252734035,41.91072853325624,,,,-1.24,9.13
BTSG,2024-11-04,17.510000228881836,17.510000228881836,16.507999420166016,16.809999465942383,1489200.0,51.416538765097805,42.178712863514264,40.55140247663652,42.04550528985844,,,,-1.22,8.86
BTSG,2024-11-05,16.739999771118164,17.68000030517578,16.71500015258789,17.6299991607666,2104200.0,52.901562589888385,43.02216627463496,40.9421547280851,42.24007022897269,,,,-1.11,8.37
BTSG,2024-11-06,18.25,18.39999961853028,17.75,18.350000381469727,1225700.0,53.42050158098477,43.48985747983182,41.18491967655441,42.21027902486569,,,,-0.9,8.05
BTSG,2024-11-07,18.38999938964844,18.989999771118164,18.13999938964844,18.920000076293945,1259900.0,53.391654079284365,43.5433043168694,41.32629234438223,42.195742716862966,,,,-0.62,7.85
BTSG,2024-11-08,18.86000061035156,19.57999992370605,18.809999465942383,19.56999969482422,1765000.0,53.830417766612435,43.78201187655482,41.55277291405885,41.83635665503334,,3.22,94.0,-0.27,7.6
BTSG,2024-11-11,19.6299991607666,20.18000030517578,19.56999969482422,20.040000915527344,1749300.0,53.23540560042278,43.89363447580225,41.56739055099253,41.881357787948744,,3.21,95.0,0.06,7.54
BTSG,2024-11-12,19.8700008392334,20.25,19.46999931335449,19.540000915527344,1598400.0,54.224536662012945,44.39151059055361,41.82273194634269,41.646388047712854,,3.21,100.0,0.11,7.36
BTSG,2024-11-13,19.690000534057617,20.09000015258789,19.38500022888184,19.65999984741211,719300.0,54.18975149036039,44.30623550725923,41.78110218199075,41.64127357337616,,3.22,99.0,0.13,7.42
BTSG,2024-11-14,19.63999938964844,19.76000022888184,19.18000030517578,19.190000534057617,835800.0,54.89019679123097,44.73672900145089,41.93661956899172,40.59402232745948,,3.24,100.0,0.05,7.3
BTSG,2024-11-15,19.299999237060547,19.670000076293945,18.86000061035156,19.6299991607666,951800.0,55.001278123583845,44.47284406303116,42.00995325263069,40.6393190094292,,3.26,100.0,0.01,7.21
BTSG,2024-11-18,19.63999938964844,19.89999961853028,18.59000015258789,18.68000030517578,1175300.0,57.32297371132463,45.202141592254705,42.924775904533696,40.78819981984418,,3.3,100.0,-0.11,6.61
BTSG,2024-11-19,18.39999961853028,19.020000457763672,18.270000457763672,18.64999961853028,657400.0,57.06559868057043,45.20460868124505,42.37414255598709,40.6723261389154,,3.31,99.0,-0.22,7.11
BTSG,2024-11-20,18.65999984741211,18.84000015258789,18.40999984741211,18.790000915527344,968800.0,57.01575163959127,45.11835707782142,41.867312925960185,40.63587805309032,,3.32,96.0,-0.32,7.49
BTSG,2024-11-21,19.1200008392334,19.1299991607666,18.71999931335449,18.75,659000.0,56.97658865509171,45.116338422372635,41.86763496599343,40.61845286222244,,3.33,96.0,-0.42,7.51
BTSG,2024-11-22,18.8700008392334,19.030000686645508,18.600000381469727,18.75,1075100.0,56.969142711759346,45.12971305612524,41.819494784351804,40.62127552183208,,3.33,93.0,-0.51,7.59
BTSG,2024-11-25,18.93000030517578,19.309999465942383,18.670000076293945,19.030000686645508,1979100.0,57.01218150805737,44.9042904854273,41.721500510500924,40.5990484746859,,3.33,90.0,-0.59,7.64
BTSG,2024-11-26,18.93000030517578,18.950000762939453,18.21999931335449,18.739999771118164,949800.0,57.280100008190956,45.09752269076784,41.789166888721226,40.64061881710642,,3.34,92.0,-0.66,7.58
BTSG,2024-11-27,18.979999542236328,19.979999542236328,18.84000015258789,19.049999237060547,1073500.0,56.40136316847815,44.729171477433844,41.790204536454965,40.213373686577775,,3.34,92.0,-0.73,7.55
BTSG,2024-11-29,19.299999237060547,19.530000686645508,19.11000061035156,19.299999237060547,365100.0,56.42907533097373,44.73794045109103,41.756115122288556,39.46121892586497,,3.34,88.0,-0.79,7.56
BTSG,2024-12-02,18.98200035095215,19.479999542236328,18.65999984741211,19.07999992370605,1321400.0,56.466764319592286,44.824525040649185,41.79596793237291,39.50563473333795,,3.35,92.0,-0.86,7.56
BTSG,2024-12-03,19.030000686645508,19.14999961853028,18.770000457763672,18.979999542236328,1111300.0,56.35909096021017,44.882401460929884,41.80582478308022,38.76979020999187,,3.36,92.0,-0.92,7.55
BTSG,2024-12-04,19.040000915527344,19.26000022888184,18.549999237060547,18.709999084472656,340800.0,56.64140558621423,44.57087012501372,41.82316980342176,38.56815038887482,,3.37,94.0,-0.98,7.59
BTSG,2024-12-05,18.76000022888184,18.809999465942383,18.440000534057617,18.51000022888184,704800.0,56.32185101893047,44.65539867178369,41.03932248644411,38.47415915063438,,3.36,79.0,-1.03,8.34
BTSG,2024-12-06,18.520000457763672,18.655000686645508,18.239999771118164,18.280000686645508,741100.0,56.25810953484189,44.278899443374584,41.04706669719317,38.307743509115404,,3.35,80.0,-1.07,8.34
BTSG,2024-12-09,18.309999465942383,18.540000915527344,17.75,18.020000457763672,1365600.0,56.49738167108575,44.29130343159488,40.989839153154875,38.26256440567474,,3.35,78.0,-1.11,8.39
BTSG,2024-12-10,18.13999938964844,18.6200008392334,17.910999298095703,18.26000022888184,973800.0,56.42098110602104,44.32825586274235,41.01318158180251,38.27374168421673,,3.35,78.0,-1.14,8.35
BTSG,2024-12-11,18.40999984741211,18.489999771118164,18.14999961853028,18.3700008392334,1129500.0,56.413273136877926,43.28587581180288,40.91769197355255,38.24441367114792,,3.36,75.0,-1.18,8.48
BTSG,2024-12-12,18.520000457763672,18.559999465942383,17.799999237060547,17.940000534057617,878100.0,53.53607261075592,43.57572391875282,41.10199596903192,38.2476663463691,,3.37,80.0,-1.2,8.35
BTSG,2024-12-13,17.969999313354492,19.584999084472656,17.920000076293945,18.559999465942383,9803700.0,54.11208456516587,44.00740287084231,41.309551636645445,37.65365027717615,,3.4,81.0,-1.22,8.07
BTSG,2024-12-16,18.520000457763672,19.14999961853028,18.21699905395508,18.8799991607666,1166100.0,36.295721996792835,43.81314912518563,41.359210527624434,37.6789014513325,,3.43,82.0,-1.25,8.0
BTSG,2024-12-17,18.81999969482422,19.32999992370605,18.40999984741211,18.459999084472656,1463500.0,36.07721484842183,44.03922109710671,41.505961969655466,37.47044079282403,,3.46,82.0,-1.26,7.92
BTSG,2024-12-18,18.479999542236328,18.989999771118164,17.110000610351562,17.1299991607666,1743000.0,40.16599088988866,46.80324159405917,43.32536184900933,38.54518420672153,,3.51,100.0,-1.26,6.99
BTSG,2024-12-19,17.040000915527344,17.469999313354492,16.700000762939453,17.040000915527344,1393700.0,38.24917165230947,46.65761106263041,43.31116908984097,38.502646236865075,,3.57,99.0,-1.25,7.02
BTSG,2024-12-20,16.84000015258789,17.489999771118164,16.84000015258789,17.270000457763672,1409300.0,37.27034309460412,46.5546262170576,43.16252354797653,38.505844533478246,,3.62,98.0,-1.24,7.12
BTSG,2024-12-23,17.450000762939453,17.510000228881836,16.989999771118164,17.399999618530273,528700.0,35.762098509992605,46.45397581353281,43.0878456072011,38.459953089805396,,3.67,97.0,-1.22,7.16
BTSG,2024-12-24,17.40999984741211,17.489999771118164,16.959999084472656,17.440000534057617,268100.0,34.84991929314537,46.19782502004069,40.30181134040372,38.45851840556633,,3.67,64.0,-1.22,8.08
BTSG,2024-12-26,17.299999237060547,17.65999984741211,17.225000381469727,17.600000381469727,336000.0,34.50440767780245,46.20880883165062,40.304457096660826,38.465499903898156,,3.67,65.0,-1.22,8.06
BTSG,2024-12-27,17.6200008392334,17.690000534057617,17.010000228881836,17.020000457763672,520800.0,35.444554865474984,46.80786229601577,40.75197707663637,38.70357375984021,,3.68,66.0,-1.21,7.71
BTSG,2024-12-30,16.940000534057617,17.18000030517578,16.649999618530273,17.010000228881836,876300.0,34.979668928740494,46.77917797970335,40.75105777768069,38.41454865130046,,3.7,65.0,-1.2,7.71
BTSG,2024-12-31,17.06999969482422,17.389999389648438,16.5,17.030000686645508,1038900.0,34.09818475686019,46.7798138974808,40.62111381733419,38.244924189475306,,3.71,64.0,-1.19,7.89
BTSG,2025-01-02,17.200000762939453,17.520000457763672,16.899999618530273,17.329999923706055,1586200.0,31.898779316249836,46.78810713857834,40.67637655719308,38.24646179838725,,3.73,64.0,-1.18,7.8
BTSG,2025-01-03,17.360000610351562,17.719999313354492,17.100000381469727,17.639999389648438,529500.0,32.43368237627063,46.590561855731536,40.73186046826175,38.10221649983481,,3.74,64.0,-1.17,7.72
BTSG,2025-01-06,17.530000686645508,17.950000762939453,16.959999084472656,17.049999237060547,1245400.0,33.604681094328356,47.11500129614934,41.11075974621918,38.35309774104799,,3.76,73.0,-1.15,7.47
BTSG,2025-01-07,17.139999389648438,17.469999313354492,16.799999237060547,17.34000015258789,1195800.0,34.10640779100364,47.1943767608716,41.07889969511355,38.32755928952084,,3.77,71.0,-1.14,7.45
BTSG,2025-01-08,17.200000762939453,17.40999984741211,16.700000762939453,17.31999969482422,1767800.0,34.100384964980215,47.19577839501301,40.99347158117081,38.3220734238998,,3.79,67.0,-1.12,7.58
BTSG,2025-01-10,17.020000457763672,17.6299991607666,15.260000228881836,17.170000076293945,1417400.0,33.73285485943425,47.229400936295725,41.03926191174907,38.33970928357408,,3.8,68.0,-1.1,7.56
BTSG,2025-01-13,16.93000030517578,17.325000762939453,16.735000610351562,17.280000686645508,887000.0,33.653277795993084,47.21404460899243,41.032994037684595,38.33803400881099,,3.81,67.0,-1.09,7.55
BTSG,2025-01-14,17.389999389648438,17.81999969482422,17.315000534057617,17.799999237060547,430200.0,34.514515417523874,46.84042522148501,41.14395729876274,38.20883615148152,,3.82,73.0,-1.07,7.43
BTSG,2025-01-15,17.889999389648438,18.38999938964844,17.889999389648438,18.0,603600.0,34.44685141038684,46.87824786431871,41.14522981206998,38.18898277138337,,3.82,73.0,-1.06,7.4
BTSG,2025-01-16,18.030000686645508,18.530000686645508,17.374000549316406,18.479999542236328,1153900.0,35.3054826632519,46.969269642192714,41.120108748519236,38.14750275355393,,3.81,71.0,-1.08,7.34
BTSG,2025-01-17,18.559999465942383,18.93000030517578,17.792999267578125,18.549999237060547,671700.0,35.309426936925895,46.89621938132492,40.49438998170894,38.04673923722234,,3.81,52.0,-1.07,7.98
BTSG,2025-01-21,17.799999237060547,21.34000015258789,17.562000274658203,20.88999938964844,5155200.0,49.21057174361598,52.615194644728206,44.38921259956178,40.42890598338407,,3.85,100.0,-1.0,7.29
BTSG,2025-01-22,20.850000381469727,21.5,20.31999969482422,21.190000534057617,3468700.0,49.10737974062221,52.39222766434661,44.37138185743003,40.25657301175881,,3.88,99.0,-0.91,7.26
BTSG,2025-01-23,21.239999771118164,21.8700008392334,21.1299991607666,21.549999237060547,2052800.0,48.9604418168482,52.286892268007975,44.39331727267009,40.06715478622069,,3.91,100.0,-0.81,7.2
BTSG,2025-01-24,21.549999237060547,22.96999931335449,21.38999938964844,22.81999969482422,2598500.0,50.804765499396595,53.318104232220435,45.14650525252094,40.54552805526487,,3.95,100.0,-0.51,6.55
BTSG,2025-01-27,22.549999237060547,23.770000457763672,22.549999237060547,23.71999931335449,2334100.0,51.56778450827577,53.67762421579778,45.3006275618289,40.75369589220515,,3.99,100.0,-0.07,6.33
BTSG,2025-01-28,23.68000030517578,23.809999465942383,22.39999961853028,22.729999542236328,1767500.0,53.674037925261466,54.623290701902285,45.94448101173217,41.09511240276433,,4.04,100.0,-0.01,5.97
BTSG,2025-01-29,23.32999992370605,23.82999992370605,23.1200008392334,23.75,1356700.0,53.879361762173716,53.31622766572253,46.091393649159215,41.356000995714496,42.80429251152725,4.09,100.0,0.19,5.86
BTSG,2025-01-30,23.739999771118164,24.81999969482422,23.739999771118164,24.239999771118164,1585500.0,53.482824319865585,53.35857220019891,46.141883541839974,41.26864831484034,42.611715596383156,4.14,100.0,0.4,5.79
BTSG,2025-01-31,24.31999969482422,24.3700008392334,23.489999771118164,23.600000381469727,1939000.0,54.401205225879856,45.98646429263285,46.40274104218523,41.42875145280459,42.338546474243834,4.18,100.0,0.4,5.65
BTSG,2025-02-03,23.1200008392334,23.920000076293945,23.0,23.71999931335449,1419500.0,53.66477009276186,45.528726465844784,46.39855922649971,41.42865913331991,42.291163616415666,4.21,99.0,0.37,5.66
BTSG,2025-02-04,23.770000457763672,23.89999961853028,23.440000534057617,23.5,974200.0,47.89685520794439,44.78051144973302,46.168980963793764,41.35453077223345,42.246258652499606,4.24,98.0,0.3,5.9
BTSG,2025-02-05,23.59000015258789,23.84000015258789,23.309999465942383,23.39999961853028,729000.0,47.86895872595882,44.208191966910306,46.17197179841984,41.26849031472975,42.19656690494829,4.26,98.0,0.21,5.9
BTSG,2025-02-06,23.420000076293945,23.68000030517578,22.38999938964844,22.46999931335449,1355800.0,50.09443597511651,44.78466785373621,46.45175577999044,41.60282909129255,42.41942125391521,4.29,100.0,0.09,5.87
BTSG,2025-02-07,22.43000030517578,22.65999984741211,21.850000381469727,22.11000061035156,1928900.0,50.61299170881396,44.480610102408555,46.47884672862379,41.664420849564195,42.42416601810503,4.32,100.0,-0.01,5.85
BTSG,2025-02-10,22.07999992370605,22.38999938964844,21.670000076293945,22.270000457763672,761500.0,50.58502452509598,44.264712356816574,46.48055449953624,41.51105503565701,42.41130318124066,4.34,100.0,-0.11,5.85
BTSG,2025-02-11,22.15999984741211,22.770000457763672,21.729999542236328,21.96999931335449,929300.0,50.972854740456505,44.02383886041928,45.98535668148884,41.45192439812643,42.412898786623565,4.36,91.0,-0.21,6.29
BTSG,2025-02-12,21.739999771118164,22.270000457763672,21.58099937438965,21.670000076293945,919200.0,49.90553576948689,44.13169532523666,46.03393379880353,41.49218004332397,42.44227103474256,4.38,91.0,-0.29,6.31
BTSG,2025-02-13,21.920000076293945,22.3700008392334,21.61000061035156,22.07999992370605,1067400.0,49.92923760574104,43.93564742572716,46.08244759271861,41.500891721550616,42.47295694881369,4.39,91.0,-0.38,6.25
BTSG,2025-02-14,22.200000762939453,22.799999237060547,22.030000686645508,22.049999237060547,617300.0,49.96780435773307,43.73623372983978,45.929510848928075,41.49633017994764,42.429749886408885,4.39,87.0,-0.46,6.34
BTSG,2025-02-18,22.0,22.42799949645996,21.850000381469727,22.14999961853028,712400.0,49.90931340728192,42.39794931148234,45.86830390367579,41.495407580051,42.374249707446474,4.39,86.0,-0.53,6.41
BTSG,2025-02-19,20.8799991607666,21.520000457763672,20.799999237060547,20.89999961853028,5217200.0,53.366364128131536,44.193062404910265,46.88089584103876,42.12994472812584,42.701106792023275,4.41,100.0,-0.57,5.95
BTSG,2025-02-20,20.690000534057617,20.93099975585937,20.23500061035156,20.39999961853028,1793800.0,52.805725036132955,44.498377677082544,46.9712806106064,42.183318081052775,42.785138702915226,4.41,100.0,-0.59,5.89
BTSG,2025-02-21,20.3700008392334,20.5,19.315000534057617,19.489999771118164,2194200.0,54.75686853680383,45.52581244887366,47.508744225233336,42.50776935011591,42.95808784410336,4.41,100.0,-0.58,5.62
BTSG,2025-02-24,19.530000686645508,19.690000534057617,19.05500030517578,19.420000076293945,1009000.0,54.78103162724731,45.53396106641415,47.4551539968962,42.50802539068766,42.78746491068573,4.41,99.0,-0.56,5.69
BTSG,2025-02-25,19.40999984741211,19.549999237060547,19.041000366210938,19.489999771118164,866400.0,54.652738945721325,45.44206522456865,47.30564176518401,42.50644364683145,42.69658975661012,4.41,98.0,-0.55,5.76
BTSG,2025-02-26,19.450000762939453,19.6200008392334,19.14999961853028,19.25,940500.0,54.858757532723956,45.402192506149646,47.36277098694648,42.53177921196159,42.379183599314636,4.4,98.0,-0.52,5.75
BTSG,2025-02-27,19.26000022888184,19.5,18.8799991607666,19.229999542236328,638100.0,54.31074537716163,45.28088119084826,47.36628690116454,42.11424386667172,42.37066077670915,4.39,98.0,-0.5,5.75
BTSG,2025-02-28,19.14999961853028,19.57999992370605,18.84000015258789,19.280000686645508,1027800.0,54.24961564536708,45.204511452426146,47.34570790404315,42.04469115207902,42.08803554234352,4.37,96.0,-0.47,5.75
BTSG,2025-03-03,19.280000686645508,19.420000076293945,18.440000534057617,18.51000022888184,1487100.0,55.143868070298055,45.91438562543127,47.84562213520001,42.14130094798709,42.309349256255146,4.35,100.0,-0.44,5.5
BTSG,2025-03-04,18.030000686645508,18.700000762939453,17.6299991607666,18.14999961853028,1478700.0,55.42342366433258,46.07232459153558,47.92200653434898,42.22479916637324,41.568583710382825,4.33,100.0,-0.41,5.46
BTSG,2025-03-05,18.14999961853028,18.520000457763672,17.959999084472656,18.38999938964844,1421000.0,42.59861388192066,46.07030753088195,47.77074858805484,42.15750575542591,41.57502481429901,4.3,98.0,-0.37,5.59
BTSG,2025-03-06,18.600000381469727,19.049999237060547,16.84000015258789,17.229999542236328,3955500.0,45.705121442615244,47.91049723316554,48.89664469530437,42.87041150122712,41.86856423472417,4.29,100.0,-0.34,5.17
BTSG,2025-03-07,17.579999923706055,17.790000915527344,16.790000915527344,17.479999542236328,2555500.0,45.600287635477486,47.95655735214623,48.9320432903348,42.87749997982422,41.810214254151,4.26,100.0,-0.31,5.12
BTSG,2025-03-10,17.010000228881836,17.44499969482422,15.920000076293944,16.030000686645508,2558700.0,47.02864236849769,51.01989257034065,50.88744643052646,44.15211573651316,42.72968811362704,4.27,100.0,-0.3,4.61
BTSG,2025-03-11,16.06999969482422,17.239999771118164,16.0,16.790000915527344,2523300.0,47.78693019564191,51.88383659254389,51.38926948790318,44.434301612209,42.94425337374189,4.28,100.0,-0.29,4.32
BTSG,2025-03-12,17.43000030517578,18.440000534057617,17.183000564575195,17.760000228881836,2370900.0,50.68788041524952,53.19145017921003,52.120705337241965,44.842482526861104,43.278343954510916,4.29,100.0,-0.25,3.94
BTSG,2025-03-13,17.979999542236328,17.979999542236328,16.690000534057617,16.959999084472656,1337800.0,49.33900342317246,53.80213854981155,52.25933898128602,45.17902346239623,43.51795972940028,4.3,100.0,-0.23,3.97
BTSG,2025-03-14,17.139999389648438,17.440000534057617,16.93000030517578,17.420000076293945,804600.0,49.72505493131379,53.62220098086734,52.4220191456029,45.226963131696166,43.57421713321488,4.31,100.0,-0.21,3.86
BTSG,2025-03-17,17.290000915527344,17.780000686645508,17.290000915527344,17.450000762939453,848700.0,49.62641154727942,53.49233548983739,52.31551661337504,45.21329397077838,43.29081404821367,4.31,99.0,-0.18,3.94
BTSG,2025-03-18,17.229999542236328,17.780000686645508,17.149999618530273,17.719999313354492,1201700.0,49.98708761753803,53.41448317512817,52.33547683025069,45.238194222782454,42.8290351424019,4.3,99.0,-0.15,3.9
BTSG,2025-03-19,17.68000030517578,18.64999961853028,17.40999984741211,18.34000015258789,1238500.0,51.596954468296715,51.601199435772436,52.603803238758594,45.064852224006835,42.943154149096905,4.29,100.0,-0.12,3.74
BTSG,2025-03-20,18.059999465942383,18.459999084472656,17.8799991607666,18.1299991607666,1381300.0,51.59091724862911,51.650197274128764,52.526231398745274,44.86367352131679,42.453686249441056,4.28,99.0,-0.08,3.77
BTSG,2025-03-21,17.8700008392334,18.06999969482422,17.639999389648438,18.049999237060547,1829700.0,50.69549489347277,51.59697767254685,52.47154817816517,44.85622580314778,42.27611755003175,4.25,98.0,-0.04,3.79
BTSG,2025-03-24,18.440000534057617,18.850000381469727,18.18000030517578,18.690000534057617,1933900.0,52.057997463723005,52.0523560138974,52.731815004602446,44.97757651410594,42.318781571093645,4.22,100.0,-0.0,3.63
BTSG,2025-03-25,18.61000061035156,18.9950008392334,18.290000915527344,18.63999938964844,1409300.0,51.925239364545085,52.05783354035663,52.67372452748271,44.93175500299092,42.17403000201509,4.18,99.0,0.04,3.68
BTSG,2025-03-26,18.63999938964844,18.8799991607666,18.270000457763672,18.46999931335449,762600.0,51.884684947208825,52.07241189159439,52.690989638974564,44.93229708848822,42.11765591194826,4.13,99.0,0.08,3.69
BTSG,2025-03-27,18.290000915527344,18.790000915527344,17.93000030517578,18.40999984741211,909700.0,51.83382614390252,51.58775887753373,51.71872905454434,44.92733155355851,42.11625815079763,4.07,89.0,0.1,4.0
BTSG,2025-03-28,18.350000381469727,18.3799991607666,17.809999465942383,18.030000686645508,866500.0,51.498295795922,51.78643885274775,51.846355927481135,44.9990786531971,42.158088355271985,4.0,89.0,0.1,3.96
BTSG,2025-03-31,17.68000030517578,18.31999969482422,17.639999389648438,18.09000015258789,1450900.0,51.558757083375895,51.78867044009928,46.743930402831744,44.96188168294335,42.06720103416017,3.98,72.0,0.11,2.34
BTSG,2025-04-01,17.959999084472656,18.280000686645508,17.649999618530273,17.940000534057617,1649500.0,51.452258343684775,51.70828336603168,46.575358466306085,44.974681141293324,41.566747005205976,3.96,71.0,0.14,2.41
BTSG,2025-04-02,17.6299991607666,18.440000534057617,17.6299991607666,18.18000030517578,1403900.0,49.415381656216404,51.65334288084683,46.00928945759333,44.92607330153048,41.572405353568,3.94,59.0,0.14,2.62
BTSG,2025-04-03,17.639999389648438,18.14999961853028,17.229999542236328,17.780000686645508,1112700.0,49.350965842542685,51.37290240467871,45.701827398950044,44.54417646801417,41.44042305245327,3.92,54.0,0.14,2.75
BTSG,2025-04-04,17.010000228881836,17.674999237060547,16.850000381469727,17.149999618530273,1593400.0,48.73402041838059,51.80520381611578,45.77952070365684,44.743909966529635,41.59083510727471,3.91,54.0,0.12,2.74
BTSG,2025-04-07,16.40999984741211,17.790000915527344,16.075000762939453,17.280000686645508,1689300.0,48.85423871133054,51.82895533472925,45.46082740746994,44.679994209148646,41.5617254083395,3.89,52.0,0.13,2.89
BTSG,2025-04-08,18.059999465942383,18.100000381469727,16.229999542236328,16.389999389648438,1833000.0,50.805001400058345,52.92354960395195,46.01278600922867,45.15014030520501,41.91419368592083,3.88,59.0,0.14,2.73
BTSG,2025-04-09,16.260000228881836,18.229999542236328,16.139999389648438,18.13999938964844,1693900.0,59.4880322371087,56.908678299429795,48.70092415347665,46.60406663633251,43.0464723634647,3.88,83.0,0.16,2.79
BTSG,2025-04-10,17.690000534057617,18.0,16.979999542236328,17.40999984741211,1089600.0,60.55510301379087,57.22274489184753,49.10618725160323,46.850490904365586,43.26296944839936,3.88,85.0,0.18,2.66
BTSG,2025-04-11,17.5,17.549999237060547,16.510000228881836,17.09000015258789,1471200.0,60.685775502267816,57.29086267921916,49.04707694736877,46.88947148232966,43.311930494412586,3.89,84.0,0.17,2.68
BTSG,2025-04-14,17.389999389648438,17.549999237060547,16.93000030517578,17.100000381469727,1216800.0,59.68560901200382,57.011432063096,48.899037753819314,46.8890134462282,43.311163010657936,3.89,82.0,0.19,2.76
BTSG,2025-04-15,17.110000610351562,17.6200008392334,16.860000610351562,17.079999923706055,981100.0,59.46814337618718,57.001639045687035,48.28374185875629,46.84287402392563,43.13437228420728,3.89,79.0,0.18,2.96
BTSG,2025-04-16,16.93000030517578,17.334999084472656,16.610000610351562,16.809999465942383,924700.0,59.42092950818629,51.268427595023894,48.342647137567155,46.87235911541126,43.05801006476227,3.89,79.0,0.16,2.94
BTSG,2025-04-17,16.68000030517578,16.940000534057617,16.395000457763672,16.600000381469727,1122800.0,56.5247283539257,51.16351037254883,48.35750153582673,46.87955713869007,43.05487381916716,3.88,79.0,0.14,2.95
BTSG,2025-04-21,16.469999313354492,16.559999465942383,15.484000205993652,15.619999885559082,869000.0,58.87383811657936,52.272686912780976,49.274771730726066,47.379569508605556,43.401456905982236,3.88,85.0,0.12,2.7
BTSG,2025-04-22,15.880000114440918,16.239999771118164,15.69499969482422,16.09000015258789,1161000.0,54.1064397181572,51.15397138387655,49.52683408926601,47.46715338152474,43.49156386034696,3.88,85.0,0.09,2.57
BTSG,2025-04-23,16.600000381469727,16.90999984741211,16.18000030517578,16.270000457763672,1404700.0,52.43074152766262,50.43667333934064,49.4992251257856,46.16960054332984,43.45824350359395,3.88,84.0,0.08,2.59
BTSG,2025-04-24,16.3700008392334,16.780000686645508,16.3700008392334,16.549999237060547,1213500.0,49.88596264716605,50.08159654843391,49.53685779164221,46.2033088497016,43.478442871184804,3.88,85.0,0.06,2.55
BTSG,2025-04-25,16.40999984741211,17.030000686645508,16.25,16.920000076293945,844000.0,48.58902482627913,49.36155948346978,49.59682208534892,46.25983885629778,43.520975695771895,3.88,85.0,0.06,2.52
BTSG,2025-04-28,17.059999465942383,17.420000076293945,16.93000030517578,17.309999465942383,745500.0,48.41162067167416,49.417296872026824,49.69205616464164,46.321882789181345,43.56790567199719,3.87,85.0,0.08,2.48
BTSG,2025-04-29,17.280000686645508,17.540000915527344,16.34000015258789,17.530000686645508,861700.0,48.55248200181095,49.356656027212914,49.71118546931363,46.26268927355428,43.42387012516964,3.86,85.0,0.09,2.46
BTSG,2025-04-30,17.280000686645508,17.65999984741211,17.1200008392334,17.530000686645508,934500.0,48.33819886474885,49.32357937118674,49.70632450212713,46.263460071150845,43.4011556704353,3.86,84.0,0.11,2.46
BTSG,2025-05-01,17.889999389648438,18.36000061035156,17.459999084472656,17.899999618530273,2342100.0,47.648151729638556,49.599351859193575,49.77657406780267,46.312505607797526,43.34697904825414,3.85,85.0,0.11,2.41
BTSG,2025-05-02,20.36000061035156,20.950000762939453,19.39999961853028,20.8700008392334,4015300.0,65.19932219227573,59.23924895586723,55.42076432793047,49.60981956049816,45.8620547881698,3.92,100.0,0.01,4.18
BTSG,2025-05-05,21.3799991607666,21.8799991607666,20.700000762939453,21.14999961853028,4030900.0,65.18666675084097,58.765104081843845,55.409879601831925,49.58811122239425,45.87113867715672,3.98,99.0,-0.1,4.15
BTSG,2025-05-06,20.600000381469727,22.0049991607666,20.34000015258789,21.82999992370605,8770200.0,65.06714048326653,59.05473741517404,55.55691689421269,49.65676538650399,45.83529645854748,4.05,100.0,-0.23,4.03
BTSG,2025-05-07,22.15999984741211,23.07999992370605,22.01000022888184,23.040000915527344,3934500.0,66.52645207742451,60.07359320020343,56.140863291975464,50.01563124614774,45.97819902498866,4.11,100.0,-0.38,3.75
BTSG,2025-05-08,23.350000381469727,23.450000762939453,21.625,22.520000457763672,4509000.0,66.93276234374281,60.19655502814645,56.27916795916467,50.10970180323247,46.03723487122776,4.18,100.0,-0.51,3.71
BTSG,2025-05-09,22.34000015258789,22.95499992370605,22.15999984741211,22.81999969482422,2128800.0,66.89222089760001,60.17942303439753,56.15466537188336,50.077675639814956,46.04804068915016,4.23,99.0,-0.63,3.73
BTSG,2025-05-12,23.459999084472656,23.770000457763672,22.06999969482422,22.350000381469727,3060500.0,66.89055108028876,60.22336955006862,56.04403542604297,50.15379435659197,46.09172164340247,4.29,97.0,-0.74,3.84
BTSG,2025-05-13,22.5,24.07999992370605,22.209999084472656,23.239999771118164,3414300.0,67.51099641357065,60.74570276821155,56.30372081968878,50.25415200126165,46.225310989318466,4.34,100.0,-0.83,3.7
BTSG,2025-05-14,23.39999961853028,23.90999984741211,23.200000762939453,23.489999771118164,4172400.0,67.3275426725355,60.77472009787158,56.18138875144042,49.97265163377163,46.15513364018908,4.38,98.0,-0.92,3.72
BTSG,2025-05-15,23.459999084472656,24.030000686645508,22.96500015258789,24.020000457763672,1525100.0,67.42838017660885,59.66057159716217,54.88521900880372,50.00631604440048,46.194850231156956,4.42,91.0,-0.98,4.01
BTSG,2025-05-16,24.020000457763672,24.799999237060547,23.90999984741211,24.43000030517578,1808700.0,66.78927715618488,59.47454437461912,54.90926904630704,50.015340549821616,46.21523832362837,4.46,91.0,-1.01,3.97
BTSG,2025-05-19,24.15999984741211,24.354999542236328,23.950000762939453,24.11000061035156,1591500.0,65.72036918143768,58.7079686012138,54.95065500919335,50.05002736215476,46.17123599313786,4.49,91.0,-1.07,3.98
BTSG,2025-05-20,24.01000022888184,24.01499938964844,23.63999938964844,23.81999969482422,1461700.0,66.06510809196702,58.77798141592563,55.000927517530876,50.07804932806895,46.13878670933657,4.52,91.0,-1.13,3.98
BTSG,2025-05-21,23.71999931335449,24.100000381469727,23.420000076293945,23.739999771118164,1590800.0,63.430571644993364,58.79431400469942,55.01047851229617,50.02787168939567,46.14193789967706,4.5,91.0,-1.19,3.98
BTSG,2025-05-22,23.59000015258789,23.729999542236328,22.709999084472656,22.920000076293945,1792300.0,58.95446550530438,59.236927287339725,55.33475897468668,50.23231193911596,46.29627620124446,4.49,91.0,-1.25,3.89
BTSG,2025-05-23,22.90999984741211,23.299999237060547,22.76000022888184,23.229999542236328,1101700.0,57.11605197792616,59.26998695532754,55.05518911450681,50.095901399874464,46.2147720441872,4.47,90.0,-1.3,3.96
BTSG,2025-05-27,23.8700008392334,24.01000022888184,22.920000076293945,23.3799991607666,1330000.0,56.50116654245587,59.273680831593346,55.054470281982795,50.096920953101346,46.14096826795815,4.45,89.0,-1.35,3.95
BTSG,2025-05-28,23.38999938964844,23.652999877929688,23.0,23.200000762939453,1126200.0,56.67835159852629,58.60995145391017,55.08086415650808,50.10334774558347,46.14745453188082,4.42,90.0,-1.39,3.95
BTSG,2025-05-29,23.46999931335449,24.5049991607666,23.1200008392334,23.39999961853028,1927300.0,56.579192234476785,58.4136538310868,55.03991641028932,50.10093335269167,46.13399449465455,4.39,87.0,-1.43,3.98
BTSG,2025-05-30,23.25,23.95499992370605,23.0,23.809999465942383,2914300.0,56.04824316017919,58.44764044564057,55.03749223342523,49.95565684000759,46.15215520801455,4.35,86.0,-1.46,3.98
BTSG,2025-06-02,23.950000762939453,24.420000076293945,23.10099983215332,23.93000030517578,2150200.0,55.61906159549572,56.626595392230215,54.71709553608958,49.949563441683445,46.15148826072931,4.31,80.0,-1.49,4.09
BTSG,2025-06-03,23.88999938964844,23.959999084472656,23.3700008392334,23.64999961853028,1833900.0,51.699053071258184,56.704306556576945,54.726401681894174,49.810513624460924,46.171227366848846,4.27,80.0,-1.52,4.12
BTSG,2025-06-04,23.790000915527344,23.98699951171875,23.31999969482422,23.57999992370605,2342500.0,51.69591327471993,53.427466160771594,54.730740436164616,49.776690787651425,46.129135497131756,4.22,80.0,-1.54,4.12
BTSG,2025-06-05,23.540000915527344,23.56999969482422,23.21999931335449,23.5,1735300.0,51.906282194927286,52.810047914488344,54.708157359015274,49.781730209745355,46.08617496460851,4.16,77.0,-1.55,4.12
BTSG,2025-06-06,23.709999084472656,24.1299991607666,23.39999961853028,24.11000061035156,1529500.0,52.03437205781524,51.92464638827118,54.82237044178998,49.534280514493254,46.138056081206656,4.11,80.0,-1.57,4.04
BTSG,2025-06-09,24.82999992370605,25.56999969482422,23.5,23.86000061035156,2483400.0,52.36774207950764,50.927831271296775,54.70163016523386,49.53514374960053,46.15630858687736,4.04,75.0,-1.58,4.15
BTSG,2025-06-10,23.670000076293945,23.86599922180176,20.520000457763672,22.239999771118164,4006400.0,57.3332982134678,53.05350565979441,55.90521508421964,50.27120861773455,46.72489681218906,3.99,94.0,-1.58,3.83
BTSG,2025-06-11,22.020000457763672,22.25,21.61000061035156,21.88999938964844,7090300.0,57.74188403014939,53.20892996525826,55.84135894677017,50.24687996464073,46.49319892614274,3.93,93.0,-1.58,3.91
BTSG,2025-06-12,21.989999771118164,22.13500022888184,21.420000076293945,21.600000381469727,6806600.0,58.019190031799525,53.26717135631838,55.8911626313389,50.241152056346806,46.47420573197759,3.85,93.0,-1.58,3.9
BTSG,2025-06-13,21.299999237060547,21.75,21.152000427246094,21.18000030517578,5196300.0,58.36160248176918,53.07067302885734,52.72789139591075,50.28623081115878,46.38617788565899,3.81,70.0,-1.58,4.27
BTSG,2025-06-16,21.280000686645508,21.450000762939453,20.86100006103516,21.31999969482422,3514500.0,37.98331430032665,52.99755617629932,52.68964750598598,50.23804218116077,46.38706632068058,3.76,68.0,-1.58,4.3
BTSG,2025-06-17,21.100000381469727,21.770000457763672,21.0,21.350000381469727,2425100.0,37.79592168132913,52.977551466810525,52.62140878209581,50.191713304500475,46.33346325878276,3.72,66.0,-1.58,4.35
BTSG,2025-06-18,21.290000915527344,22.424999237060547,21.020000457763672,22.3799991607666,3883800.0,39.151973943839444,53.3529999284023,52.36394313538197,50.43868126959882,46.50970503600477,3.68,61.0,-1.57,4.46
BTSG,2025-06-20,22.3700008392334,22.46999931335449,21.8799991607666,22.270000457763672,2740300.0,35.78467323437806,53.36521475209991,51.99613618427207,50.37095694858332,46.506307725191434,3.64,56.0,-1.57,4.7
BTSG,2025-06-23,22.5,23.0049991607666,22.059999465942383,22.770000457763672,2986100.0,35.79234826078176,53.447838016649015,51.68068997923003,50.423223046151875,46.538254493992696,3.61,53.0,-1.57,4.79
BTSG,2025-06-24,23.040000915527344,23.270000457763672,22.700000762939453,22.88999938964844,2166400.0,35.61742545077793,53.43043949234828,51.20744221254833,50.42433360998957,46.521509280925606,3.58,51.0,-1.56,5.09
BTSG,2025-06-25,22.96999931335449,23.0,22.475000381469727,22.61000061035156,1729300.0,35.267113048801654,53.29163846828322,51.132721334254505,50.444454706391525,46.51954018660438,3.55,50.0,-1.57,5.18
BTSG,2025-06-26,22.68000030517578,23.145000457763672,22.540000915527344,23.07999992370605,1888000.0,33.886607666858815,53.40257859663817,51.07066333301004,50.49034122363189,46.52944248229262,3.52,49.0,-1.56,5.15
BTSG,2025-06-27,23.040000915527344,23.59000015258789,22.8700008392334,23.540000915527344,6956800.0,34.239179126446494,53.434218631075744,51.16231968438917,50.50347820097093,46.52801643824993,3.49,50.0,-1.57,5.08
BTSG,2025-06-30,23.75,23.780000686645508,23.239999771118164,23.59000015258789,2571500.0,33.59346709103807,53.40501417442902,51.1419440982185,50.410678115313125,46.51938961918719,3.46,49.0,-1.57,5.08
BTSG,2025-07-01,23.32999992370605,23.520000457763672,22.21999931335449,22.270000457763672,3323100.0,36.98483252444191,54.633249150071194,51.95013134826627,50.886086384178576,46.91356390935311,3.42,55.0,-1.56,4.74
BTSG,2025-07-02,22.21999931335449,22.21999931335449,21.36199951171875,22.0,4037600.0,36.96250881235863,54.10635455590177,51.58728760395503,50.90811559092621,46.71100419267887,3.39,51.0,-1.55,4.91
BTSG,2025-07-03,21.96999931335449,22.200000762939453,21.56999969482422,22.1200008392334,1008400.0,36.93898587747725,54.10241568602557,51.531303004672345,50.908635251659106,46.55182228145552,3.36,50.0,-1.55,4.92
BTSG,2025-07-07,22.11000061035156,22.39999961853028,21.73500061035156,22.0,1588300.0,36.948258219744645,52.8263907821106,51.52540329687879,50.9106095091426,46.5483968076866,3.33,49.0,-1.55,4.94
BTSG,2025-07-08,22.059999465942383,22.166000366210938,21.26000022888184,21.440000534057617,1906200.0,36.324222095291525,49.20614910449711,51.64294434580805,51.009784584191586,46.607396034530545,3.28,51.0,-1.55,4.88
BTSG,2025-07-09,21.65999984741211,21.739999771118164,21.1200008392334,21.38999938964844,1212800.0,36.01972497618196,48.36456014008576,51.5987342720481,50.790169975373146,46.5761941554685,3.24,50.0,-1.54,4.89
BTSG,2025-07-10,21.290000915527344,21.325000762939453,20.809999465942383,20.86000061035156,1213300.0,36.47701532538719,48.50984574176147,51.65976563589106,50.88833979418349,46.644087514470094,3.2,51.0,-1.53,4.91
BTSG,2025-07-11,20.780000686645508,20.780000686645508,20.2450008392334,20.309999465942383,1270400.0,37.065227852496754,48.896870241470566,51.826252487347766,50.93995239992244,46.72901943085168,3.15,53.0,-1.52,4.84
BTSG,2025-07-14,20.309999465942383,20.520000457763672,20.09000015258789,20.309999465942383,1625300.0,36.886307090425355,48.8933308619378,51.819346814038525,50.92101081252521,46.71941650276703,3.1,52.0,-1.51,4.85
BTSG,2025-07-15,20.209999084472656,20.3700008392334,19.94499969482422,20.059999465942383,1461200.0,36.34193224232053,48.84036536346647,51.036707326453225,50.94672946309146,46.71620152622921,3.06,37.0,-1.51,5.18
BTSG,2025-07-16,20.190000534057617,20.21999931335449,19.770000457763672,20.059999465942383,1690900.0,36.24190285735389,48.737616722788495,50.89378308309575,50.88020446519397,46.712973430079956,3.03,36.0,-1.51,5.24
BTSG,2025-07-17,19.979999542236328,20.15999984741211,19.799999237060547,20.100000381469727,966200.0,36.26703554556969,46.87879265218017,50.369649899635505,50.844551173897436,46.66595078505481,3.0,34.0,-1.5,5.48
BTSG,2025-07-18,20.155000686645508,20.459999084472656,19.854999542236328,19.94499969482422,1140000.0,36.26533831448956,46.637646871470054,50.38212177563204,50.85318030488744,46.34578120003244,2.98,34.0,-1.5,5.48
BTSG,2025-07-21,19.96999931335449,20.190000534057617,19.63500022888184,19.709999084472656,1082800.0,36.3038836635898,46.7165323388347,50.41580657580462,50.83911414924548,46.3461025231931,2.95,34.0,-1.5,5.48
BTSG,2025-07-22,19.6299991607666,20.21999931335449,19.61000061035156,20.14999961853028,2546400.0,36.05013658867044,46.791358236294315,50.49508926934428,50.89236262963822,46.34229226938565,2.92,34.0,-1.5,5.38
BTSG,2025-07-23,20.309999465942383,21.354999542236328,20.280000686645508,21.299999237060547,2759400.0,40.172086744649135,47.85369709704735,51.244625480273186,50.74089066443277,46.6466429565863,2.88,42.0,-1.5,4.92
BTSG,2025-07-24,21.25,21.25,20.63999938964844,20.65999984741211,2112800.0,35.8701691661418,48.19745732583465,51.487618783383795,50.88596572020906,46.72043877205477,2.85,43.0,-1.5,4.82
BTSG,2025-07-25,20.75,21.100000381469727,20.530000686645508,20.530000686645508,3664100.0,35.66622029621376,48.19128203413811,51.0704518782377,48.091157508413396,46.70297934857297,2.82,35.0,-1.48,5.01
BTSG,2025-07-28,20.65999984741211,20.65999984741211,20.229999542236328,20.479999542236328,1756000.0,35.50839028711961,48.199562745036225,50.96607555662938,47.98712681048221,46.687486576198644,2.8,33.0,-1.47,5.05
BTSG,2025-07-29,20.549999237060547,20.549999237060547,20.02499961853028,20.100000381469727,1739900.0,35.46969582985339,48.24107862889726,51.02722676065496,47.72287231584554,46.733478450717115,2.77,33.0,-1.45,5.05
BTSG,2025-07-30,20.700000762939453,21.350000381469727,20.3700008392334,21.309999465942383,4846600.0,39.48672881450814,38.416991150283906,50.726885186755155,47.985616530412344,47.04056833883643,2.75,29.0,-1.43,5.0
BTSG,2025-07-31,21.06999969482422,21.48500061035156,20.39999961853028,20.64999961853028,4764400.0,40.51940228141495,38.864608027081296,50.96623075109786,48.00552891077187,47.14896537885501,2.74,32.0,-1.4,4.92
BTSG,2025-08-01,19.902000427246094,20.190000534057617,19.229999542236328,19.63999938964844,5728400.0,40.26481413711505,39.59223757592103,49.671520448322006,48.21274331632095,47.420800496704715,2.74,20.0,-1.38,5.15
BTSG,2025-08-04,20.020000457763672,20.229999542236328,19.01000022888184,19.36000061035156,3567300.0,40.369156227123234,37.92687101061155,49.22629378385345,48.15962831972967,47.390743804957175,2.76,15.0,-1.36,5.51
BTSG,2025-08-05,19.46999931335449,20.06999969482422,19.190000534057617,19.850000381469727,2663400.0,40.53837393004919,38.11947283138517,48.5885397669565,48.158398696138605,47.42415132873262,2.78,11.0,-1.33,5.92
BTSG,2025-08-06,19.739999771118164,20.65999984741211,19.51000022888184,20.5,2469100.0,41.83904451782255,38.64080649856667,48.24106716909375,48.30322865436861,46.582479551546555,2.8,8.0,-1.29,5.99
BTSG,2025-08-07,20.61000061035156,20.84000015258789,20.075000762939453,20.459999084472656,1677200.0,41.76096551629067,38.43698482702854,48.07940410839515,48.21647818626368,46.5842823307936,2.82,8.0,-1.25,6.16
BTSG,2025-08-08,20.57999992370605,20.90999984741211,20.51000022888184,20.780000686645508,1607900.0,41.53461603157005,37.67238073346619,48.130094682821706,48.17729966187787,46.60037602870848,2.85,9.0,-1.21,6.09
BTSG,2025-08-11,21.0,21.30500030517578,20.6299991607666,20.65999984741211,1304400.0,40.94857373092281,37.588966441268525,48.09496005635058,47.8157058731856,46.606465205623955,2.87,9.0,-1.17,6.16
BTSG,2025-08-12,20.770000457763672,21.84000015258789,20.770000457763672,21.71999931335449,2419100.0,43.85777394187708,38.7699875872268,48.42992838795419,48.17184216956264,46.79699378031877,2.89,15.0,-1.14,5.93
BTSG,2025-08-13,21.75,22.420000076293945,21.57999992370605,22.38999938964844,3035000.0,41.656428445398504,39.142039902788575,48.595491664345055,48.292299880772326,46.87979329053194,2.9,17.0,-1.1,5.74
BTSG,2025-08-14,22.18000030517578,22.684999465942383,22.155000686645508,22.57999992370605,1935800.0,41.5530454884379,39.11619144875705,48.594406630817616,48.29895086537954,46.88145931686951,2.92,17.0,-1.07,5.72
BTSG,2025-08-15,22.780000686645508,22.84499931335449,22.36000061035156,22.440000534057617,1886600.0,41.578953696432784,39.06402865103694,48.32959742045441,48.30642840993989,46.86176431872068,2.93,13.0,-1.04,5.97
BTSG,2025-08-18,22.459999084472656,23.170000076293945,22.459999084472656,23.09000015258789,1715000.0,42.31919517460517,39.5262870077088,48.509443487609175,48.38900650887504,46.90849328275774,2.94,17.0,-1.01,5.79
BTSG,2025-08-19,23.100000381469727,23.32999992370605,22.920000076293945,23.18000030517578,2517900.0,41.51620568238589,38.86715709050507,48.47626911477766,48.35057283662489,46.87203891271683,2.96,17.0,-0.97,5.79
BTSG,2025-08-20,23.21500015258789,23.84000015258789,23.09000015258789,23.6299991607666,2128900.0,41.76304953281584,38.969474010504406,48.54236395173286,48.364226010634304,46.9003417354241,2.97,19.0,-0.94,5.71
BTSG,2025-08-21,23.63999938964844,24.21999931335449,23.63999938964844,23.959999084472656,1893700.0,40.97914210005884,39.04927282830399,48.4299920075109,48.367188978672125,46.911596078459226,2.99,17.0,-0.88,5.72
BTSG,2025-08-22,23.959999084472656,24.8799991607666,23.878999710083008,24.8700008392334,2847300.0,40.92389902328619,39.73200697844428,48.737507737522925,48.53104271954686,47.00154368129287,2.96,24.0,-0.82,5.47
BTSG,2025-08-25,24.700000762939453,24.89999961853028,23.729999542236328,24.07999992370605,2481200.0,42.428466344872376,40.284590918448835,49.02897336668025,48.688876480770446,47.12857958474493,2.93,25.0,-0.76,5.32
BTSG,2025-08-26,24.15999984741211,24.2549991607666,23.75,23.96999931335449,2385000.0,42.19939586806964,40.14236561758863,49.0150458573083,48.65841589624624,47.07994354722,2.89,24.0,-0.7,5.36
BTSG,2025-08-27,23.76000022888184,24.09499931335449,23.76000022888184,23.93000030517578,1550500.0,42.222579305931845,40.13079993446839,48.85634448935802,48.63842628629506,46.853272136279024,2.84,22.0,-0.63,5.43
BTSG,2025-08-28,24.01000022888184,24.23500061035156,23.600000381469727,23.729999542236328,1144100.0,42.41253005346623,40.094448525789325,48.48943255768256,48.624281561445315,46.85132081214341,2.8,14.0,-0.54,5.62
BTSG,2025-08-29,23.729999542236328,23.850000381469727,23.40999984741211,23.690000534057617,1335700.0,42.28396068874902,40.091193174600306,48.49073668630945,48.589540262545114,46.84338508787451,2.75,14.0,-0.43,5.63
BTSG,2025-09-02,23.25,23.950000762939453,22.86000061035156,23.8799991607666,1545000.0,41.956559874562856,40.116931913283615,47.655872611855465,48.575709847453965,46.84405301038033,2.72,1.0,-0.35,6.01
BTSG,2025-09-03,23.799999237060547,24.309999465942383,23.530000686645508,24.07999992370605,1842900.0,41.698525112998205,39.80542948722483,45.01683551492935,48.57954968190524,46.84129752163591,2.79,1.0,-0.25,7.05
BTSG,2025-09-04,24.059999465942383,24.34000015258789,23.8799991607666,24.09000015258789,1646900.0,38.97644878946558,39.746380367506234,44.465194394988636,48.48722456581996,46.80247671934962,2.86,1.0,-0.13,7.41
BTSG,2025-09-05,23.799999237060547,24.20499992370605,23.690000534057617,24.1299991607666,1369200.0,37.58447674865933,36.933321624105645,44.32852502327714,48.33432339689933,46.79990117014571,2.94,1.0,0.01,7.5
BTSG,2025-09-08,24.59000015258789,25.72900009155273,24.489999771118164,25.479999542236328,6309800.0,40.01647443470574,38.31732730769521,45.058273843686536,48.70494254152265,46.96743005002934,3.0,4.0,0.13,6.84
BTSG,2025-09-09,25.06999969482422,26.420000076293945,25.059999465942383,26.239999771118164,4846316.0,40.41165242916744,38.561366249702864,45.2300683097626,48.72949555332377,47.04317959862753,3.05,5.0,0.28,6.65
BTSG,2025-09-10,26.43000030517578,28.325000762939453,25.920000076293945,28.07999992370605,7593980.0,43.079929667041185,40.46030825171027,46.21829655348917,48.48794138511812,47.4823559958563,3.08,6.0,0.58,5.94
BTSG,2025-09-11,27.549999237060547,28.43000030517578,27.51000022888184,27.989999771118164,3565586.0,40.84433898485686,40.49059773436727,46.15087349865844,48.48376543963745,47.48139025246856,3.1,6.0,0.77,5.97
BTSG,2025-09-12,27.75,28.239999771118164,26.190000534057617,26.450000762939453,4179131.0,43.57071118640452,42.38246032190068,46.00035034982056,48.972256523845445,47.72114810870882,3.14,6.0,0.69,6.02
,2025-09-15,26.190099716186523,27.43000030517578,25.93000030517578,27.18000030517578,3066396.0,40.1995100793343,41.70011391888776,45.96929055529417,49.056898927891474,47.780023517225395,3.18,6.0,0.64,6.05
