Ticker,Contract Name,Type,Expiry,Strike,Moneyness,Bid,Ask,Volume,Open Interest,Bid Stock,Ask Stock,Last Stock Price,Implied Volatility,Expiry_dt,Years_to_Expiry,Forward,LogMoneyness,IV_bid,IV_ask,IV_mid,IV_spread,Delta,Ivol/Rvol100d Ratio,Smoothed_IV,TotalVariance,Call Local Vol,Put Local Vol,Realised Vol 100d,IV_mid_binomial
MMM,MMM260320P00105000,Put,2026-03-20,105.0,1.6913557922996345,0.58,1.07,2.0,19.0,154.49,155.04,154.765,,2026-03-20,0.5010266940451745,62.080373909523686,0.5255304512735771,,,,,,,,,,,0.24363342383103007,
MMM,MMM250919P00150000,Put,2025-09-19,150.0,0.9740481093240118,0.05,0.29,12.0,1403.0,154.49,155.04,154.765,0.4076752904680824,2025-09-19,0.0027378507871321013,153.99650034134334,-0.026294583002943253,,,0.4076752904680824,,,1.6733142934888203,,,,,0.24363342383103007,0.4076752904680824
MMM,MMM251121P00105000,Put,2025-11-21,105.0,0.9329540463675892,0.05,0.2,13.0,532.0,154.49,155.04,154.765,0.1067809926015535,2025-11-21,0.17522245037645448,112.54573621156621,-0.06939933297309922,,,0.1067809926015535,,,0.43828548202651607,,,,,0.24363342383103007,0.1067809926015535
MMM,MMM251024C00165000,Call,2025-10-24,165.0,1.275370854196148,1.65,2.97,5.0,21.0,154.49,155.04,154.765,0.7156845909969751,2025-10-24,0.09856262833675565,129.3741341642919,0.24323700235325935,,,0.7156845909969751,,,2.9375468264704607,0.0,0.0,,,0.24363342383103007,0.7156845909969751
MMM,MMM260320C00230000,Call,2026-03-20,230.0,3.7048745926563424,0.22,0.67,21.0,244.0,154.49,155.04,154.765,0.8787411386269391,2026-03-20,0.5010266940451745,62.080373909523686,1.309649410039249,,,0.8787411386269391,,,3.6068168513544463,0.5079030126832697,0.129247586758581,,,0.24363342383103007,0.8787411386269391
MMM,MMM251024P00150000,Put,2025-10-24,150.0,1.1594280492692255,2.47,4.2,8.0,18.0,154.49,155.04,154.765,,2025-10-24,0.09856262833675565,129.3741341642919,0.14792682254893458,,,,,,,,,,,0.24363342383103007,
MMM,MMM250919C00170000,Call,2025-09-19,170.0,1.1039211905672133,0.01,0.08,23.0,7564.0,154.49,155.04,154.765,0.8880057273400718,2025-09-19,0.0027378507871321013,153.99650034134334,0.09886855995106271,,,0.8880057273400718,,,3.644843607156056,0.0,0.0,,,0.24363342383103007,0.8880057273400718
MMM,MMM260116P00085000,Put,2026-01-16,85.0,0.9988857536170221,0.3,0.69,1.0,113.0,154.49,155.04,154.765,0.02824059606841388,2026-01-16,0.32854209445585214,85.09481659159735,-0.0011148676169935583,,,0.02824059606841388,,,0.11591429297484203,,,,,0.24363342383103007,0.02824059606841388
MMM,MMM270115P00115000,Put,2027-01-15,115.0,8.404267262325943,3.1,5.7,2.0,34.0,154.49,155.04,154.765,,2027-01-15,1.325119780971937,13.68352485831976,2.128739584276938,,,,,,,,,,,0.24363342383103007,
MMM,MMM260116P00095000,Put,2026-01-16,95.0,1.1164017246307896,0.15,0.45,4.0,418.0,154.49,155.04,154.765,,2026-01-16,0.32854209445585214,85.09481659159735,0.11011076749323093,,,,,,,,,,,0.24363342383103007,
MMM,MMM251017C00180000,Call,2025-10-17,180.0,1.343676968271539,0.12,0.34,1.0,444.0,154.49,155.04,154.765,0.5389050927611992,2025-10-17,0.07939767282683094,133.96076903182018,0.29540986222359167,,,0.5389050927611992,,,2.2119505784023805,0.0,0.0,,,0.24363342383103007,0.5389050927611992
MMM,MMM251024C00160000,Call,2025-10-24,160.0,1.2367232525538405,2.85,4.65,1.0,21.0,154.49,155.04,154.765,0.7826866784283911,2025-10-24,0.09856262833675565,129.3741341642919,0.21246534368650574,,,0.7826866784283911,,,3.212558712679821,0.0,0.0,,,0.24363342383103007,0.7826866784283911
MMM,MMM251003P00140000,Put,2025-10-03,140.0,0.9747287904952199,0.19,0.36,1.0,53.0,154.49,155.04,154.765,0.12238880616440957,2025-10-03,0.04106776180698152,143.62969614232048,-0.025596010273604648,,,0.12238880616440957,,,0.502348176370461,,,,,0.24363342383103007,0.12238880616440957
MMM,MMM251219P00115000,Put,2025-12-19,115.0,1.1750445994856649,0.31,0.67,1.0,126.0,154.49,155.04,154.765,,2025-12-19,0.2518822724161533,97.86862562522076,0.16130610388484973,,,,,,,,,,,0.24363342383103007,
MMM,MMM251024P00155000,Put,2025-10-24,155.0,1.198075650911533,4.75,6.3,3.0,7.0,154.49,155.04,154.765,,2025-10-24,0.09856262833675565,129.3741341642919,0.18071664537192536,,,,,,,,,,,0.24363342383103007,
MMM,MMM250926P00147000,Put,2025-09-26,147.0,0.9884160484404482,0.34,0.48,2.0,12.0,154.49,155.04,154.765,0.12093306296107231,2025-09-26,0.02190280629705681,148.7227976841745,-0.011651568212317796,,,0.12093306296107231,,,0.4963730388854381,,,,,0.24363342383103007,0.12093306296107231
MMM,MMM260618C00200000,Call,2026-06-18,200.0,5.059725070628545,2.93,4.25,2.0,16.0,154.49,155.04,154.765,1.375210766893253,2026-06-18,0.7474332648870636,39.52783940000815,1.6213121479553596,,,1.375210766893253,,,5.644589914095772,1.898016167220229,2.692602453911068,,,0.24363342383103007,1.375210766893253
MMM,MMM251031P00135000,Put,2025-10-31,135.0,1.0804739614454337,0.82,1.21,1.0,21.0,154.49,155.04,154.765,,2025-10-31,0.11772758384668036,124.94516741467794,0.0773997980584474,,,,,,,,,,,0.24363342383103007,
MMM,MMM251003P00145000,Put,2025-10-03,145.0,1.0095405330129064,0.38,0.69,3.0,118.0,154.49,155.04,154.765,,2025-10-03,0.04106776180698152,143.62969614232048,0.009495309537665515,,,,,,,,,,,0.24363342383103007,
MMM,MMM250919P00162500,Put,2025-09-19,162.5,1.0552187851010126,7.15,9.4,1.0,9.0,154.49,155.04,154.765,,2025-09-19,0.0027378507871321013,153.99650034134334,0.053748124670593075,,,,,,,,,,,0.24363342383103007,
MMM,MMM251031P00145000,Put,2025-10-31,145.0,1.160509069700651,2.25,2.97,2.0,11.0,154.49,155.04,154.765,,2025-10-31,0.11772758384668036,124.94516741467794,0.14885876204059237,,,,,,,,,,,0.24363342383103007,
MMM,MMM260417P00125000,Put,2026-04-17,125.0,2.3167689517563503,2.66,3.35,4.0,7.0,154.49,155.04,154.765,,2026-04-17,0.5776865160848734,53.954452344174015,0.840173521771201,,,,,,,,,,,0.24363342383103007,
MMM,MMM251024C00155000,Call,2025-10-24,155.0,1.198075650911533,5.65,7.65,1.0,16.0,154.49,155.04,154.765,0.9273569639386761,2025-10-24,0.09856262833675565,129.3741341642919,0.18071664537192536,,,0.9273569639386761,,,3.8063618257150003,0.0,0.0,,,0.24363342383103007,0.9273569639386761
MMM,MMM250919P00152500,Put,2025-09-19,152.5,0.9902822444794119,0.32,0.6,44.0,311.0,154.49,155.04,154.765,0.32566744271766007,2025-09-19,0.0027378507871321013,153.99650034134334,-0.009765281051732709,,,0.32566744271766007,,,1.3367108568138173,,,,,0.24363342383103007,0.32566744271766007
MMM,MMM251031P00140000,Put,2025-10-31,140.0,1.1204915155730424,1.59,2.14,3.0,16.0,154.49,155.04,154.765,,2025-10-31,0.11772758384668036,124.94516741467794,0.11376744222932227,,,,,,,,,,,0.24363342383103007,
MMM,MMM250926C00165000,Call,2025-09-26,165.0,1.1094465849841766,0.16,0.25,28.0,71.0,154.49,155.04,154.765,0.42608849014356825,2025-09-26,0.02190280629705681,148.7227976841745,0.10386131890952657,,,0.42608849014356825,,,1.7488917712664842,0.0,0.0,,,0.24363342383103007,0.42608849014356825
MMM,MMM250919C00148000,Call,2025-09-19,148.0,0.9610608011996915,6.75,8.45,20.0,8.0,154.49,155.04,154.765,1.2343478734813171,2025-09-19,0.0027378507871321013,153.99650034134334,-0.039717603335084034,,,1.2343478734813171,,,5.066414345255801,0.0,0.0,,,0.24363342383103007,1.2343478734813171
MMM,MMM250926P00146000,Put,2025-09-26,146.0,0.9816921297435743,0.28,0.4,3.0,36.0,154.49,155.04,154.765,0.14491682990506252,2025-09-26,0.02190280629705681,148.7227976841745,-0.018477533282717694,,,0.14491682990506252,,,0.5948150611944295,,,,,0.24363342383103007,0.14491682990506252
MMM,MMM260417P00120000,Put,2026-04-17,120.0,2.2240981936860966,2.17,2.67,3.0,8.0,154.49,155.04,154.765,,2026-04-17,0.5776865160848734,53.954452344174015,0.7993515272509459,,,,,,,,,,,0.24363342383103007,
MMM,MMM250919C00147000,Call,2025-09-19,147.0,0.9545671471375314,7.65,9.8,3.0,13.0,154.49,155.04,154.765,1.389904450130334,2025-09-19,0.0027378507871321013,153.99650034134334,-0.04649729032046279,,,1.389904450130334,,,5.704900535709299,0.0,0.0,,,0.24363342383103007,1.389904450130334
MMM,MMM251024P00160000,Put,2025-10-24,160.0,1.2367232525538405,7.5,9.05,1.0,7.0,154.49,155.04,154.765,,2025-10-24,0.09856262833675565,129.3741341642919,0.21246534368650574,,,,,,,,,,,0.24363342383103007,
MMM,MMM260918P00105000,Put,2026-09-18,105.0,4.220242078207661,2.08,2.77,20.0,23.0,154.49,155.04,154.765,,2026-09-18,0.999315537303217,24.880089353687872,1.4398924909068251,,,,,,,,,,,0.24363342383103007,
MMM,MMM251219C00185000,Call,2025-12-19,185.0,1.890289138303026,0.79,1.31,24.0,255.0,154.49,155.04,154.765,0.7698790087712969,2025-12-19,0.2518822724161533,97.86862562522076,0.6367298005999245,,,0.7698790087712969,,,3.159989284989239,0.9241838989213507,0.21513664851565548,,,0.24363342383103007,0.7698790087712969
MMM,MMM251010C00170000,Call,2025-10-10,170.0,1.225569613182818,0.3,0.44,2.0,78.0,154.49,155.04,154.765,0.49730392787707656,2025-10-10,0.06023271731690623,138.71101092210347,0.20340572627549788,,,0.49730392787707656,,,2.0411974681354788,0.0,0.0,,,0.24363342383103007,0.49730392787707656
MMM,MMM270115P00095000,Put,2027-01-15,95.0,6.942655564530127,2.08,2.83,2.0,36.0,154.49,155.04,154.765,,2027-01-15,1.325119780971937,13.68352485831976,1.9376843475142287,,,,,,,,,,,0.24363342383103007,
MMM,MMM251121C00185000,Call,2025-11-21,185.0,1.6437761769333714,0.62,1.11,1.0,883.0,154.49,155.04,154.765,0.7168588417377323,2025-11-21,0.17522245037645448,112.54573621156621,0.49699614194770225,,,0.7168588417377323,,,2.9423665705034945,0.0,0.0,,,0.24363342383103007,0.7168588417377323
MMM,MMM251003C00165000,Call,2025-10-03,165.0,1.148787503083652,0.48,0.75,4.0,202.0,154.49,155.04,154.765,0.5009419086418978,2025-10-03,0.04106776180698152,143.62969614232048,0.13870704101767173,,,0.5009419086418978,,,2.0561296589146236,0.0,0.0,,,0.24363342383103007,0.5009419086418978
MMM,MMM260417C00190000,Call,2026-04-17,190.0,3.5214888066696526,3.0,3.6,1.0,9.0,154.49,155.04,154.765,1.2094581934913926,2026-04-17,0.5776865160848734,53.954452344174015,1.258883856629386,,,1.2094581934913926,,,4.9642539782645025,1.1893735578041649,0.817200810570263,,,0.24363342383103007,1.2094581934913926
MMM,MMM250919C00152500,Call,2025-09-19,152.5,0.9902822444794119,3.0,4.25,9.0,104.0,154.49,155.04,154.765,0.8797962037668084,2025-09-19,0.0027378507871321013,153.99650034134334,-0.009765281051732709,,,0.8797962037668084,,,3.6111473948540977,0.0,0.0,,,0.24363342383103007,0.8797962037668084
MMM,MMM250926C00140000,Call,2025-09-26,140.0,0.9413486175623316,14.4,16.95,1.0,8.0,154.49,155.04,154.765,1.2663207828739753,2025-09-26,0.02190280629705681,148.7227976841745,-0.060441732381749824,,,1.2663207828739753,,,5.197648019559999,0.0,0.0,,,0.24363342383103007,1.2663207828739753
MMM,MMM260618P00125000,Put,2026-06-18,125.0,3.1623281691428407,3.25,4.15,5.0,26.0,154.49,155.04,154.765,,2026-06-18,0.7474332648870636,39.52783940000815,1.1513085187096241,,,,,,,,,,,0.24363342383103007,
MMM,MMM251121P00125000,Put,2025-11-21,125.0,1.1106595790090348,0.54,0.86,2.0,521.0,154.49,155.04,154.765,,2025-11-21,0.17522245037645448,112.54573621156621,0.10495405417167859,,,,,,,,,,,0.24363342383103007,
MMM,MMM250926C00162500,Call,2025-09-26,162.5,1.092636788241992,0.35,0.48,43.0,77.0,154.49,155.04,154.765,0.4429882253218085,2025-09-26,0.02190280629705681,148.7227976841745,0.08859384677873812,,,0.4429882253218085,,,1.8182571929417997,0.0,0.0,,,0.24363342383103007,0.4429882253218085
MMM,MMM250926C00146000,Call,2025-09-26,146.0,0.9816921297435743,9.4,11.1,,10.0,154.49,155.04,154.765,1.0162777141505153,2025-09-26,0.02190280629705681,148.7227976841745,-0.018477533282717694,,,1.0162777141505153,,,4.1713394581498235,0.0,0.0,,,0.24363342383103007,1.0162777141505153
MMM,MMM260618C00220000,Call,2026-06-18,220.0,5.565697577691399,1.4,1.68,3.0,14.0,154.49,155.04,154.765,1.1718787237395871,2026-06-18,0.7474332648870636,39.52783940000815,1.7166223277596844,,,1.1718787237395871,,,4.810008024811628,1.5722066712827734,1.8475308202675262,,,0.24363342383103007,1.1718787237395871
MMM,MMM250926P00149000,Put,2025-09-26,149.0,1.0018638858341957,0.61,0.76,10.0,27.0,154.49,155.04,154.765,0.06096292836439134,2025-09-26,0.02190280629705681,148.7227976841745,0.0018621509544050022,,,0.06096292836439134,,,0.2502239939240507,,,,,0.24363342383103007,0.06096292836439134
MMM,MMM260618C00210000,Call,2026-06-18,210.0,5.312711324159972,1.92,2.21,2.0,8.0,154.49,155.04,154.765,1.2246693047447217,2026-06-18,0.7474332648870636,39.52783940000815,1.6701023121247915,,,1.2246693047447217,,,5.026688397213023,1.7281612224329235,2.2322402478488534,,,0.24363342383103007,1.2246693047447217
MMM,MMM251031P00150000,Put,2025-10-31,150.0,1.2005266238282597,3.7,4.5,2.0,22.0,154.49,155.04,154.765,,2025-10-31,0.11772758384668036,124.94516741467794,0.18276031371627371,,,,,,,,,,,0.24363342383103007,
MMM,MMM260618C00190000,Call,2026-06-18,190.0,4.806738817097117,4.35,5.35,2.0,28.0,154.49,155.04,154.765,1.470041610712377,2026-06-18,0.7474332648870636,39.52783940000815,1.570018853567809,,,1.470041610712377,,,6.033825686133739,2.0842230616672195,3.2468394672811374,,,0.24363342383103007,1.470041610712377
MMM,MMM250919C00149000,Call,2025-09-19,149.0,0.9675544552618517,5.8,6.8,1.0,13.0,154.49,155.04,154.765,1.0125225433633676,2025-09-19,0.0027378507871321013,153.99650034134334,-0.03298357115373985,,,1.0125225433633676,,,4.155926257743659,0.0,0.0,,,0.24363342383103007,1.0125225433633676
MMM,MMM250919C00160000,Call,2025-09-19,160.0,1.0389846499456126,0.15,0.24,254.0,2266.0,154.49,155.04,154.765,0.5512506146706754,2025-09-19,0.0027378507871321013,153.99650034134334,0.038243938134627946,,,0.5512506146706754,,,2.2626231081207915,0.0,0.0,,,0.24363342383103007,0.5512506146706754
MMM,MMM250919C00157500,Call,2025-09-19,157.5,1.0227505147902123,0.5,0.77,242.0,1248.0,154.49,155.04,154.765,0.5823294750648056,2025-09-19,0.0027378507871321013,153.99650034134334,0.02249558116648869,,,0.5823294750648056,,,2.390187134047237,0.0,0.0,,,0.24363342383103007,0.5823294750648056
MMM,MMM270115C00230000,Call,2027-01-15,230.0,16.808534524651886,2.9,4.0,1.0,251.0,154.49,155.04,154.765,1.872382425647481,2027-01-15,1.325119780971937,13.68352485831976,2.8218867648368833,,,1.872382425647481,,,7.685244480026912,10.778205868787143,153.93879624087472,,,0.24363342383103007,1.872382425647481
MMM,MMM250919C00155000,Call,2025-09-19,155.0,1.006516379634812,1.34,2.16,86.0,4264.0,154.49,155.04,154.765,0.6871364417070381,2025-09-19,0.0027378507871321013,153.99650034134334,0.006495239820047468,,,0.6871364417070381,,,2.8203701729512938,0.0,0.0,,,0.24363342383103007,0.6871364417070381
MMM,MMM260618P00110000,Put,2026-06-18,110.0,2.7828487888456994,1.67,2.15,1.0,92.0,154.49,155.04,154.765,,2026-06-18,0.7474332648870636,39.52783940000815,1.023475147199739,,,,,,,,,,,0.24363342383103007,
MMM,MMM260918C00195000,Call,2026-09-18,195.0,7.837592430957084,5.45,6.55,2.0,28.0,154.49,155.04,154.765,1.8214628941653435,2026-09-18,0.999315537303217,24.880089353687872,2.0589316993130486,,,1.8214628941653435,,,7.476243881170442,4.7618003662086625,22.65922271206874,,,0.24363342383103007,1.8214628941653435
MMM,MMM251031C00165000,Call,2025-10-31,165.0,1.3205792862110857,2.96,3.35,1.0,10.0,154.49,155.04,154.765,0.7991929476060767,2025-10-31,0.11772758384668036,124.94516741467794,0.2780704935205986,,,0.7991929476060767,,,3.2803091424777184,0.0,0.0,,,0.24363342383103007,0.7991929476060767
MMM,MMM260918P00100000,Put,2026-09-18,100.0,4.019278169721582,1.69,2.01,6.0,28.0,154.49,155.04,154.765,,2026-09-18,0.999315537303217,24.880089353687872,1.3911023267373932,,,,,,,,,,,0.24363342383103007,
MMM,MMM251003P00150000,Put,2025-10-03,150.0,1.0443522755305927,1.17,1.47,6.0,89.0,154.49,155.04,154.765,,2025-10-03,0.04106776180698152,143.62969614232048,0.043396861213346814,,,,,,,,,,,0.24363342383103007,
MMM,MMM251017C00175000,Call,2025-10-17,175.0,1.306352608041774,0.33,0.46,7.0,822.0,154.49,155.04,154.765,0.5470734553113341,2025-10-17,0.07939767282683094,133.96076903182018,0.2672389852568953,,,0.5470734553113341,,,2.2454778441678527,0.0,0.0,,,0.24363342383103007,0.5470734553113341
MMM,MMM260918P00115000,Put,2026-09-18,115.0,4.622169895179819,3.4,3.8,10.0,9.0,154.49,155.04,154.765,,2026-09-18,0.999315537303217,24.880089353687872,1.5308642691125518,,,,,,,,,,,0.24363342383103007,
MMM,MMM260320P00115000,Put,2026-03-20,115.0,1.8524372963281712,1.33,1.67,1.0,115.0,154.49,155.04,154.765,,2026-03-20,0.5010266940451745,62.080373909523686,0.6165022294793039,,,,,,,,,,,0.24363342383103007,
MMM,MMM251219C00180000,Call,2025-12-19,180.0,1.8392002426732146,1.63,2.12,24.0,253.0,154.49,155.04,154.765,0.8479083094723795,2025-12-19,0.2518822724161533,97.86862562522076,0.60933082641181,,,0.8479083094723795,,,3.4802626673277772,0.894061466363472,0.20134106315814415,,,0.24363342383103007,0.8479083094723795
MMM,MMM260618P00130000,Put,2026-06-18,130.0,3.288821295908554,3.9,5.15,1.0,395.0,154.49,155.04,154.765,,2026-06-18,0.7474332648870636,39.52783940000815,1.1905292318629053,,,,,,,,,,,0.24363342383103007,
MMM,MMM260116C00185000,Call,2026-01-16,185.0,2.174045463754695,1.62,2.13,1.0,411.0,154.49,155.04,154.765,0.9084818429013829,2026-01-16,0.32854209445585214,85.09481659159735,0.7765897009710148,,,0.9084818429013829,,,3.72888837917187,0.9575047994440198,0.30121246520191625,,,0.24363342383103007,0.9084818429013829
MMM,MMM251010P00155000,Put,2025-10-10,155.0,1.1174311179019811,3.45,3.8,1.0,8.0,154.49,155.04,154.765,,2025-10-10,0.06023271731690623,138.71101092210347,0.11103240614448276,,,,,,,,,,,0.24363342383103007,
MMM,MMM260417C00160000,Call,2026-04-17,160.0,2.9654642582481285,11.75,13.0,2.0,9.0,154.49,155.04,154.765,1.753368004970689,2026-04-17,0.5776865160848734,53.954452344174015,1.0870335997027267,,,1.753368004970689,,,7.19674656046669,1.8266979861959296,1.9276391168102611,,,0.24363342383103007,1.753368004970689
MMM,MMM250919P00155000,Put,2025-09-19,155.0,1.006516379634812,1.12,1.52,73.0,1048.0,154.49,155.04,154.765,0.21959563681848882,2025-09-19,0.0027378507871321013,153.99650034134334,0.006495239820047468,,,0.21959563681848882,,,0.9013362508536085,,,,,0.24363342383103007,0.21959563681848882
MMM,MMM260918C00200000,Call,2026-09-18,200.0,8.038556339443163,4.55,5.3,11.0,34.0,154.49,155.04,154.765,1.7141503430201057,2026-09-18,0.999315537303217,24.880089353687872,2.0842495072973386,,,1.7141503430201057,,,7.035776602675585,4.68083443492035,21.895214285023087,,,0.24363342383103007,1.7141503430201057
MMM,MMM260320P00120000,Put,2026-03-20,120.0,1.9329780483424395,1.76,2.18,5.0,151.0,154.49,155.04,154.765,,2026-03-20,0.5010266940451745,62.080373909523686,0.6590618438980997,,,,,,,,,,,0.24363342383103007,
MMM,MMM260918C00190000,Call,2026-09-18,190.0,7.636628522471005,6.4,7.45,2.0,35.0,154.49,155.04,154.765,1.9091295427529644,2026-09-18,0.999315537303217,24.880089353687872,2.032956212909788,,,1.9091295427529644,,,7.83607401945402,4.846632224677893,23.473765999368805,,,0.24363342383103007,1.9091295427529644
MMM,MMM250926P00152500,Put,2025-09-26,152.5,1.025397601273254,1.23,1.53,20.0,171.0,154.49,155.04,154.765,,2025-09-26,0.02190280629705681,148.7227976841745,0.025080441056412134,,,,,,,,,,,0.24363342383103007,
MMM,MMM270115C00190000,Call,2027-01-15,190.0,13.885311129060254,8.9,10.55,7.0,57.0,154.49,155.04,154.765,3.0181439715437524,2027-01-15,1.325119780971937,13.68352485831976,2.630831528074174,,,3.0181439715437524,,,12.388053839595345,11.085261636341762,162.83472789688383,,,0.24363342383103007,3.0181439715437524
MMM,MMM260918P00110000,Put,2026-09-18,110.0,4.42120598669374,2.64,3.05,4.0,32.0,154.49,155.04,154.765,,2026-09-18,0.999315537303217,24.880089353687872,1.486412506541718,,,,,,,,,,,0.24363342383103007,
MMM,MMM270115P00120000,Put,2027-01-15,120.0,8.769670186774897,5.75,7.15,6.0,193.0,154.49,155.04,154.765,,2027-01-15,1.325119780971937,13.68352485831976,2.171299198695734,,,,,,,,,,,0.24363342383103007,
MMM,MMM250919P00157500,Put,2025-09-19,157.5,1.0227505147902123,2.58,3.35,9.0,605.0,154.49,155.04,154.765,,2025-09-19,0.0027378507871321013,153.99650034134334,0.02249558116648869,,,,,,,,,,,0.24363342383103007,
MMM,MMM260320C00195000,Call,2026-03-20,195.0,3.1410893285564643,1.81,2.18,1.0,97.0,154.49,155.04,154.765,1.0458262654692663,2026-03-20,0.5010266940451745,62.080373909523686,1.1445696596798005,,,1.0458262654692663,,,4.292622288945832,0.9301197992949061,0.43344963698943884,,,0.24363342383103007,1.0458262654692663
MMM,MMM250919P00170000,Put,2025-09-19,170.0,1.1039211905672133,14.65,16.2,1.0,11.0,154.49,155.04,154.765,,2025-09-19,0.0027378507871321013,153.99650034134334,0.09886855995106271,,,,,,,,,,,0.24363342383103007,
MMM,MMM251010C00165000,Call,2025-10-10,165.0,1.1895234480892058,0.88,1.07,1.0,127.0,154.49,155.04,154.765,0.5532739177195675,2025-10-10,0.06023271731690623,138.71101092210347,0.17355276312581686,,,0.5532739177195675,,,2.27092781039471,0.0,0.0,,,0.24363342383103007,0.5532739177195675
MMM,MMM251121C00180000,Call,2025-11-21,180.0,1.5993497937730101,0.94,1.18,39.0,305.0,154.49,155.04,154.765,0.7169836088837466,2025-11-21,0.17522245037645448,112.54573621156621,0.4695971677595879,,,0.7169836088837466,,,2.9428786806403235,0.0,0.0,,,0.24363342383103007,0.7169836088837466
MMM,MMM250919C00141000,Call,2025-09-19,141.0,0.915605222764571,13.65,15.0,,10.0,154.49,155.04,154.765,1.8138472035066868,2025-09-19,0.0027378507871321013,153.99650034134334,-0.08816998672103077,,,1.8138472035066868,,,7.444985072182319,0.0,0.0,,,0.24363342383103007,1.8138472035066868
MMM,MMM260417P00145000,Put,2026-04-17,145.0,2.6874519840373665,7.65,8.45,5.0,12.0,154.49,155.04,154.765,,2026-04-17,0.5776865160848734,53.954452344174015,0.9885935268894742,,,,,,,,,,,0.24363342383103007,
MMM,MMM251219C00190000,Call,2025-12-19,190.0,1.9413780339328375,0.72,0.89,10.0,245.0,154.49,155.04,154.765,0.7536935915382273,2025-12-19,0.2518822724161533,97.86862562522076,0.6633980476820858,,,0.7536935915382273,,,3.093555800705511,0.9446345798837101,0.2247632389736092,,,0.24363342383103007,0.7536935915382273
MMM,MMM260116P00115000,Put,2026-01-16,115.0,1.351433666658324,0.63,0.82,5.0,1094.0,154.49,155.04,154.765,,2026-01-16,0.32854209445585214,85.09481659159735,0.30116600425594,,,,,,,,,,,0.24363342383103007,
MMM,MMM270115P00110000,Put,2027-01-15,110.0,8.038864337876989,3.9,4.6,10.0,86.0,154.49,155.04,154.765,,2027-01-15,1.325119780971937,13.68352485831976,2.084287821706104,,,,,,,,,,,0.24363342383103007,
MMM,MMM260320P00125000,Put,2026-03-20,125.0,2.013518800356708,2.51,2.84,1.0,34.0,154.49,155.04,154.765,,2026-03-20,0.5010266940451745,62.080373909523686,0.699883838418355,,,,,,,,,,,0.24363342383103007,
MMM,MMM251003C00150000,Call,2025-10-03,150.0,1.0443522755305927,6.75,7.35,2.0,11.0,154.49,155.04,154.765,0.837451286231534,2025-10-03,0.04106776180698152,143.62969614232048,0.043396861213346814,,,0.837451286231534,,,3.4373415316460902,0.0,0.0,,,0.24363342383103007,0.837451286231534
MMM,MMM260918C00175000,Call,2026-09-18,175.0,7.033736797012768,10.45,11.65,2.0,23.0,154.49,155.04,154.765,2.313321414992579,2026-09-18,0.999315537303217,24.880089353687872,1.9507181146728159,,,2.313321414992579,,,9.49509052828878,5.127753790642827,26.275861771854718,,,0.24363342383103007,2.313321414992579
MMM,MMM251017P00135000,Put,2025-10-17,135.0,1.0077577262036541,0.39,0.47,15.0,232.0,154.49,155.04,154.765,,2025-10-17,0.07939767282683094,133.96076903182018,0.007727789771810592,,,,,,,,,,,0.24363342383103007,
MMM,MMM270115P00105000,Put,2027-01-15,105.0,7.673461413428035,3.2,3.5,2.0,13.0,154.49,155.04,154.765,,2027-01-15,1.325119780971937,13.68352485831976,2.037767806071211,,,,,,,,,,,0.24363342383103007,
MMM,MMM260618C00185000,Call,2026-06-18,185.0,4.680245690331404,5.5,6.45,2.0,112.0,154.49,155.04,154.765,1.5547957141172677,2026-06-18,0.7474332648870636,39.52783940000815,1.5433506064856477,,,1.5547957141172677,,,6.381701203672216,2.1843981604223996,3.566449071181647,,,0.24363342383103007,1.5547957141172677
MMM,MMM251219P00175000,Put,2025-12-19,175.0,1.788111347043403,20.55,22.1,5.0,8.0,154.49,155.04,154.765,,2025-12-19,0.2518822724161533,97.86862562522076,0.5811599494451136,,,,,,,,,,,0.24363342383103007,
MMM,MMM251017C00170000,Call,2025-10-17,170.0,1.269028247812009,0.75,0.95,8.0,1249.0,154.49,155.04,154.765,0.5901196489077238,2025-10-17,0.07939767282683094,133.96076903182018,0.23825144838364296,,,0.5901196489077238,,,2.4221621140004026,0.0,0.0,,,0.24363342383103007,0.5901196489077238
MMM,MMM270115C00200000,Call,2027-01-15,200.0,14.616116977958162,6.75,8.1,1.0,267.0,154.49,155.04,154.765,2.518681581527672,2027-01-15,1.325119780971937,13.68352485831976,2.6821248224617245,,,2.518681581527672,,,10.337996905032549,10.995580809839291,160.21068833763653,,,0.24363342383103007,2.518681581527672
MMM,MMM251219P00120000,Put,2025-12-19,120.0,1.2261334951154763,0.71,0.83,1.0,127.0,154.49,155.04,154.765,,2025-12-19,0.2518822724161533,97.86862562522076,0.2038657183036456,,,,,,,,,,,0.24363342383103007,
MMM,MMM260320C00200000,Call,2026-03-20,200.0,3.2216300805707325,1.49,1.74,39.0,135.0,154.49,155.04,154.765,1.014319609815212,2026-03-20,0.5010266940451745,62.080373909523686,1.1698874676640905,,,1.014319609815212,,,4.163302365765237,0.8602947422219539,0.3708133852417168,,,0.24363342383103007,1.014319609815212
MMM,MMM260417P00165000,Put,2026-04-17,165.0,3.0581350163183827,17.0,18.15,16.0,7.0,154.49,155.04,154.765,,2026-04-17,0.5776865160848734,53.954452344174015,1.1178052583694804,,,,,,,,,,,0.24363342383103007,
MMM,MMM260320P00110000,Put,2026-03-20,110.0,1.771896544313903,1.06,1.27,3.0,324.0,154.49,155.04,154.765,,2026-03-20,0.5010266940451745,62.080373909523686,0.5720504669084701,,,,,,,,,,,0.24363342383103007,
MMM,MMM260320P00150000,Put,2026-03-20,150.0,2.4162225604280496,8.15,9.4,10.0,100.0,154.49,155.04,154.765,,2026-03-20,0.5010266940451745,62.080373909523686,0.8822053952123097,,,,,,,,,,,0.24363342383103007,
MMM,MMM260618P00170000,Put,2026-06-18,170.0,4.3007663100342635,20.9,22.35,2.0,8.0,154.49,155.04,154.765,,2026-06-18,0.7474332648870636,39.52783940000815,1.4587932184575847,,,,,,,,,,,0.24363342383103007,
MMM,MMM251003C00160000,Call,2025-10-03,160.0,1.1139757605659657,1.51,1.71,21.0,63.0,154.49,155.04,154.765,0.5655180733302817,2025-10-03,0.04106776180698152,143.62969614232048,0.1079353823509181,,,0.5655180733302817,,,2.3211842793889073,0.0,0.0,,,0.24363342383103007,0.5655180733302817
MMM,MMM251010P00150000,Put,2025-10-10,150.0,1.0813849528083688,1.76,2.01,23.0,92.0,154.49,155.04,154.765,,2025-10-10,0.06023271731690623,138.71101092210347,0.07824258332149182,,,,,,,,,,,0.24363342383103007,
MMM,MMM250926C00148000,Call,2025-09-26,148.0,0.9951399671373219,7.65,8.2,,10.0,154.49,155.04,154.765,0.8644618203120195,2025-09-26,0.02190280629705681,148.7227976841745,-0.0048718812269391105,,,0.8644618203120195,,,3.5482070018092418,0.0,0.0,,,0.24363342383103007,0.8644618203120195
MMM,MMM251010C00155000,Call,2025-10-10,155.0,1.1174311179019811,4.2,4.6,35.0,23.0,154.49,155.04,154.765,0.7412045669797896,2025-10-10,0.06023271731690623,138.71101092210347,0.11103240614448276,,,0.7412045669797896,,,3.042294260469967,0.0,0.0,,,0.24363342383103007,0.7412045669797896
MMM,MMM260918C00165000,Call,2026-09-18,165.0,6.63180898004061,13.65,15.45,2.0,75.0,154.49,155.04,154.765,2.703705683223935,2026-09-18,0.999315537303217,24.880089353687872,1.8918776146498824,,,2.703705683223935,,,11.097433351751718,5.3415755786102785,28.512900278253504,,,0.24363342383103007,2.703705683223935
MMM,MMM251219P00170000,Put,2025-12-19,170.0,1.7370224514135915,17.4,18.75,6.0,13.0,154.49,155.04,154.765,,2025-12-19,0.2518822724161533,97.86862562522076,0.5521724125718613,,,,,,,,,,,0.24363342383103007,
MMM,MMM260116P00175000,Put,2026-01-16,175.0,2.056529492740928,21.0,22.4,2.0,9.0,154.49,155.04,154.765,,2026-01-16,0.32854209445585214,85.09481659159735,0.721019849816204,,,,,,,,,,,0.24363342383103007,
MMM,MMM251017C00140000,Call,2025-10-17,140.0,1.0450820864334192,15.65,17.65,11.0,73.0,154.49,155.04,154.765,1.2793365033220565,2025-10-17,0.07939767282683094,133.96076903182018,0.04409543394268551,,,1.2793365033220565,,,5.251071397368407,0.0,0.0,,,0.24363342383103007,1.2793365033220565
MMM,MMM251219C00065000,Call,2025-12-19,65.0,0.6641556431875497,43.7,47.35,2.0,18.0,154.49,155.04,154.765,6.806944158491996,2025-12-19,0.2518822724161533,97.86862562522076,-0.4092387545827632,,,6.806944158491996,,,27.939287029898228,0.0,0.0,,,0.24363342383103007,6.806944158491996
MMM,MMM251219C00115000,Call,2025-12-19,115.0,1.1750445994856649,40.95,43.5,1.0,9.0,154.49,155.04,154.765,2.5576730693671883,2025-12-19,0.2518822724161533,97.86862562522076,0.16130610388484973,,,2.5576730693671883,,,10.498038525046717,0.36432858050856276,0.03343367266512075,,,0.24363342383103007,2.5576730693671883
MMM,MMM270115C00220000,Call,2027-01-15,220.0,16.077728675753978,3.75,4.2,7.0,82.0,154.49,155.04,154.765,1.9475401450644783,2027-01-15,1.325119780971937,13.68352485831976,2.7774350022660492,,,1.9475401450644783,,,7.993731379054044,10.843270888490954,155.80297714885305,,,0.24363342383103007,1.9475401450644783
MMM,MMM250926P00150000,Put,2025-09-26,150.0,1.0085878045310694,0.76,0.87,5.0,199.0,154.49,155.04,154.765,,2025-09-26,0.02190280629705681,148.7227976841745,0.008551139105201536,,,,,,,,,,,0.24363342383103007,
MMM,MMM251010P00145000,Put,2025-10-10,145.0,1.0453387877147566,0.88,1.03,1.0,506.0,154.49,155.04,154.765,,2025-10-10,0.06023271731690623,138.71101092210347,0.04434103164581063,,,,,,,,,,,0.24363342383103007,
MMM,MMM260918C00170000,Call,2026-09-18,170.0,6.832772888526689,12.2,13.5,4.0,56.0,154.49,155.04,154.765,2.5060859989848603,2026-09-18,0.999315537303217,24.880089353687872,1.9217305777995637,,,2.5060859989848603,,,10.2862979946583,5.231697854579796,27.351928244187313,,,0.24363342383103007,2.5060859989848603
MMM,MMM260417P00135000,Put,2026-04-17,135.0,2.5021104678968586,4.8,5.15,1.0,16.0,154.49,155.04,154.765,,2026-04-17,0.5776865160848734,53.954452344174015,0.9171345629073293,,,,,,,,,,,0.24363342383103007,
MMM,MMM260618C00135000,Call,2026-06-18,135.0,3.4153144226742675,28.2,29.75,1.0,8.0,154.49,155.04,154.765,3.424327812215185,2026-06-18,0.7474332648870636,39.52783940000815,1.2282695598457523,,,3.424327812215185,,,14.055246436917862,3.5999409423866515,9.686417295844961,,,0.24363342383103007,3.424327812215185
MMM,MMM251010C00150000,Call,2025-10-10,150.0,1.0813849528083688,7.3,7.65,3.0,6.0,154.49,155.04,154.765,0.8744482874019207,2025-10-10,0.06023271731690623,138.71101092210347,0.07824258332149182,,,0.8744482874019207,,,3.5891967269991127,0.0,0.0,,,0.24363342383103007,0.8744482874019207
MMM,MMM260320P00130000,Put,2026-03-20,130.0,2.094059552370976,3.1,3.55,3.0,284.0,154.49,155.04,154.765,,2026-03-20,0.5010266940451745,62.080373909523686,0.7391045515716362,,,,,,,,,,,0.24363342383103007,
MMM,MMM260116P00170000,Put,2026-01-16,170.0,1.9977715072340443,17.2,18.5,4.0,20.0,154.49,155.04,154.765,,2026-01-16,0.32854209445585214,85.09481659159735,0.6920323129429518,,,,,,,,,,,0.24363342383103007,
MMM,MMM260618P00150000,Put,2026-06-18,150.0,3.794793802971409,10.3,11.5,2.0,102.0,154.49,155.04,154.765,,2026-06-18,0.7474332648870636,39.52783940000815,1.3336300755035788,,,,,,,,,,,0.24363342383103007,
MMM,MMM260918C00140000,Call,2026-09-18,140.0,5.626989437610215,27.1,28.6,5.0,9.0,154.49,155.04,154.765,,2026-09-18,0.999315537303217,24.880089353687872,1.7275745633586062,,,,,,,6.003864289975563,36.021714005590624,,,0.24363342383103007,
MMM,MMM251003P00155000,Put,2025-10-03,155.0,1.079164018048279,3.0,3.3,10.0,60.0,154.49,155.04,154.765,,2025-10-03,0.04106776180698152,143.62969614232048,0.07618668403633763,,,,,,,,,,,0.24363342383103007,
MMM,MMM251219C00070000,Call,2025-12-19,70.0,0.7152445388173612,39.1,43.1,10.0,69.0,154.49,155.04,154.765,5.796165817114359,2025-12-19,0.2518822724161533,97.86862562522076,-0.33513078242904143,,,5.796165817114359,,,23.79051989654031,0.0,0.0,,,0.24363342383103007,5.796165817114359
MMM,MMM270115C00210000,Call,2027-01-15,210.0,15.34692282685607,5.0,5.5,2.0,64.0,154.49,155.04,154.765,2.1468273926249046,2027-01-15,1.325119780971937,13.68352485831976,2.7309149866311566,,,2.1468273926249046,,,8.81171129505539,10.91536313613652,157.88159824384502,,,0.24363342383103007,2.1468273926249046
MMM,MMM260320C00175000,Call,2026-03-20,175.0,2.818926320499391,5.5,6.25,2.0,293.0,154.49,155.04,154.765,1.3132724378218894,2026-03-20,0.5010266940451745,62.080373909523686,1.0363560750395677,,,1.3132724378218894,,,5.390362361498883,1.2571781514871445,0.7918711390486625,,,0.24363342383103007,1.3132724378218894
MMM,MMM251010C00160000,Call,2025-10-10,160.0,1.1534772829955935,2.08,2.28,25.0,60.0,154.49,155.04,154.765,0.6273947222760636,2025-10-10,0.06023271731690623,138.71101092210347,0.1427811044590631,,,0.6273947222760636,,,2.575158664236431,0.0,0.0,,,0.24363342383103007,0.6273947222760636
MMM,MMM251031C00150000,Call,2025-10-31,150.0,1.2005266238282597,9.8,10.55,1.0,27.0,154.49,155.04,154.765,1.0912779491330062,2025-10-31,0.11772758384668036,124.94516741467794,0.18276031371627371,,,1.0912779491330062,,,4.479179958041607,0.0,0.0,,,0.24363342383103007,1.0912779491330062
MMM,MMM270115P00100000,Put,2027-01-15,100.0,7.308058488979081,2.59,2.94,1.0,305.0,154.49,155.04,154.765,,2027-01-15,1.325119780971937,13.68352485831976,1.9889776419017793,,,,,,,,,,,0.24363342383103007,
MMM,MMM260918P00160000,Put,2026-09-18,160.0,6.430845071554531,16.85,18.25,1.0,36.0,154.49,155.04,154.765,,2026-09-18,0.999315537303217,24.880089353687872,1.861105955983129,,,,,,,,,,,0.24363342383103007,
MMM,MMM251219P00125000,Put,2025-12-19,125.0,1.2772223907452878,1.05,1.17,2.0,134.0,154.49,155.04,154.765,,2025-12-19,0.2518822724161533,97.86862562522076,0.24468771282390067,,,,,,,,,,,0.24363342383103007,
MMM,MMM250926C00160000,Call,2025-09-26,160.0,1.0758269914998075,0.82,0.93,43.0,302.0,154.49,155.04,154.765,0.4823198317756322,2025-09-26,0.02190280629705681,148.7227976841745,0.07308966024277283,,,0.4823198317756322,,,1.9796948390387565,0.0,0.0,,,0.24363342383103007,0.4823198317756322
MMM,MMM260618C00165000,Call,2026-06-18,165.0,4.174273183268549,11.55,12.85,2.0,130.0,154.49,155.04,154.765,1.980660438380106,2026-06-18,0.7474332648870636,39.52783940000815,1.4289402553079034,,,1.980660438380106,,,8.129674521808537,2.6439639171869387,5.224966018728308,,,0.24363342383103007,1.980660438380106
MMM,MMM260417P00155000,Put,2026-04-17,155.0,2.8727935001778744,11.65,12.7,1.0,51.0,154.49,155.04,154.765,,2026-04-17,0.5776865160848734,53.954452344174015,1.0552849013881465,,,,,,,,,,,0.24363342383103007,
MMM,MMM260320C00190000,Call,2026-03-20,190.0,3.060548576542196,2.55,2.77,1.0,47.0,154.49,155.04,154.765,1.1014220207563556,2026-03-20,0.5010266940451745,62.080373909523686,1.1185941732765399,,,1.1014220207563556,,,4.520816575316192,1.0041302791367164,0.5051740013653385,,,0.24363342383103007,1.1014220207563556
MMM,MMM251121C00150000,Call,2025-11-21,150.0,1.3327914948108417,11.0,12.35,2.0,238.0,154.49,155.04,154.765,1.2252872736106253,2025-11-21,0.17522245037645448,112.54573621156621,0.2872756109656332,,,1.2252872736106253,,,5.029224867193974,0.0,0.0,,,0.24363342383103007,1.2252872736106253
MMM,MMM260918C00120000,Call,2026-09-18,120.0,4.823133803665898,41.4,43.35,2.0,8.0,154.49,155.04,154.765,,2026-09-18,0.999315537303217,24.880089353687872,1.5734238835313477,,,,,,,6.731424798757528,45.28106539297647,,,0.24363342383103007,
MMM,MMM260618C00170000,Call,2026-06-18,170.0,4.3007663100342635,9.7,10.95,2.0,325.0,154.49,155.04,154.765,1.8546771307646743,2026-06-18,0.7474332648870636,39.52783940000815,1.4587932184575847,,,1.8546771307646743,,,7.61257261668239,2.5190202212318806,4.742810033862302,,,0.24363342383103007,1.8546771307646743
MMM,MMM251003C00140000,Call,2025-10-03,140.0,0.9747287904952199,15.15,15.95,,11.0,154.49,155.04,154.765,1.1971952107105015,2025-10-03,0.04106776180698152,143.62969614232048,-0.025596010273604648,,,1.1971952107105015,,,4.91392023263937,0.0,0.0,,,0.24363342383103007,1.1971952107105015
MMM,MMM250919P00160000,Put,2025-09-19,160.0,1.0389846499456126,4.65,5.2,5.0,224.0,154.49,155.04,154.765,,2025-09-19,0.0027378507871321013,153.99650034134334,0.038243938134627946,,,,,,,,,,,0.24363342383103007,
MMM,MMM260618C00195000,Call,2026-06-18,195.0,4.933231943862832,3.6,4.0,2.0,186.0,154.49,155.04,154.765,1.3837410887527597,2026-06-18,0.7474332648870636,39.52783940000815,1.5959943399710699,,,1.3837410887527597,,,5.679602851669654,1.9888991360020287,2.95663654505343,,,0.24363342383103007,1.3837410887527597
MMM,MMM260618P00180000,Put,2026-06-18,180.0,4.55375256356569,27.85,29.35,2.0,13.0,154.49,155.04,154.765,,2026-06-18,0.7474332648870636,39.52783940000815,1.5159516322975333,,,,,,,,,,,0.24363342383103007,
MMM,MMM250926C00157500,Call,2025-09-26,157.5,1.059017194757623,1.52,1.7,171.0,295.0,154.49,155.04,154.765,0.5279260469811715,2025-09-26,0.02190280629705681,148.7227976841745,0.05734130327463363,,,0.5279260469811715,,,2.1668867870416264,0.0,0.0,,,0.24363342383103007,0.5279260469811715
MMM,MMM260918P00175000,Put,2026-09-18,175.0,7.033736797012768,26.15,27.3,2.0,8.0,154.49,155.04,154.765,,2026-09-18,0.999315537303217,24.880089353687872,1.9507181146728159,,,,,,,,,,,0.24363342383103007,
MMM,MMM270115P00180000,Put,2027-01-15,180.0,13.154505280162345,31.35,32.65,2.0,7.0,154.49,155.04,154.765,,2027-01-15,1.325119780971937,13.68352485831976,2.576764306803898,,,,,,,,,,,0.24363342383103007,
MMM,MMM260116C00190000,Call,2026-01-16,190.0,2.232803449261579,1.23,1.38,1.0,387.0,154.49,155.04,154.765,0.859763638368768,2026-01-16,0.32854209445585214,85.09481659159735,0.8032579480531762,,,0.859763638368768,,,3.5289231865207866,0.926181121324258,0.2818271768369478,,,0.24363342383103007,0.859763638368768
MMM,MMM260320C00115000,Call,2026-03-20,115.0,1.8524372963281712,42.45,44.6,3.0,12.0,154.49,155.04,154.765,3.53275724511585,2026-03-20,0.5010266940451745,62.080373909523686,0.6165022294793039,,,3.53275724511585,,,14.50029798688855,3.516307630832468,6.194904153048782,,,0.24363342383103007,3.53275724511585
MMM,MMM251121P00165000,Put,2025-11-21,165.0,1.4660706442919258,12.25,13.25,1.0,62.0,154.49,155.04,154.765,,2025-11-21,0.17522245037645448,112.54573621156621,0.38258579076995797,,,,,,,,,,,0.24363342383103007,
MMM,MMM260618C00155000,Call,2026-06-18,155.0,3.9212869297371222,16.05,17.45,1.0,89.0,154.49,155.04,154.765,2.296982714791999,2026-06-18,0.7474332648870636,39.52783940000815,1.3664198983265696,,,2.296982714791999,,,9.428027889905007,2.918665323155441,6.367090443052936,,,0.24363342383103007,2.296982714791999
MMM,MMM260918P00170000,Put,2026-09-18,170.0,6.832772888526689,22.7,24.05,2.0,23.0,154.49,155.04,154.765,,2026-09-18,0.999315537303217,24.880089353687872,1.9217305777995637,,,,,,,,,,,0.24363342383103007,
MMM,MMM260116C00200000,Call,2026-01-16,200.0,2.3503194202753463,0.63,0.72,91.0,1675.0,154.49,155.04,154.765,0.7948920347627,2026-01-16,0.32854209445585214,85.09481659159735,0.8545512424407267,,,0.7948920347627,,,3.2626559289910513,0.8735922943619199,0.2507313336405826,,,0.24363342383103007,0.7948920347627
MMM,MMM260618P00115000,Put,2026-06-18,115.0,2.9093419156114133,2.41,2.63,8.0,129.0,154.49,155.04,154.765,,2026-06-18,0.7474332648870636,39.52783940000815,1.067926909770573,,,,,,,,,,,0.24363342383103007,
MMM,MMM251003C00155000,Call,2025-10-03,155.0,1.079164018048279,3.5,3.75,7.0,46.0,154.49,155.04,154.765,0.6698892494093841,2025-10-03,0.04106776180698152,143.62969614232048,0.07618668403633763,,,0.6698892494093841,,,2.7495786040998227,0.0,0.0,,,0.24363342383103007,0.6698892494093841
MMM,MMM260918C00135000,Call,2026-09-18,135.0,5.426025529124136,30.45,31.95,6.0,14.0,154.49,155.04,154.765,,2026-09-18,0.999315537303217,24.880089353687872,1.6912069191877315,,,,,,,6.165261844046221,37.984436868071334,,,0.24363342383103007,
MMM,MMM270115C00110000,Call,2027-01-15,110.0,8.038864337876989,50.7,53.6,2.0,23.0,154.49,155.04,154.765,,2027-01-15,1.325119780971937,13.68352485831976,2.084287821706104,,,,,,,12.474690609483325,206.212365252097,,,0.24363342383103007,
MMM,MMM260918C00130000,Call,2026-09-18,130.0,5.225061620638056,33.85,35.3,2.0,10.0,154.49,155.04,154.765,,2026-09-18,0.999315537303217,24.880089353687872,1.6534665912048843,,,,,,,6.339158750695464,40.157428578451444,,,0.24363342383103007,
MMM,MMM260618P00165000,Put,2026-06-18,165.0,4.174273183268549,18.05,19.25,2.0,39.0,154.49,155.04,154.765,,2026-06-18,0.7474332648870636,39.52783940000815,1.4289402553079034,,,,,,,,,,,0.24363342383103007,
MMM,MMM260918P00155000,Put,2026-09-18,155.0,6.229881163068452,15.3,16.35,4.0,44.0,154.49,155.04,154.765,,2026-09-18,0.999315537303217,24.880089353687872,1.8293572576685484,,,,,,,,,,,0.24363342383103007,
MMM,MMM251121P00170000,Put,2025-11-21,170.0,1.5104970274522873,15.65,17.25,2.0,279.0,154.49,155.04,154.765,,2025-11-21,0.17522245037645448,112.54573621156621,0.41243875391963924,,,,,,,,,,,0.24363342383103007,
MMM,MMM251017P00140000,Put,2025-10-17,140.0,1.0450820864334192,0.76,0.85,13.0,655.0,154.49,155.04,154.765,,2025-10-17,0.07939767282683094,133.96076903182018,0.04409543394268551,,,,,,,,,,,0.24363342383103007,
MMM,MMM270115C00115000,Call,2027-01-15,115.0,8.404267262325943,47.05,49.15,2.0,12.0,154.49,155.04,154.765,,2027-01-15,1.325119780971937,13.68352485831976,2.128739584276938,,,,,,,12.32533136882277,201.30397257227298,,,0.24363342383103007,
MMM,MMM270115P00125000,Put,2027-01-15,125.0,9.135073111223852,6.8,7.2,2.0,31.0,154.49,155.04,154.765,,2027-01-15,1.325119780971937,13.68352485831976,2.212121193215989,,,,,,,,,,,0.24363342383103007,
MMM,MMM260618P00135000,Put,2026-06-18,135.0,3.4153144226742675,5.95,6.35,2.0,51.0,154.49,155.04,154.765,,2026-06-18,0.7474332648870636,39.52783940000815,1.2282695598457523,,,,,,,,,,,0.24363342383103007,
MMM,MMM260618C00150000,Call,2026-06-18,150.0,3.794793802971409,18.7,20.15,1.0,93.0,154.49,155.04,154.765,2.497408926816136,2026-06-18,0.7474332648870636,39.52783940000815,1.3336300755035788,,,2.497408926816136,,,10.250682716457629,3.0704578537245504,7.04658513565822,,,0.24363342383103007,2.497408926816136
MMM,MMM251121C00175000,Call,2025-11-21,175.0,1.5549234106126486,1.69,1.86,27.0,354.0,154.49,155.04,154.765,0.7737613419732802,2025-11-21,0.17522245037645448,112.54573621156621,0.4414262907928915,,,0.7737613419732802,,,3.175924426978114,0.0,0.0,,,0.24363342383103007,0.7737613419732802
MMM,MMM260320C00135000,Call,2026-03-20,135.0,2.1746003043852444,25.75,27.75,7.0,97.0,154.49,155.04,154.765,2.38710224513458,2026-03-20,0.5010266940451745,62.080373909523686,0.7768448795544832,,,2.38710224513458,,,9.797925947919751,2.369391231563761,2.81277127967873,,,0.24363342383103007,2.38710224513458
MMM,MMM260320C00130000,Call,2026-03-20,130.0,2.094059552370976,29.6,31.65,2.0,60.0,154.49,155.04,154.765,2.6082672395305613,2026-03-20,0.5010266940451745,62.080373909523686,0.7391045515716362,,,2.6082672395305613,,,10.705703669540446,2.596086083108366,3.3767510472726507,,,0.24363342383103007,2.6082672395305613
MMM,MMM270115P00185000,Put,2027-01-15,185.0,13.5199082046113,34.9,36.1,1.0,7.0,154.49,155.04,154.765,,2027-01-15,1.325119780971937,13.68352485831976,2.6041632809920126,,,,,,,,,,,0.24363342383103007,
MMM,MMM260618P00120000,Put,2026-06-18,120.0,3.0358350423771268,3.05,3.3,2.0,134.0,154.49,155.04,154.765,,2026-06-18,0.7474332648870636,39.52783940000815,1.1104865241893689,,,,,,,,,,,0.24363342383103007,
MMM,MMM250919P00165000,Put,2025-09-19,165.0,1.071452920256413,9.25,10.1,2.0,238.0,154.49,155.04,154.765,,2025-09-19,0.0027378507871321013,153.99650034134334,0.0690155968013816,,,,,,,,,,,0.24363342383103007,
MMM,MMM270115C00155000,Call,2027-01-15,155.0,11.327490657917576,21.55,23.05,1.0,67.0,154.49,155.04,154.765,,2027-01-15,1.325119780971937,13.68352485831976,2.4272325728329345,,,,,,,11.501439927233383,175.29097953041202,,,0.24363342383103007,
MMM,MMM250919C00125000,Call,2025-09-19,125.0,0.8117067577700098,29.75,30.75,1.0,7.0,154.49,155.04,154.765,3.256033365284378,2025-09-19,0.0027378507871321013,153.99650034134334,-0.20861613979689791,,,3.256033365284378,,,13.36447731220398,0.0,0.0,,,0.24363342383103007,3.256033365284378
MMM,MMM250926C00155000,Call,2025-09-26,155.0,1.0422073980154385,2.63,2.85,54.0,157.0,154.49,155.04,154.765,0.5914896209929151,2025-09-26,0.02190280629705681,148.7227976841745,0.04134096192819247,,,0.5914896209929151,,,2.4277852016032817,0.0,0.0,,,0.24363342383103007,0.5914896209929151
MMM,MMM260918P00120000,Put,2026-09-18,120.0,4.823133803665898,4.25,4.55,2.0,73.0,154.49,155.04,154.765,,2026-09-18,0.999315537303217,24.880089353687872,1.5734238835313477,,,,,,,,,,,0.24363342383103007,
MMM,MMM251219C00120000,Call,2025-12-19,120.0,1.2261334951154763,36.2,38.6,6.0,62.0,154.49,155.04,154.765,2.342898142977619,2025-12-19,0.2518822724161533,97.86862562522076,0.2038657183036456,,,2.342898142977619,,,9.616489010976247,0.4148147460876229,0.04334170340479122,,,0.24363342383103007,2.342898142977619
MMM,MMM260918C00185000,Call,2026-09-18,185.0,7.435664613984926,7.55,8.0,2.0,42.0,154.49,155.04,154.765,1.9873868010393463,2026-09-18,0.999315537303217,24.880089353687872,2.0062879658276267,,,1.9873868010393463,,,8.157283059887883,4.935653167849726,24.343998221920163,,,0.24363342383103007,1.9873868010393463
MMM,MMM260618P00145000,Put,2026-06-18,145.0,3.668300676205695,8.8,9.5,2.0,148.0,154.49,155.04,154.765,,2026-06-18,0.7474332648870636,39.52783940000815,1.2997285238278973,,,,,,,,,,,0.24363342383103007,
MMM,MMM260618P00160000,Put,2026-06-18,160.0,4.047780056502836,16.05,17.0,4.0,43.0,154.49,155.04,154.765,,2026-06-18,0.7474332648870636,39.52783940000815,1.39816859664115,,,,,,,,,,,0.24363342383103007,
MMM,MMM260417P00160000,Put,2026-04-17,160.0,2.9654642582481285,13.9,14.9,2.0,98.0,154.49,155.04,154.765,,2026-04-17,0.5776865160848734,53.954452344174015,1.0870335997027267,,,,,,,,,,,0.24363342383103007,
MMM,MMM260918P00130000,Put,2026-09-18,130.0,5.225061620638056,6.4,6.9,2.0,147.0,154.49,155.04,154.765,,2026-09-18,0.999315537303217,24.880089353687872,1.6534665912048843,,,,,,,,,,,0.24363342383103007,
MMM,MMM270115P00130000,Put,2027-01-15,130.0,9.500476035672806,8.0,8.5,2.0,58.0,154.49,155.04,154.765,,2027-01-15,1.325119780971937,13.68352485831976,2.2513419063692703,,,,,,,,,,,0.24363342383103007,
MMM,MMM250926P00155000,Put,2025-09-26,155.0,1.0422073980154385,2.28,2.45,125.0,132.0,154.49,155.04,154.765,,2025-09-26,0.02190280629705681,148.7227976841745,0.04134096192819247,,,,,,,,,,,0.24363342383103007,
MMM,MMM260918P00125000,Put,2026-09-18,125.0,5.024097712151977,5.25,5.55,9.0,43.0,154.49,155.04,154.765,,2026-09-18,0.999315537303217,24.880089353687872,1.614245878051603,,,,,,,,,,,0.24363342383103007,
MMM,MMM251121P00140000,Put,2025-11-21,140.0,1.2439387284901189,2.36,2.57,3.0,386.0,154.49,155.04,154.765,,2025-11-21,0.17522245037645448,112.54573621156621,0.2182827394786817,,,,,,,,,,,0.24363342383103007,
MMM,MMM260618C00130000,Call,2026-06-18,130.0,3.288821295908554,31.8,33.4,2.0,31.0,154.49,155.04,154.765,3.9849859665410516,2026-06-18,0.7474332648870636,39.52783940000815,1.1905292318629053,,,3.9849859665410516,,,16.35648304686144,3.8072792930482766,10.834325921888713,,,0.24363342383103007,3.9849859665410516
MMM,MMM251121C00090000,Call,2025-11-21,90.0,0.7996748968865051,65.25,67.15,,7.0,154.49,155.04,154.765,3.5562510525375126,2025-11-21,0.17522245037645448,112.54573621156621,-0.22355001280035744,,,3.5562510525375126,,,14.5967289570413,0.0,0.0,,,0.24363342383103007,3.5562510525375126
MMM,MMM251121P00130000,Put,2025-11-21,130.0,1.155085962169396,1.05,1.14,2.0,427.0,154.49,155.04,154.765,,2025-11-21,0.17522245037645448,112.54573621156621,0.1441747673249598,,,,,,,,,,,0.24363342383103007,
MMM,MMM260618C00140000,Call,2026-06-18,140.0,3.5418075494399814,24.8,26.2,7.0,58.0,154.49,155.04,154.765,3.0303849889103986,2026-06-18,0.7474332648870636,39.52783940000815,1.2646372040166272,,,3.0303849889103986,,,12.438297427581599,3.4094213768678054,8.68827946923144,,,0.24363342383103007,3.0303849889103986
MMM,MMM251017C00095000,Call,2025-10-17,95.0,0.7091628443655345,43.35,45.6,,42.0,154.49,155.04,154.765,3.0187088692157666,2025-10-17,0.07939767282683094,133.96076903182018,-0.34367009706607793,,,3.0187088692157666,,,12.390372477420696,0.0,0.0,,,0.24363342383103007,3.0187088692157666
MMM,MMM251219C00175000,Call,2025-12-19,175.0,1.788111347043403,2.51,2.72,16.0,393.0,154.49,155.04,154.765,0.8935149262014246,2025-12-19,0.2518822724161533,97.86862562522076,0.5811599494451136,,,0.8935149262014246,,,3.667456263394773,0.8614150960990312,0.18690570578078544,,,0.24363342383103007,0.8935149262014246
MMM,MMM250919C00120000,Call,2025-09-19,120.0,0.7792384874592093,34.6,35.95,2.0,17.0,154.49,155.04,154.765,3.747760539100901,2025-09-19,0.0027378507871321013,153.99650034134334,-0.24943813431715312,,,3.747760539100901,,,15.382784841952263,0.0,0.0,,,0.24363342383103007,3.747760539100901
MMM,MMM260320C00160000,Call,2026-03-20,160.0,2.577304064456586,10.85,11.7,9.0,301.0,154.49,155.04,154.765,1.5981863234286033,2026-03-20,0.5010266940451745,62.080373909523686,0.9467439163498808,,,1.5981863234286033,,,6.559799137153743,1.5748960790821642,1.2426953367918754,,,0.24363342383103007,1.5981863234286033
MMM,MMM260918P00165000,Put,2026-09-18,165.0,6.63180898004061,20.4,21.25,2.0,22.0,154.49,155.04,154.765,,2026-09-18,0.999315537303217,24.880089353687872,1.8918776146498824,,,,,,,,,,,0.24363342383103007,
MMM,MMM250926P00160000,Put,2025-09-26,160.0,1.0758269914998075,5.4,5.6,1.0,16.0,154.49,155.04,154.765,,2025-09-26,0.02190280629705681,148.7227976841745,0.07308966024277283,,,,,,,,,,,0.24363342383103007,
MMM,MMM251219P00160000,Put,2025-12-19,160.0,1.6348446601539686,10.45,11.1,2.0,114.0,154.49,155.04,154.765,,2025-12-19,0.2518822724161533,97.86862562522076,0.4915477907554266,,,,,,,,,,,0.24363342383103007,
MMM,MMM270115P00135000,Put,2027-01-15,135.0,9.865878960121758,9.6,10.0,3.0,24.0,154.49,155.04,154.765,,2027-01-15,1.325119780971937,13.68352485831976,2.2890822343521173,,,,,,,,,,,0.24363342383103007,
MMM,MMM251219C00075000,Call,2025-12-19,75.0,0.7663334344471727,68.0,71.2,50.0,37.0,154.49,155.04,154.765,5.106738833898687,2025-12-19,0.2518822724161533,97.86862562522076,-0.26613791094208994,,,5.106738833898687,,,20.960748133804593,0.0,0.0,,,0.24363342383103007,5.106738833898687
MMM,MMM260116C00070000,Call,2026-01-16,70.0,0.8226117970963712,61.0,63.8,1.0,35.0,154.49,155.04,154.765,,2026-01-16,0.32854209445585214,85.09481659159735,-0.19527088205795096,,,,,,,5.814462285977905,11.107341823428142,,,0.24363342383103007,
MMM,MMM260116P00125000,Put,2026-01-16,125.0,1.4689496376720914,1.43,1.55,10.0,657.0,154.49,155.04,154.765,,2026-01-16,0.32854209445585214,85.09481659159735,0.38454761319499114,,,,,,,,,,,0.24363342383103007,
MMM,MMM251017C00165000,Call,2025-10-17,165.0,1.2317038875822441,1.54,1.68,26.0,1177.0,154.49,155.04,154.765,0.6370317331908737,2025-10-17,0.07939767282683094,133.96076903182018,0.20839848523396193,,,0.6370317331908737,,,2.6147140370718662,0.0,0.0,,,0.24363342383103007,0.6370317331908737
MMM,MMM251017C00145000,Call,2025-10-17,145.0,1.0824064466631842,11.7,12.45,11.0,157.0,154.49,155.04,154.765,1.0942026970276644,2025-10-17,0.07939767282683094,133.96076903182018,0.07918675375395569,,,1.0942026970276644,,,4.49118466514898,0.0,0.0,,,0.24363342383103007,1.0942026970276644
MMM,MMM251219P00130000,Put,2025-12-19,130.0,1.3283112863750994,1.55,1.66,1.0,270.0,154.49,155.04,154.765,,2025-12-19,0.2518822724161533,97.86862562522076,0.2839084259771821,,,,,,,,,,,0.24363342383103007,
MMM,MMM250926C00152500,Call,2025-09-26,152.5,1.025397601273254,4.15,4.35,17.0,46.0,154.49,155.04,154.765,0.6698426100323364,2025-09-26,0.02190280629705681,148.7227976841745,0.025080441056412134,,,0.6698426100323364,,,2.7493871715109997,0.0,0.0,,,0.24363342383103007,0.6698426100323364
MMM,MMM251219C00135000,Call,2025-12-19,135.0,1.3794001820049109,23.1,24.3,1.0,66.0,154.49,155.04,154.765,1.7815349575196144,2025-12-19,0.2518822724161533,97.86862562522076,0.32164875396002907,,,1.7815349575196144,,,7.312358581617206,0.554508410760341,0.07744865472844414,,,0.24363342383103007,1.7815349575196144
MMM,MMM260417C00170000,Call,2026-04-17,170.0,3.150805774388637,7.8,8.15,3.0,38.0,154.49,155.04,154.765,1.5055892610198132,2026-04-17,0.5776865160848734,53.954452344174015,1.1476582215191617,,,1.5055892610198132,,,6.179731981536335,1.585163443482774,1.4515778318382722,,,0.24363342383103007,1.5055892610198132
MMM,MMM270115C00140000,Call,2027-01-15,140.0,10.231281884570713,29.7,31.4,2.0,105.0,154.49,155.04,154.765,,2027-01-15,1.325119780971937,13.68352485831976,2.325449878522992,,,,,,,11.75051294318634,182.96532332141553,,,0.24363342383103007,
MMM,MMM250926P00157500,Put,2025-09-26,157.5,1.059017194757623,3.65,3.85,3.0,87.0,154.49,155.04,154.765,,2025-09-26,0.02190280629705681,148.7227976841745,0.05734130327463363,,,,,,,,,,,0.24363342383103007,
MMM,MMM260918P00145000,Put,2026-09-18,145.0,5.827953346096294,11.0,11.35,2.0,13.0,154.49,155.04,154.765,,2026-09-18,0.999315537303217,24.880089353687872,1.7626658831698763,,,,,,,,,,,0.24363342383103007,
MMM,MMM251121P00160000,Put,2025-11-21,160.0,1.4216442611315645,9.4,10.05,1.0,287.0,154.49,155.04,154.765,,2025-11-21,0.17522245037645448,112.54573621156621,0.3518141321032044,,,,,,,,,,,0.24363342383103007,
MMM,MMM260918C00150000,Call,2026-09-18,150.0,6.028917254582373,21.25,22.2,1.0,40.0,154.49,155.04,154.765,4.11836091748249,2026-09-18,0.999315537303217,24.880089353687872,1.7965674348455576,,,4.11836091748249,,,16.903924152618504,5.713136039790186,32.61758259915007,,,0.24363342383103007,4.11836091748249
MMM,MMM251017C00110000,Call,2025-10-17,110.0,0.8211359250548294,45.05,46.15,5.0,7.0,154.49,155.04,154.765,2.4169946255247465,2025-10-17,0.07939767282683094,133.96076903182018,-0.19706662287420254,,,2.4169946255247465,,,9.920620034470447,0.0,0.0,,,0.24363342383103007,2.4169946255247465
MMM,MMM251121P00135000,Put,2025-11-21,135.0,1.1995123453297576,1.6,1.71,2.0,311.0,154.49,155.04,154.765,,2025-11-21,0.17522245037645448,112.54573621156621,0.18191509530780695,,,,,,,,,,,0.24363342383103007,
MMM,MMM260918P00135000,Put,2026-09-18,135.0,5.426025529124136,7.7,8.05,3.0,47.0,154.49,155.04,154.765,,2026-09-18,0.999315537303217,24.880089353687872,1.6912069191877315,,,,,,,,,,,0.24363342383103007,
MMM,MMM251017P00145000,Put,2025-10-17,145.0,1.0824064466631842,1.4,1.51,26.0,754.0,154.49,155.04,154.765,,2025-10-17,0.07939767282683094,133.96076903182018,0.07918675375395569,,,,,,,,,,,0.24363342383103007,
MMM,MMM260618C00180000,Call,2026-06-18,180.0,4.55375256356569,6.7,7.05,2.0,98.0,154.49,155.04,154.765,1.6152665534359019,2026-06-18,0.7474332648870636,39.52783940000815,1.5159516322975333,,,1.6152665534359019,,,6.629905404753317,2.2898897966744727,3.9192375405598443,,,0.24363342383103007,1.6152665534359019
MMM,MMM251121P00180000,Put,2025-11-21,180.0,1.5993497937730101,24.95,26.0,2.0,43.0,154.49,155.04,154.765,,2025-11-21,0.17522245037645448,112.54573621156621,0.4695971677595879,,,,,,,,,,,0.24363342383103007,
MMM,MMM270115C00195000,Call,2027-01-15,195.0,14.250714053509208,7.8,8.1,2.0,31.0,154.49,155.04,154.765,2.614371093789873,2027-01-15,1.325119780971937,13.68352485831976,2.6568070144774345,,,2.614371093789873,,,10.730757104998238,11.039143626413463,161.48266373776627,,,0.24363342383103007,2.614371093789873
MMM,MMM251017C00125000,Call,2025-10-17,125.0,0.9331090057441243,30.5,31.9,1.0,61.0,154.49,155.04,154.765,1.849554393975848,2025-10-17,0.07939767282683094,133.96076903182018,-0.06923325136431766,,,1.849554393975848,,,7.591546204508422,0.0,0.0,,,0.24363342383103007,1.849554393975848
MMM,MMM260116P00130000,Put,2026-01-16,130.0,1.527707623178975,2.01,2.16,100.0,770.0,154.49,155.04,154.765,,2026-01-16,0.32854209445585214,85.09481659159735,0.4237683263482724,,,,,,,,,,,0.24363342383103007,
MMM,MMM251003C00135000,Call,2025-10-03,135.0,0.9399170479775335,20.2,20.75,10.0,11.0,154.49,155.04,154.765,1.4107917010873683,2025-10-03,0.04106776180698152,143.62969614232048,-0.06196365444447944,,,1.4107917010873683,,,5.790632824114524,0.0,0.0,,,0.24363342383103007,1.4107917010873683
MMM,MMM251219P00165000,Put,2025-12-19,165.0,1.68593355578378,13.95,14.35,4.0,13.0,154.49,155.04,154.765,,2025-12-19,0.2518822724161533,97.86862562522076,0.5223194494221802,,,,,,,,,,,0.24363342383103007,
MMM,MMM260618C00145000,Call,2026-06-18,145.0,3.668300676205695,21.7,22.75,1.0,82.0,154.49,155.04,154.765,2.725340753725256,2026-06-18,0.7474332648870636,39.52783940000815,1.2997285238278973,,,2.725340753725256,,,11.186235085771292,3.2335340217881208,7.8149695817295655,,,0.24363342383103007,2.725340753725256
MMM,MMM251121C00155000,Call,2025-11-21,155.0,1.377217877971203,8.1,8.7,23.0,852.0,154.49,155.04,154.765,1.09080228321,2025-11-21,0.17522245037645448,112.54573621156621,0.32006543378862395,,,1.09080228321,,,4.47722757435169,0.0,0.0,,,0.24363342383103007,1.09080228321
MMM,MMM251121C00145000,Call,2025-11-21,145.0,1.2883651116504804,14.4,15.35,1.0,429.0,154.49,155.04,154.765,1.341875003084977,2025-11-21,0.17522245037645448,112.54573621156621,0.2533740592899519,,,1.341875003084977,,,5.507762366856624,0.0,0.0,,,0.24363342383103007,1.341875003084977
MMM,MMM260116C00180000,Call,2026-01-16,180.0,2.1152874782478115,2.48,2.66,1.0,783.0,154.49,155.04,154.765,0.9569071208396077,2026-01-16,0.32854209445585214,85.09481659159735,0.7491907267829003,,,0.9569071208396077,,,3.9276512466666427,0.9937776412203928,0.32446620129431386,,,0.24363342383103007,0.9569071208396077
MMM,MMM260116C00090000,Call,2026-01-16,90.0,1.0576437391239057,53.3,55.65,1.0,61.0,154.49,155.04,154.765,4.277558456930992,2026-01-16,0.32854209445585214,85.09481659159735,0.056043546222955,,,4.277558456930992,,,17.557354773693355,4.323065395184546,6.140088512868046,,,0.24363342383103007,4.277558456930992
MMM,MMM260116C00060000,Call,2026-01-16,60.0,0.7050958260826039,93.95,96.5,1.0,12.0,154.49,155.04,154.765,,2026-01-16,0.32854209445585214,85.09481659159735,-0.3494215618852093,,,,,,,6.732612927762959,14.89218130105328,,,0.24363342383103007,
MMM,MMM250919C00150000,Call,2025-09-19,150.0,0.9740481093240118,5.2,5.6,13.0,1236.0,154.49,155.04,154.765,0.9415013750143445,2025-09-19,0.0027378507871321013,153.99650034134334,-0.026294583002943253,,,0.9415013750143445,,,3.8644179448354956,0.0,0.0,,,0.24363342383103007,0.9415013750143445
MMM,MMM251121P00145000,Put,2025-11-21,145.0,1.2883651116504804,3.5,3.75,1.0,803.0,154.49,155.04,154.765,,2025-11-21,0.17522245037645448,112.54573621156621,0.2533740592899519,,,,,,,,,,,0.24363342383103007,
MMM,MMM251121C00115000,Call,2025-11-21,115.0,1.021806812688312,40.7,42.5,1.0,67.0,154.49,155.04,154.765,2.3670329550194125,2025-11-21,0.17522245037645448,112.54573621156621,0.021572445232627503,,,2.3670329550194125,,,9.715551001988333,0.0,0.0,,,0.24363342383103007,2.3670329550194125
MMM,MMM260618P00140000,Put,2026-06-18,140.0,3.5418075494399814,7.3,7.8,2.0,671.0,154.49,155.04,154.765,,2026-06-18,0.7474332648870636,39.52783940000815,1.2646372040166272,,,,,,,,,,,0.24363342383103007,
MMM,MMM260116P00145000,Put,2026-01-16,145.0,1.703981579699626,5.15,5.45,127.0,315.0,154.49,155.04,154.765,,2026-01-16,0.32854209445585214,85.09481659159735,0.5329676183132644,,,,,,,,,,,0.24363342383103007,
MMM,MMM260320P00135000,Put,2026-03-20,135.0,2.1746003043852444,4.35,4.6,8.0,300.0,154.49,155.04,154.765,,2026-03-20,0.5010266940451745,62.080373909523686,0.7768448795544832,,,,,,,,,,,0.24363342383103007,
MMM,MMM260918C00180000,Call,2026-09-18,180.0,7.234700705498847,8.9,9.3,4.0,89.0,154.49,155.04,154.765,2.115243141183235,2026-09-18,0.999315537303217,24.880089353687872,1.9788889916395123,,,2.115243141183235,,,8.68207287785868,5.029224920362543,25.27579111390117,,,0.24363342383103007,2.115243141183235
MMM,MMM260918C00160000,Call,2026-09-18,160.0,6.430845071554531,16.15,16.75,3.0,41.0,154.49,155.04,154.765,2.955641450164447,2026-09-18,0.999315537303217,24.880089353687872,1.861105955983129,,,2.955641450164447,,,12.131510544359084,5.457976229402261,29.76911471612004,,,0.24363342383103007,2.955641450164447
MMM,MMM251219P00135000,Put,2025-12-19,135.0,1.3794001820049109,2.22,2.35,4.0,361.0,154.49,155.04,154.765,,2025-12-19,0.2518822724161533,97.86862562522076,0.32164875396002907,,,,,,,,,,,0.24363342383103007,
MMM,MMM251121C00170000,Call,2025-11-21,170.0,1.5104970274522873,2.6,2.77,67.0,714.0,154.49,155.04,154.765,0.8272556140685913,2025-11-21,0.17522245037645448,112.54573621156621,0.41243875391963924,,,0.8272556140685913,,,3.3954931185563746,0.0,0.0,,,0.24363342383103007,0.8272556140685913
MMM,MMM260116C00145000,Call,2026-01-16,145.0,1.703981579699626,16.8,17.9,3.0,733.0,154.49,155.04,154.765,1.6453852811895664,2026-01-16,0.32854209445585214,85.09481659159735,0.5329676183132644,,,1.6453852811895664,,,6.7535285402002545,1.6274257456073276,0.8701485199065515,,,0.24363342383103007,1.6453852811895664
MMM,MMM270115P00170000,Put,2027-01-15,170.0,12.423699431264437,25.35,26.25,2.0,37.0,154.49,155.04,154.765,,2027-01-15,1.325119780971937,13.68352485831976,2.5196058929639493,,,,,,,,,,,0.24363342383103007,
MMM,MMM260320P00140000,Put,2026-03-20,140.0,2.2551410563995127,5.65,5.95,15.0,221.0,154.49,155.04,154.765,,2026-03-20,0.5010266940451745,62.080373909523686,0.813212523725358,,,,,,,,,,,0.24363342383103007,
MMM,MMM260320P00160000,Put,2026-03-20,160.0,2.577304064456586,13.8,14.3,2.0,41.0,154.49,155.04,154.765,,2026-03-20,0.5010266940451745,62.080373909523686,0.9467439163498808,,,,,,,,,,,0.24363342383103007,
MMM,MMM270115P00140000,Put,2027-01-15,140.0,10.231281884570713,11.25,11.65,4.0,39.0,154.49,155.04,154.765,,2027-01-15,1.325119780971937,13.68352485831976,2.325449878522992,,,,,,,,,,,0.24363342383103007,
MMM,MMM251017C00115000,Call,2025-10-17,115.0,0.8584602852845943,40.1,41.95,1.0,116.0,154.49,155.04,154.765,2.2412614607935435,2025-10-17,0.07939767282683094,133.96076903182018,-0.15261486030336874,,,2.2412614607935435,,,9.199318490667979,0.0,0.0,,,0.24363342383103007,2.2412614607935435
MMM,MMM251219C00170000,Call,2025-12-19,170.0,1.7370224514135915,3.6,3.8,1.0,302.0,154.49,155.04,154.765,0.954698729760396,2025-12-19,0.2518822724161533,97.86862562522076,0.5521724125718613,,,0.954698729760396,,,3.9185868455492354,0.8273917308292822,0.17243282960851505,,,0.24363342383103007,0.954698729760396
MMM,MMM250919C00145000,Call,2025-09-19,145.0,0.9415798390132113,10.05,10.65,1.0,520.0,154.49,155.04,154.765,1.4397849297217216,2025-09-19,0.0027378507871321013,153.99650034134334,-0.060196134678624676,,,1.4397849297217216,,,5.909636317881706,0.0,0.0,,,0.24363342383103007,1.4397849297217216
MMM,MMM260116P00135000,Put,2026-01-16,135.0,1.5864656086858586,2.8,2.97,11.0,622.0,154.49,155.04,154.765,,2026-01-16,0.32854209445585214,85.09481659159735,0.4615086543311194,,,,,,,,,,,0.24363342383103007,
MMM,MMM260618C00175000,Call,2026-06-18,175.0,4.427259436799977,8.05,8.4,2.0,107.0,154.49,155.04,154.765,1.7082369269741413,2026-06-18,0.7474332648870636,39.52783940000815,1.487780755330837,,,1.7082369269741413,,,7.0115048260327155,2.401228188339068,4.309623079549447,,,0.24363342383103007,1.7082369269741413
MMM,MMM260320P00170000,Put,2026-03-20,170.0,2.7383855684851226,19.9,20.25,6.0,6.0,154.49,155.04,154.765,,2026-03-20,0.5010266940451745,62.080373909523686,1.0073685381663156,,,,,,,,,,,0.24363342383103007,
MMM,MMM260618C00120000,Call,2026-06-18,120.0,3.0358350423771268,39.75,40.7,2.0,13.0,154.49,155.04,154.765,,2026-06-18,0.7474332648870636,39.52783940000815,1.1104865241893689,,,,,,,4.283574414690949,13.714660276991676,,,0.24363342383103007,
MMM,MMM250919C00130000,Call,2025-09-19,130.0,0.8441750280808101,24.8,25.75,2.0,66.0,154.49,155.04,154.765,2.8085977318395177,2025-09-19,0.0027378507871321013,153.99650034134334,-0.16939542664361665,,,2.8085977318395177,,,11.527965611924403,0.0,0.0,,,0.24363342383103007,2.8085977318395177
MMM,MMM270115C00185000,Call,2027-01-15,185.0,13.5199082046113,10.15,10.55,2.0,75.0,154.49,155.04,154.765,3.1927867338773344,2027-01-15,1.325119780971937,13.68352485831976,2.6041632809920126,,,3.1927867338773344,,,13.104879797164715,11.134150787362561,164.2741898912294,,,0.24363342383103007,3.1927867338773344
MMM,MMM270115C00175000,Call,2027-01-15,175.0,12.789102355713391,13.25,13.85,2.0,147.0,154.49,155.04,154.765,,2027-01-15,1.325119780971937,13.68352485831976,2.5485934298372017,,,,,,,11.241234541917152,167.44923024989293,,,0.24363342383103007,
MMM,MMM260116C00135000,Call,2026-01-16,135.0,1.5864656086858586,24.1,25.45,2.0,477.0,154.49,155.04,154.765,1.9525840132561594,2026-01-16,0.32854209445585214,85.09481659159735,0.4615086543311194,,,1.9525840132561594,,,8.01443407293064,1.988969306628778,1.2997121651618437,,,0.24363342383103007,1.9525840132561594
MMM,MMM251219C00125000,Call,2025-12-19,125.0,1.2772223907452878,31.85,33.2,10.0,110.0,154.49,155.04,154.765,2.1345706305157464,2025-12-19,0.2518822724161533,97.86862562522076,0.24468771282390067,,,2.1345706305157464,,,8.761403082346206,0.46323586238495795,0.05405077811459899,,,0.24363342383103007,2.1345706305157464
MMM,MMM260320C00105000,Call,2026-03-20,105.0,1.6913557922996345,51.65,52.7,1.0,9.0,154.49,155.04,154.765,4.536943068545361,2026-03-20,0.5010266940451745,62.080373909523686,0.5255304512735771,,,4.536943068545361,,,18.622005951416256,4.419433242106118,9.785747852709553,,,0.24363342383103007,4.536943068545361
MMM,MMM260320C00180000,Call,2026-03-20,180.0,2.8994670725136595,4.3,4.5,5.0,185.0,154.49,155.04,154.765,1.2208180010318725,2026-03-20,0.5010266940451745,62.080373909523686,1.0645269520062643,,,1.2208180010318725,,,5.010880616604398,1.1669571625615889,0.6822926503037492,,,0.24363342383103007,1.2208180010318725
MMM,MMM270115P00155000,Put,2027-01-15,155.0,11.327490657917576,17.4,17.9,2.0,25.0,154.49,155.04,154.765,,2027-01-15,1.325119780971937,13.68352485831976,2.4272325728329345,,,,,,,,,,,0.24363342383103007,
MMM,MMM251121C00165000,Call,2025-11-21,165.0,1.4660706442919258,3.9,4.15,11.0,1418.0,154.49,155.04,154.765,0.8967166667860501,2025-11-21,0.17522245037645448,112.54573621156621,0.38258579076995797,,,0.8967166667860501,,,3.6805978945153295,0.0,0.0,,,0.24363342383103007,0.8967166667860501
MMM,MMM251121C00140000,Call,2025-11-21,140.0,1.2439387284901189,18.3,19.1,2.0,149.0,154.49,155.04,154.765,1.4833584974419627,2025-11-21,0.17522245037645448,112.54573621156621,0.2182827394786817,,,1.4833584974419627,,,6.088485209117833,0.0,0.0,,,0.24363342383103007,1.4833584974419627
MMM,MMM270115C00065000,Call,2027-01-15,65.0,4.750238017836403,90.2,92.1,1.0,11.0,154.49,155.04,154.765,,2027-01-15,1.325119780971937,13.68352485831976,1.558194725809325,,,,,,,14.996060192050884,297.9953497639118,,,0.24363342383103007,
MMM,MMM251219C00130000,Call,2025-12-19,130.0,1.3283112863750994,27.4,28.65,1.0,204.0,154.49,155.04,154.765,1.9523151168517654,2025-12-19,0.2518822724161533,97.86862562522076,0.2839084259771821,,,1.9523151168517654,,,8.013330380341317,0.5097529487142032,0.06545112203285394,,,0.24363342383103007,1.9523151168517654
MMM,MMM260320P00145000,Put,2026-03-20,145.0,2.335681808413781,7.2,7.5,35.0,138.0,154.49,155.04,154.765,,2026-03-20,0.5010266940451745,62.080373909523686,0.8483038435366281,,,,,,,,,,,0.24363342383103007,
MMM,MMM251017C00130000,Call,2025-10-17,130.0,0.9704333659738893,25.6,26.95,1.0,519.0,154.49,155.04,154.765,1.6564005761766012,2025-10-17,0.07939767282683094,133.96076903182018,-0.030012538211036284,,,1.6564005761766012,,,6.798741117414925,0.0,0.0,,,0.24363342383103007,1.6564005761766012
MMM,MMM260116P00140000,Put,2026-01-16,140.0,1.6452235941927424,3.8,4.05,38.0,2332.0,154.49,155.04,154.765,,2026-01-16,0.32854209445585214,85.09481659159735,0.49787629850199433,,,,,,,,,,,0.24363342383103007,
MMM,MMM260116C00095000,Call,2026-01-16,95.0,1.1164017246307896,60.65,62.8,1.0,69.0,154.49,155.04,154.765,4.023648428535792,2026-01-16,0.32854209445585214,85.09481659159735,0.11011076749323093,,,4.023648428535792,,,16.515174171366407,4.003859385657463,5.26682217005909,,,0.24363342383103007,4.023648428535792
MMM,MMM260116C00140000,Call,2026-01-16,140.0,1.6452235941927424,20.15,21.5,2.0,3087.0,154.49,155.04,154.765,1.7872970159803103,2026-01-16,0.32854209445585214,85.09481659159735,0.49787629850199433,,,1.7872970159803103,,,7.336009106943698,1.799592946864424,1.0639949977508605,,,0.24363342383103007,1.7872970159803103
MMM,MMM251017P00155000,Put,2025-10-17,155.0,1.157055167122714,4.45,4.7,9.0,973.0,154.49,155.04,154.765,,2025-10-17,0.07939767282683094,133.96076903182018,0.14587812825262783,,,,,,,,,,,0.24363342383103007,
MMM,MMM260116C00125000,Call,2026-01-16,125.0,1.4689496376720914,32.65,33.95,2.0,138.0,154.49,155.04,154.765,2.3249339386111147,2026-01-16,0.32854209445585214,85.09481659159735,0.38454761319499114,,,2.3249339386111147,,,9.54275444662943,2.4116060776861707,1.9107495273701445,,,0.24363342383103007,2.3249339386111147
MMM,MMM270115C00125000,Call,2027-01-15,125.0,9.135073111223852,39.45,40.6,8.0,37.0,154.49,155.04,154.765,,2027-01-15,1.325119780971937,13.68352485831976,2.212121193215989,,,,,,,12.06537011517577,192.90186861554955,,,0.24363342383103007,
MMM,MMM270115P00175000,Put,2027-01-15,175.0,12.789102355713391,28.25,29.1,1.0,45.0,154.49,155.04,154.765,,2027-01-15,1.325119780971937,13.68352485831976,2.5485934298372017,,,,,,,,,,,0.24363342383103007,
MMM,MMM251017P00165000,Put,2025-10-17,165.0,1.2317038875822441,10.85,11.3,2.0,191.0,154.49,155.04,154.765,,2025-10-17,0.07939767282683094,133.96076903182018,0.20839848523396193,,,,,,,,,,,0.24363342383103007,
MMM,MMM251121C00125000,Call,2025-11-21,125.0,1.1106595790090348,31.15,32.2,1.0,73.0,154.49,155.04,154.765,1.9648872468042506,2025-11-21,0.17522245037645448,112.54573621156621,0.10495405417167859,,,1.9648872468042506,,,8.064933028922098,0.0,0.0,,,0.24363342383103007,1.9648872468042506
MMM,MMM260116P00165000,Put,2026-01-16,165.0,1.9390135217271607,14.65,15.15,2.0,80.0,154.49,155.04,154.765,,2026-01-16,0.32854209445585214,85.09481659159735,0.6621793497932706,,,,,,,,,,,0.24363342383103007,
MMM,MMM251017C00150000,Call,2025-10-17,150.0,1.1197308068929492,8.2,8.6,2.0,616.0,154.49,155.04,154.765,0.9512052345620279,2025-10-17,0.07939767282683094,133.96076903182018,0.11308830542963709,,,0.9512052345620279,,,3.9042476996987423,0.0,0.0,,,0.24363342383103007,0.9512052345620279
MMM,MMM251017P00150000,Put,2025-10-17,150.0,1.1197308068929492,2.55,2.71,156.0,3775.0,154.49,155.04,154.765,,2025-10-17,0.07939767282683094,133.96076903182018,0.11308830542963709,,,,,,,,,,,0.24363342383103007,
MMM,MMM251219P00155000,Put,2025-12-19,155.0,1.583755764524157,8.2,8.5,25.0,134.0,154.49,155.04,154.765,,2025-12-19,0.2518822724161533,97.86862562522076,0.4597990924408462,,,,,,,,,,,0.24363342383103007,
MMM,MMM270115C00145000,Call,2027-01-15,145.0,10.596684809019667,26.6,27.45,2.0,78.0,154.49,155.04,154.765,,2027-01-15,1.325119780971937,13.68352485831976,2.3605411983342623,,,,,,,11.661237453127146,180.1956964437952,,,0.24363342383103007,
MMM,MMM270115P00145000,Put,2027-01-15,145.0,10.596684809019667,13.1,13.5,2.0,65.0,154.49,155.04,154.765,,2027-01-15,1.325119780971937,13.68352485831976,2.3605411983342623,,,,,,,,,,,0.24363342383103007,
MMM,MMM270115C00105000,Call,2027-01-15,105.0,7.673461413428035,55.05,56.2,2.0,17.0,154.49,155.04,154.765,,2027-01-15,1.325119780971937,13.68352485831976,2.037767806071211,,,,,,,12.639596000216251,211.70032397416125,,,0.24363342383103007,
MMM,MMM251219C00165000,Call,2025-12-19,165.0,1.68593355578378,5.1,5.3,25.0,231.0,154.49,155.04,154.765,1.030957677838236,2025-12-19,0.2518822724161533,97.86862562522076,0.5223194494221802,,,1.030957677838236,,,4.23159376750067,0.7921844813103142,0.1580702949307543,,,0.24363342383103007,1.030957677838236
MMM,MMM260320C00185000,Call,2026-03-20,185.0,2.980007824527928,3.35,3.5,818.0,496.0,154.49,155.04,154.765,1.1566369624834179,2026-03-20,0.5010266940451745,62.080373909523686,1.0919259261943786,,,1.1566369624834179,,,4.74744780209465,1.0828630965756965,0.5875001366854692,,,0.24363342383103007,1.1566369624834179
MMM,MMM260320P00155000,Put,2026-03-20,155.0,2.496763312442318,11.3,11.6,13.0,42.0,154.49,155.04,154.765,,2026-03-20,0.5010266940451745,62.080373909523686,0.9149952180353005,,,,,,,,,,,0.24363342383103007,
MMM,MMM250926C00150000,Call,2025-09-26,150.0,1.0085878045310694,6.05,6.3,27.0,334.0,154.49,155.04,154.765,0.7716977130391736,2025-09-26,0.02190280629705681,148.7227976841745,0.008551139105201536,,,0.7716977130391736,,,3.167454206013942,0.0,0.0,,,0.24363342383103007,0.7716977130391736
MMM,MMM270115C00165000,Call,2027-01-15,165.0,12.058296506815484,17.0,17.5,2.0,69.0,154.49,155.04,154.765,,2027-01-15,1.325119780971937,13.68352485831976,2.4897529298142684,,,,,,,11.362692103860022,171.0872377111772,,,0.24363342383103007,
MMM,MMM260918C00155000,Call,2026-09-18,155.0,6.229881163068452,18.6,19.1,3.0,48.0,154.49,155.04,154.765,3.3548437862529172,2026-09-18,0.999315537303217,24.880089353687872,1.8293572576685484,,,3.3548437862529172,,,13.770047366652127,5.581572515834439,31.132628031688462,,,0.24363342383103007,3.3548437862529172
MMM,MMM270115C00170000,Call,2027-01-15,170.0,12.423699431264437,15.0,15.6,3.0,321.0,154.49,155.04,154.765,,2027-01-15,1.325119780971937,13.68352485831976,2.5196058929639493,,,,,,,11.300001052908925,169.20457636451616,,,0.24363342383103007,
MMM,MMM270115C00180000,Call,2027-01-15,180.0,13.154505280162345,11.65,12.0,2.0,78.0,154.49,155.04,154.765,3.813542938965381,2027-01-15,1.325119780971937,13.68352485831976,2.576764306803898,,,3.813542938965381,,,15.652790487442445,11.186051935236254,165.80926713904594,,,0.24363342383103007,3.813542938965381
MMM,MMM260116C00175000,Call,2026-01-16,175.0,2.056529492740928,3.45,3.6,2.0,551.0,154.49,155.04,154.765,1.0161725463074167,2026-01-16,0.32854209445585214,85.09481659159735,0.721019849816204,,,1.0161725463074167,,,4.1709077938837105,1.0369128188664407,0.35324458116781865,,,0.24363342383103007,1.0161725463074167
MMM,MMM260320C00125000,Call,2026-03-20,125.0,2.013518800356708,33.8,34.8,16.0,75.0,154.49,155.04,154.765,2.8328548175063557,2026-03-20,0.5010266940451745,62.080373909523686,0.699883838418355,,,2.8328548175063557,,,11.627529478348826,2.857544206127693,4.091162975674832,,,0.24363342383103007,2.8328548175063557
MMM,MMM260116P00155000,Put,2026-01-16,155.0,1.8214975507133933,9.05,9.45,14.0,616.0,154.49,155.04,154.765,,2026-01-16,0.32854209445585214,85.09481659159735,0.5996589928119366,,,,,,,,,,,0.24363342383103007,
MMM,MMM251219P00140000,Put,2025-12-19,140.0,1.4304890776347223,3.15,3.3,21.0,1017.0,154.49,155.04,154.765,,2025-12-19,0.2518822724161533,97.86862562522076,0.35801639813090386,,,,,,,,,,,0.24363342383103007,
MMM,MMM251121P00150000,Put,2025-11-21,150.0,1.3327914948108417,5.1,5.3,1.0,322.0,154.49,155.04,154.765,,2025-11-21,0.17522245037645448,112.54573621156621,0.2872756109656332,,,,,,,,,,,0.24363342383103007,
MMM,MMM260116C00085000,Call,2026-01-16,85.0,0.9988857536170221,70.5,72.75,32.0,112.0,154.49,155.04,154.765,5.090422486054447,2026-01-16,0.32854209445585214,85.09481659159735,-0.0011148676169935583,,,5.090422486054447,,,20.893777241274034,4.66134654804247,7.138612448771236,,,0.24363342383103007,5.090422486054447
MMM,MMM251017C00155000,Call,2025-10-17,155.0,1.157055167122714,5.15,5.4,22.0,1388.0,154.49,155.04,154.765,0.8185713426746897,2025-10-17,0.07939767282683094,133.96076903182018,0.14587812825262783,,,0.8185713426746897,,,3.3598482909405853,0.0,0.0,,,0.24363342383103007,0.8185713426746897
MMM,MMM260618C00160000,Call,2026-06-18,160.0,4.047780056502836,13.75,14.1,13.0,48.0,154.49,155.04,154.765,2.0948959941842795,2026-06-18,0.7474332648870636,39.52783940000815,1.39816859664115,,,2.0948959941842795,,,8.59855746080709,2.7768662628850964,5.7634476223195,,,0.24363342383103007,2.0948959941842795
MMM,MMM251121C00105000,Call,2025-11-21,105.0,0.9329540463675892,50.5,52.35,15.0,273.0,154.49,155.04,154.765,2.7970185147875863,2025-11-21,0.17522245037645448,112.54573621156621,-0.06939933297309922,,,2.7970185147875863,,,11.480438401290273,0.0,0.0,,,0.24363342383103007,2.7970185147875863
MMM,MMM260918P00140000,Put,2026-09-18,140.0,5.626989437610215,9.3,9.55,2.0,62.0,154.49,155.04,154.765,,2026-09-18,0.999315537303217,24.880089353687872,1.7275745633586062,,,,,,,,,,,0.24363342383103007,
MMM,MMM251219P00145000,Put,2025-12-19,145.0,1.481577973264534,4.45,4.6,97.0,186.0,154.49,155.04,154.765,,2025-12-19,0.2518822724161533,97.86862562522076,0.3931077179421741,,,,,,,,,,,0.24363342383103007,
MMM,MMM260116C00130000,Call,2026-01-16,130.0,1.527707623178975,28.35,29.65,3.0,1280.0,154.49,155.04,154.765,2.1341797059077385,2026-01-16,0.32854209445585214,85.09481659159735,0.4237683263482724,,,2.1341797059077385,,,8.759798521683466,2.193417144024682,1.580641894932696,,,0.24363342383103007,2.1341797059077385
MMM,MMM251121C00160000,Call,2025-11-21,160.0,1.4216442611315645,5.75,6.0,50.0,903.0,154.49,155.04,154.765,0.982151340521649,2025-11-21,0.17522245037645448,112.54573621156621,0.3518141321032044,,,0.982151340521649,,,4.031266831445968,0.0,0.0,,,0.24363342383103007,0.982151340521649
MMM,MMM260116C00075000,Call,2026-01-16,75.0,0.8813697826032548,80.2,81.3,1.0,8.0,154.49,155.04,154.765,7.2450605676375,2026-01-16,0.32854209445585214,85.09481659159735,-0.12627801057099958,,,7.2450605676375,,,29.737547721129804,5.404159262456446,9.595051280162233,,,0.24363342383103007,7.2450605676375
MMM,MMM260320C00155000,Call,2026-03-20,155.0,2.496763312442318,13.25,13.65,13.0,130.0,154.49,155.04,154.765,1.703771542284484,2026-03-20,0.5010266940451745,62.080373909523686,0.9149952180353005,,,1.703771542284484,,,6.993176533389444,1.701143398656943,1.4499155698598751,,,0.24363342383103007,1.703771542284484
MMM,MMM251121C00110000,Call,2025-11-21,110.0,0.9773804295279506,45.55,46.5,4.0,29.0,154.49,155.04,154.765,2.5460630971682483,2025-11-21,0.17522245037645448,112.54573621156621,-0.02287931733820635,,,2.5460630971682483,,,10.450385079077037,0.0,0.0,,,0.24363342383103007,2.5460630971682483
MMM,MMM260116C00170000,Call,2026-01-16,170.0,1.9977715072340443,4.7,4.9,1.0,962.0,154.49,155.04,154.765,1.0871423667522286,2026-01-16,0.32854209445585214,85.09481659159735,0.6920323129429518,,,1.0871423667522286,,,4.462205347925526,1.0896796328479441,0.3901114422155664,,,0.24363342383103007,1.0871423667522286
MMM,MMM251121C00130000,Call,2025-11-21,130.0,1.155085962169396,26.95,27.75,1.0,124.0,154.49,155.04,154.765,1.805405220253291,2025-11-21,0.17522245037645448,112.54573621156621,0.1441747673249598,,,1.805405220253291,,,7.410334722814612,0.0,0.0,,,0.24363342383103007,1.805405220253291
MMM,MMM260116C00120000,Call,2026-01-16,120.0,1.4101916521652078,37.0,38.45,3.0,587.0,154.49,155.04,154.765,2.531227454955754,2026-01-16,0.32854209445585214,85.09481659159735,0.34372561867473606,,,2.531227454955754,,,10.38949178299635,2.6428876773889987,2.294818981616301,,,0.24363342383103007,2.531227454955754
MMM,MMM260618C00125000,Call,2026-06-18,125.0,3.1623281691428407,35.75,36.4,1.0,19.0,154.49,155.04,154.765,4.934725087226731,2026-06-18,0.7474332648870636,39.52783940000815,1.1513085187096241,,,4.934725087226731,,,20.25471304236634,4.034081842266069,12.16359165683099,,,0.24363342383103007,4.934725087226731
MMM,MMM260918C00125000,Call,2026-09-18,125.0,5.024097712151977,37.6,38.6,5.0,79.0,154.49,155.04,154.765,,2026-09-18,0.999315537303217,24.880089353687872,1.614245878051603,,,,,,,6.52721974683044,42.575436365628555,,,0.24363342383103007,
MMM,MMM251017C00105000,Call,2025-10-17,105.0,0.7838115648250644,50.0,50.95,9.0,23.0,154.49,155.04,154.765,2.622873639899868,2025-10-17,0.07939767282683094,133.96076903182018,-0.24358663850909534,,,2.622873639899868,,,10.765656036254452,0.0,0.0,,,0.24363342383103007,2.622873639899868
MMM,MMM270115P00160000,Put,2027-01-15,160.0,11.69289358236653,19.9,20.45,2.0,101.0,154.49,155.04,154.765,,2027-01-15,1.325119780971937,13.68352485831976,2.4589812711475147,,,,,,,,,,,0.24363342383103007,
MMM,MMM251219C00110000,Call,2025-12-19,110.0,1.1239557038558534,49.1,50.0,3.0,21.0,154.49,155.04,154.765,2.943108245239946,2025-12-19,0.2518822724161533,97.86862562522076,0.11685434131401595,,,2.943108245239946,,,12.080067664612038,0.3115945639448571,0.02445554510543101,,,0.24363342383103007,2.943108245239946
MMM,MMM260918C00145000,Call,2026-09-18,145.0,5.827953346096294,24.2,24.55,2.0,11.0,154.49,155.04,154.765,,2026-09-18,0.999315537303217,24.880089353687872,1.7626658831698763,,,,,,,5.85355630750226,34.24066893213229,,,0.24363342383103007,
MMM,MMM270115C00160000,Call,2027-01-15,160.0,11.69289358236653,19.2,19.8,3.0,210.0,154.49,155.04,154.765,,2027-01-15,1.325119780971937,13.68352485831976,2.4589812711475147,,,,,,,11.429692745539159,173.11083397288527,,,0.24363342383103007,
MMM,MMM251121C00120000,Call,2025-11-21,120.0,1.0662331958486733,35.9,36.95,10.0,151.0,154.49,155.04,154.765,2.1506005805791366,2025-11-21,0.17522245037645448,112.54573621156621,0.06413205965142334,,,2.1506005805791366,,,8.827198447412814,0.0,0.0,,,0.24363342383103007,2.1506005805791366
MMM,MMM250919C00135000,Call,2025-09-19,135.0,0.8766432983916106,20.05,20.65,8.0,175.0,154.49,155.04,154.765,2.390475441193645,2025-09-19,0.0027378507871321013,153.99650034134334,-0.13165509866076955,,,2.390475441193645,,,9.811771322688218,0.0,0.0,,,0.24363342383103007,2.390475441193645
MMM,MMM251121C00135000,Call,2025-11-21,135.0,1.1995123453297576,22.5,23.8,8.0,20085.0,154.49,155.04,154.765,1.6524632090187479,2025-11-21,0.17522245037645448,112.54573621156621,0.18191509530780695,,,1.6524632090187479,,,6.782580087060633,0.0,0.0,,,0.24363342383103007,1.6524632090187479
MMM,MMM260320C00150000,Call,2026-03-20,150.0,2.4162225604280496,15.9,16.4,2.0,247.0,154.49,155.04,154.765,1.8365699331924863,2026-03-20,0.5010266940451745,62.080373909523686,0.8822053952123097,,,1.8365699331924863,,,7.5382511328422,1.8407454094222875,1.69765062341571,,,0.24363342383103007,1.8365699331924863
MMM,MMM260116C00165000,Call,2026-01-16,165.0,1.9390135217271607,6.3,6.55,1.0,1051.0,154.49,155.04,154.765,1.1690681302175814,2026-01-16,0.32854209445585214,85.09481659159735,0.6621793497932706,,,1.1690681302175814,,,4.798471867424803,1.1558510519565819,0.43892949628226263,,,0.24363342383103007,1.1690681302175814
MMM,MMM251219C00105000,Call,2025-12-19,105.0,1.0728668082260417,40.1,40.95,1.0,43.0,154.49,155.04,154.765,2.8890420419128673,2025-12-19,0.2518822724161533,97.86862562522076,0.07033432567912294,,,2.8890420419128673,,,11.858151465771536,0.25640415179087583,0.016559518666981684,,,0.24363342383103007,2.8890420419128673
MMM,MMM251121P00155000,Put,2025-11-21,155.0,1.377217877971203,7.15,7.4,4.0,557.0,154.49,155.04,154.765,,2025-11-21,0.17522245037645448,112.54573621156621,0.32006543378862395,,,,,,,,,,,0.24363342383103007,
MMM,MMM251017P00160000,Put,2025-10-17,160.0,1.194379527352479,7.2,7.45,34.0,573.0,154.49,155.04,154.765,,2025-10-17,0.07939767282683094,133.96076903182018,0.17762682656720818,,,,,,,,,,,0.24363342383103007,
MMM,MMM251219C00100000,Call,2025-12-19,100.0,1.0217779125962303,55.45,56.5,1.0,33.0,154.49,155.04,154.765,3.239696154651731,2025-12-19,0.2518822724161533,97.86862562522076,0.021544161509691007,,,3.239696154651731,,,13.297420787792216,0.19851809479864446,0.009926537781104694,,,0.24363342383103007,3.239696154651731
MMM,MMM260116P00160000,Put,2026-01-16,160.0,1.880255536220277,11.65,11.95,23.0,121.0,154.49,155.04,154.765,,2026-01-16,0.32854209445585214,85.09481659159735,0.631407691126517,,,,,,,,,,,0.24363342383103007,
MMM,MMM270115P00150000,Put,2027-01-15,150.0,10.962087733468621,15.2,15.6,2.0,135.0,154.49,155.04,154.765,,2027-01-15,1.325119780971937,13.68352485831976,2.3944427500099437,,,,,,,,,,,0.24363342383103007,
MMM,MMM260320C00170000,Call,2026-03-20,170.0,2.7383855684851226,7.0,7.2,10.0,213.0,154.49,155.04,154.765,1.3781022088847064,2026-03-20,0.5010266940451745,62.080373909523686,1.0073685381663156,,,1.3781022088847064,,,5.656457916219565,1.354450313850848,0.919151333175608,,,0.24363342383103007,1.3781022088847064
MMM,MMM260116C00160000,Call,2026-01-16,160.0,1.880255536220277,8.3,8.6,25.0,904.0,154.49,155.04,154.765,1.263607275302169,2026-01-16,0.32854209445585214,85.09481659159735,0.631407691126517,,,1.263607275302169,,,5.186510354090551,1.2398911353547346,0.5050776271149907,,,0.24363342383103007,1.263607275302169
MMM,MMM260320C00165000,Call,2026-03-20,165.0,2.6578448164708544,8.75,9.05,2.0,649.0,154.49,155.04,154.765,1.4741833512846798,2026-03-20,0.5010266940451745,62.080373909523686,0.9775155750166344,,,1.4741833512846798,,,6.05082557271406,1.4598974893150753,1.0678385333701528,,,0.24363342383103007,1.4741833512846798
MMM,MMM251219C00095000,Call,2025-12-19,95.0,0.9706890169664187,60.5,61.55,3.0,27.0,154.49,155.04,154.765,3.542608910740749,2025-12-19,0.2518822724161533,97.86862562522076,-0.02974913287785957,,,3.542608910740749,,,14.540734415806988,0.137660181168764,0.0047732510447812656,,,0.24363342383103007,3.542608910740749
MMM,MMM260918P00150000,Put,2026-09-18,150.0,6.028917254582373,13.05,13.4,2.0,168.0,154.49,155.04,154.765,,2026-09-18,0.999315537303217,24.880089353687872,1.7965674348455576,,,,,,,,,,,0.24363342383103007,
MMM,MMM260116P00150000,Put,2026-01-16,150.0,1.7627395652065097,6.95,7.2,2.0,944.0,154.49,155.04,154.765,,2026-01-16,0.32854209445585214,85.09481659159735,0.5668691699889458,,,,,,,,,,,0.24363342383103007,
MMM,MMM251017P00170000,Put,2025-10-17,170.0,1.269028247812009,15.05,15.45,2.0,173.0,154.49,155.04,154.765,,2025-10-17,0.07939767282683094,133.96076903182018,0.23825144838364296,,,,,,,,,,,0.24363342383103007,
MMM,MMM251219P00150000,Put,2025-12-19,150.0,1.5326668688943454,6.1,6.3,1.0,580.0,154.49,155.04,154.765,,2025-12-19,0.2518822724161533,97.86862562522076,0.4270092696178554,,,,,,,,,,,0.24363342383103007,
MMM,MMM260618P00155000,Put,2026-06-18,155.0,3.9212869297371222,13.5,13.85,7.0,158.0,154.49,155.04,154.765,,2026-06-18,0.7474332648870636,39.52783940000815,1.3664198983265696,,,,,,,,,,,0.24363342383103007,
MMM,MMM270115C00100000,Call,2027-01-15,100.0,7.308058488979081,59.25,60.4,2.0,46.0,154.49,155.04,154.765,,2027-01-15,1.325119780971937,13.68352485831976,1.9889776419017793,,,,,,,12.822544007479548,217.87306024557108,,,0.24363342383103007,
MMM,MMM251017C00120000,Call,2025-10-17,120.0,0.8957846455143593,35.15,35.95,1.0,92.0,154.49,155.04,154.765,2.001506425433995,2025-10-17,0.07939767282683094,133.96076903182018,-0.11005524588457274,,,2.001506425433995,,,8.215237441403456,0.0,0.0,,,0.24363342383103007,2.001506425433995
MMM,MMM270115P00165000,Put,2027-01-15,165.0,12.058296506815484,22.55,23.05,2.0,101.0,154.49,155.04,154.765,,2027-01-15,1.325119780971937,13.68352485831976,2.4897529298142684,,,,,,,,,,,0.24363342383103007,
MMM,MMM251017C00160000,Call,2025-10-17,160.0,1.194379527352479,2.98,3.1,227.0,4331.0,154.49,155.04,154.765,0.7148889375267699,2025-10-17,0.07939767282683094,133.96076903182018,0.17762682656720818,,,0.7148889375267699,,,2.9342810452090315,0.0,0.0,,,0.24363342383103007,0.7148889375267699
MMM,MMM250919C00140000,Call,2025-09-19,140.0,0.9091115687024109,15.0,15.65,7.0,8476.0,154.49,155.04,154.765,1.9083690698044398,2025-09-19,0.0027378507871321013,153.99650034134334,-0.09528745448989473,,,1.9083690698044398,,,7.832952637598581,0.0,0.0,,,0.24363342383103007,1.9083690698044398
MMM,MMM270115C00130000,Call,2027-01-15,130.0,9.500476035672806,36.15,37.05,3.0,192.0,154.49,155.04,154.765,,2027-01-15,1.325119780971937,13.68352485831976,2.2513419063692703,,,,,,,11.951624859512096,189.28188091097508,,,0.24363342383103007,
MMM,MMM251219C00160000,Call,2025-12-19,160.0,1.6348446601539686,7.0,7.2,62.0,438.0,154.49,155.04,154.765,1.117886755192633,2025-12-19,0.2518822724161533,97.86862562522076,0.4915477907554266,,,1.117886755192633,,,4.588396524640782,0.7558110167058235,0.1438878219126569,,,0.24363342383103007,1.117886755192633
MMM,MMM270115C00120000,Call,2027-01-15,120.0,8.769670186774897,43.25,44.1,2.0,68.0,154.49,155.04,154.765,,2027-01-15,1.325119780971937,13.68352485831976,2.171299198695734,,,,,,,12.189461226322202,196.8902260210759,,,0.24363342383103007,
MMM,MMM260320C00140000,Call,2026-03-20,140.0,2.2551410563995127,22.35,22.8,31.0,78.0,154.49,155.04,154.765,2.1601011513860935,2026-03-20,0.5010266940451745,62.080373909523686,0.813212523725358,,,2.1601011513860935,,,8.866193798122763,2.171174742703241,2.36183971716223,,,0.24363342383103007,2.1601011513860935
MMM,MMM251219C00085000,Call,2025-12-19,85.0,0.8685112257067957,70.3,71.2,2.0,16.0,154.49,155.04,154.765,4.236549564391204,2025-12-19,0.2518822724161533,97.86862562522076,-0.14097476798808392,,,4.236549564391204,,,17.389032661337254,0.005689034267476578,8.152197679616958e-06,,,0.24363342383103007,4.236549564391204
MMM,MMM251121P00175000,Put,2025-11-21,175.0,1.5549234106126486,20.7,21.15,1.0,122.0,154.49,155.04,154.765,,2025-11-21,0.17522245037645448,112.54573621156621,0.4414262907928915,,,,,,,,,,,0.24363342383103007,
MMM,MMM251017C00100000,Call,2025-10-17,100.0,0.7464872045952994,55.0,55.9,,37.0,154.49,155.04,154.765,2.8461868743435046,2025-10-17,0.07939767282683094,133.96076903182018,-0.29237680267852745,,,2.8461868743435046,,,11.682251267451111,0.0,0.0,,,0.24363342383103007,2.8461868743435046
MMM,MMM251219C00155000,Call,2025-12-19,155.0,1.583755764524157,9.35,9.6,2.0,372.0,154.49,155.04,154.765,1.219111241909171,2025-12-19,0.2518822724161533,97.86862562522076,0.4597990924408462,,,1.219111241909171,,,5.003875177466107,0.7182356882342303,0.12993661972485548,,,0.24363342383103007,1.219111241909171
MMM,MMM260320C00110000,Call,2026-03-20,110.0,1.771896544313903,47.1,48.05,3.0,99.0,154.49,155.04,154.765,3.9318861913330165,2026-03-20,0.5010266940451745,62.080373909523686,0.5720504669084701,,,3.9318861913330165,,,16.138533578463125,3.9322655593648816,7.74723168945708,,,0.24363342383103007,3.9318861913330165
MMM,MMM260116C00155000,Call,2026-01-16,155.0,1.8214975507133933,10.7,11.05,1.0,2202.0,154.49,155.04,154.765,1.3702245009353244,2026-01-16,0.32854209445585214,85.09481659159735,0.5996589928119366,,,1.3702245009353244,,,5.62412365015086,1.345764094545733,0.5950163443674732,,,0.24363342383103007,1.3702245009353244
MMM,MMM251219C00150000,Call,2025-12-19,150.0,1.5326668688943454,12.2,12.5,10.0,342.0,154.49,155.04,154.765,1.3359055293603592,2025-12-19,0.2518822724161533,97.86862562522076,0.4270092696178554,,,1.3359055293603592,,,5.48326049995039,0.679398825115404,0.11626451539568403,,,0.24363342383103007,1.3359055293603592
MMM,MMM270115C00150000,Call,2027-01-15,150.0,10.962087733468621,24.05,24.65,5.0,551.0,154.49,155.04,154.765,,2027-01-15,1.325119780971937,13.68352485831976,2.3944427500099437,,,,,,,11.57843154543296,177.6456599405944,,,0.24363342383103007,
MMM,MMM270115C00135000,Call,2027-01-15,135.0,9.865878960121758,32.95,33.7,124.0,364.0,154.49,155.04,154.765,,2027-01-15,1.325119780971937,13.68352485831976,2.2890822343521173,,,,,,,11.847015378621567,185.98291120204578,,,0.24363342383103007,
MMM,MMM260116C00080000,Call,2026-01-16,80.0,0.9401277681101385,75.3,76.25,1.0,27.0,154.49,155.04,154.765,5.774489399299195,2026-01-16,0.32854209445585214,85.09481659159735,-0.06173948943342834,,,5.774489399299195,,,23.701548451348955,5.020844623752029,8.282178475847115,,,0.24363342383103007,5.774489399299195
MMM,MMM251017C00135000,Call,2025-10-17,135.0,1.0077577262036541,20.9,21.3,33.0,160.0,154.49,155.04,154.765,1.445557290451174,2025-10-17,0.07939767282683094,133.96076903182018,0.007727789771810592,,,1.445557290451174,,,5.933329129149899,0.0,0.0,,,0.24363342383103007,1.445557290451174
MMM,MMM251219C00140000,Call,2025-12-19,140.0,1.4304890776347223,19.05,19.45,2.0,439.0,154.49,155.04,154.765,1.6035380876999552,2025-12-19,0.2518822724161533,97.86862562522076,0.35801639813090386,,,1.6035380876999552,,,6.581765598845237,0.5976285598051081,0.08996224609312783,,,0.24363342383103007,1.6035380876999552
MMM,MMM260116C00150000,Call,2026-01-16,150.0,1.7627395652065097,13.55,13.85,9.0,992.0,154.49,155.04,154.765,1.489559536656487,2026-01-16,0.32854209445585214,85.09481659159735,0.5668691699889458,,,1.489559536656487,,,6.113937542861765,1.4752671784935956,0.7150433668798207,,,0.24363342383103007,1.489559536656487
MMM,MMM260116C00100000,Call,2026-01-16,100.0,1.1751597101376732,55.8,56.65,1.0,120.0,154.49,155.04,154.765,3.5904054508208643,2026-01-16,0.32854209445585214,85.09481659159735,0.1614040618807814,,,3.5904054508208643,,,14.736916611700044,3.70196369265047,4.502516692140387,,,0.24363342383103007,3.5904054508208643
MMM,MMM251219C00145000,Call,2025-12-19,145.0,1.481577973264534,15.5,15.8,1.0,446.0,154.49,155.04,154.765,1.4654332890395751,2025-12-19,0.2518822724161533,97.86862562522076,0.3931077179421741,,,1.4654332890395751,,,6.014910704764032,0.6392255624612204,0.10292144397742765,,,0.24363342383103007,1.4654332890395751
MMM,MMM260320C00145000,Call,2026-03-20,145.0,2.335681808413781,19.15,19.45,2.0,141.0,154.49,155.04,154.765,1.9939505719278856,2026-03-20,0.5010266940451745,62.080373909523686,0.8483038435366281,,,1.9939505719278856,,,8.184224235631863,1.996327972369877,1.9967543964620278,,,0.24363342383103007,1.9939505719278856
MMM,MMM260116C00105000,Call,2026-01-16,105.0,1.2339176956445568,54.25,55.1,15.0,268.0,154.49,155.04,154.765,3.51867718332912,2026-01-16,0.32854209445585214,85.09481659159735,0.21019422605021337,,,3.51867718332912,,,14.442505991170856,3.4159351951113774,3.8336306389160093,,,0.24363342383103007,3.51867718332912
MMM,MMM260116C00115000,Call,2026-01-16,115.0,1.351433666658324,44.5,45.0,1.0,193.0,154.49,155.04,154.765,2.9149886482302882,2026-01-16,0.32854209445585214,85.09481659159735,0.30116600425594,,,2.9149886482302882,,,11.964650015557613,2.887134675039294,2.7385779488506774,,,0.24363342383103007,2.9149886482302882
MMM,MMM260116C00110000,Call,2026-01-16,110.0,1.2926756811514404,49.25,49.75,2.0,156.0,154.49,155.04,154.765,3.185322573328605,2026-01-16,0.32854209445585214,85.09481659159735,0.2567142416851062,,,3.185322573328605,,,13.074242947625113,3.1446188416914924,3.2488304425531473,,,0.24363342383103007,3.185322573328605
