Ticker,Date,Close,Realised_Vol_30,Realised_Vol_60,Realised_Vol_100,Realised_Vol_180,Realised_Vol_252
BTDR,2022-07-28,10.164999961853027,1.1598484989873514,1.4606961389920954,1.7630209623040631,6.017257979915077,6.468428831929302
BTDR,2022-07-29,10.15999984741211,1.1751797321936392,1.4479402793938412,1.7608399922353923,6.01766987464298,5.696800702579607
BTDR,2022-08-01,10.15999984741211,1.1751797321936392,1.395787377294534,1.7605687257572988,6.01766987464298,5.696195232344833
BTDR,2022-08-02,10.164999961853027,1.1778456452804482,1.3979416070166548,1.7207020569063929,5.999964260862361,5.516696453302034
BTDR,2022-08-03,10.175000190734863,1.2003101334381256,1.390260033270272,1.7232538579647838,5.989544904185709,5.418965956599353
BTDR,2022-08-04,10.17199993133545,1.200244731493767,1.3732714363366954,1.724471179111869,5.985502668367508,5.419138710344944
BTDR,2022-08-05,10.18000030517578,1.2102326208049845,1.3790088006550651,1.7180199790139048,5.985102574247071,5.418812006845383
BTDR,2022-08-08,10.1899995803833,1.2273482334957877,1.3675633832452303,1.7229226925342411,5.974577192243189,5.418094833194217
BTDR,2022-08-09,10.1899995803833,1.2273482334957877,1.3580090287545536,1.7229226925342411,3.4253407997063903,5.414852813238562
BTDR,2022-08-10,10.1899995803833,1.2273482334957877,1.3580090287545536,1.7222346385805387,3.379082554529505,5.410307783618654
BTDR,2022-08-11,10.149999618530272,1.7278355299982666,1.598339003956463,1.8400499841385811,3.3108583484970304,5.424578978560803
BTDR,2022-08-12,10.1899995803833,2.048142880391969,1.7792294294916016,1.9352987436622795,2.80166822423273,5.436994500649613
BTDR,2022-08-15,10.1899995803833,2.037710556807005,1.76282101559556,1.923539743968007,2.7994201518955544,5.434437083863434
BTDR,2022-08-16,10.1899995803833,2.037710556807005,1.7233820293557711,1.9228284219708305,2.777293136100875,5.433419747989602
BTDR,2022-08-17,10.199999809265137,2.047905164828397,1.7310931986992004,1.923780696524716,2.758623020762108,5.434009747426118
BTDR,2022-08-18,10.1899995803833,2.078335968864954,1.7470651323600053,1.9314223904727392,2.760954657763008,5.43519732343638
BTDR,2022-08-19,10.1899995803833,1.9107439754547848,1.7470651323600053,1.9134450382825237,2.7211609381497115,5.433918939988504
BTDR,2022-08-22,10.199999809265137,1.9259838702708296,1.7546722258542462,1.8516934974229184,2.465516911100703,5.431268179973692
BTDR,2022-08-23,10.204999923706056,1.8967205684874244,1.7553907814855745,1.8521954869421304,2.395183376690392,5.426836830304222
BTDR,2022-08-24,10.204999923706056,1.8832954346566293,1.7553907814855745,1.7965533028309095,2.3236590527802226,5.426192138020321
BTDR,2022-08-25,10.204999923706056,1.8832954346566293,1.7477894928403566,1.7965533028309095,2.312058249183868,5.425541189700929
BTDR,2022-08-26,10.204999923706056,1.8832954346566293,1.7313490209514208,1.7965533028309095,2.312058249183868,5.42488415479166
BTDR,2022-08-29,10.199999809265137,1.8927018391303916,1.6754526462389896,1.7901954031791554,2.3009742404021925,5.349776878162564
BTDR,2022-08-30,10.199999809265137,1.8770394141916813,1.6730270295288012,1.7898967076288643,2.149038971239412,5.349776878162564
BTDR,2022-08-31,10.220000267028809,1.94962105774007,1.7141256509825076,1.8129059919102044,2.158057436860561,5.348557576866128
BTDR,2022-09-01,10.220000267028809,1.94962105774007,1.6723019292311605,1.8129059919102044,2.0742007203876645,5.348557576866128
BTDR,2022-09-02,10.220000267028809,1.94962105774007,1.6723019292311605,1.8122895420530496,1.9849580950918864,5.348557576866128
BTDR,2022-09-06,10.220000267028809,1.9184249682413284,1.6723019292311605,1.8122895420530496,1.8895302083479035,5.345220576272207
BTDR,2022-09-07,10.270000457763672,2.3219701607817487,1.934523509035768,1.957165808932407,1.9710102971734889,5.366265708238887
BTDR,2022-09-08,10.25,2.414292246749067,1.8736539394259368,1.986397590609032,1.984787776322556,5.37035046468042
BTDR,2022-09-09,10.25,2.405154632042454,1.8736539394259368,1.9836718646726783,1.9837649078261936,5.37035046468042
BTDR,2022-09-12,10.25,2.3956828866985167,1.8736539394259368,1.9492896335657144,1.9837649078261936,5.369485659027903
BTDR,2022-09-13,10.25,2.3956828866985167,1.8736539394259368,1.931556008046689,1.9837649078261936,5.362203516932186
BTDR,2022-09-14,10.25,2.3963924930053446,1.8736539394259368,1.9201682964805376,1.9302604581874616,5.262605747702551
BTDR,2022-09-15,10.25,2.388160825945908,1.8741840276736856,1.8534430057489644,1.8938087835313893,5.262605747702551
BTDR,2022-09-16,10.25,2.383895128888464,1.8716458715041613,1.7987962746888857,1.8779606315076305,5.216431762337902
BTDR,2022-09-19,10.25,2.379547310315956,1.8716458715041613,1.765944697890285,1.8759940011017808,5.213030902279433
BTDR,2022-09-20,10.25,2.369529805534818,1.8716458715041613,1.7421945533564898,1.8759940011017808,5.213030902279433
BTDR,2022-09-21,10.260000228881836,2.3793662704453307,1.8772063415888087,1.7468242127492908,1.8758172356132992,5.213699043706228
BTDR,2022-09-22,10.270000457763672,2.387984396764576,1.882375441589321,1.741499412314182,1.865489524244368,5.21435830272718
BTDR,2022-09-23,10.260000228881836,2.0691249311003386,1.898677816373812,1.7463260560081857,1.870173974851086,5.215526330749467
BTDR,2022-09-26,10.260000228881836,1.7713897165792225,1.898677816373812,1.736646649794808,1.8652541687239277,5.215526330749467
BTDR,2022-09-27,10.260000228881836,1.7713897165792225,1.8929511645092136,1.7125384619832484,1.8602711972527548,5.214283541745812
BTDR,2022-09-28,10.279999732971191,1.83824333974444,1.924693889840226,1.7357335089615311,1.8542557479905424,5.217402585592964
BTDR,2022-09-29,10.270000457763672,1.8618024175545795,1.940607340698693,1.735437044670134,1.859163767083466,5.214088945033578
BTDR,2022-09-30,10.270000457763672,1.827853671690902,1.940607340698693,1.725554066826586,1.859163767083466,5.213392959948412
BTDR,2022-10-03,10.279999732971191,1.8375291700995056,1.8630591084828607,1.7297835022238983,1.8589705653293285,5.214028330283574
BTDR,2022-10-04,10.279999732971191,1.8275903551083557,1.8630591084828607,1.719562206126823,1.853784532951836,5.212750264460759
BTDR,2022-10-05,10.279999732971191,1.8277582638223169,1.8468744211400625,1.715224387126974,1.8494070254922497,5.209400694310019
BTDR,2022-10-06,10.279999732971191,1.8277582638223169,1.840652590908091,1.715224387126974,1.8494070254922497,5.209400694310019
BTDR,2022-10-07,10.3100004196167,1.982527019868057,1.9214226581740004,1.7682890288301525,1.8770167454848128,5.2167292597847625
BTDR,2022-10-10,10.3100004196167,1.982527019868057,1.9214226581740004,1.7682890288301525,1.8747212677835805,5.215439237073734
BTDR,2022-10-11,10.3100004196167,1.9697166124929169,1.9214226581740004,1.7578727972629788,1.8734843822412888,5.215439237073734
BTDR,2022-10-12,10.289999961853027,2.0777811345175525,1.967375031301804,1.7689076438185298,1.888227938876212,5.219654268439831
BTDR,2022-10-13,10.289999961853027,2.017994281210821,1.967375031301804,1.7689076438185298,1.885877481407392,5.211700551640597
BTDR,2022-10-14,10.289999961853027,2.017994281210821,1.967375031301804,1.7689076438185298,1.885877481407392,5.211700551640597
BTDR,2022-10-17,10.300000190734863,2.0280898436867463,1.9729700088784528,1.77288061086418,1.8757434510502116,5.211643231218314
BTDR,2022-10-18,10.279999732971191,2.125626586059609,2.007630689188815,1.805184611432881,1.8873635571500504,5.215794671074884
BTDR,2022-10-19,10.279999732971191,1.5953112248650618,1.990637491792258,1.805184611432881,1.8748599411790527,5.211355806933084
BTDR,2022-10-20,10.3100004196167,1.6902083004260358,2.0668920870423704,1.8560748763939563,1.9027578025882508,5.218020215161997
BTDR,2022-10-21,10.3100004196167,1.6902083004260358,2.062030223786957,1.852204913508124,1.8850239493088972,5.210090184781341
BTDR,2022-10-24,10.3100004196167,1.6902083004260358,2.057069482311811,1.842567834619248,1.882678987282938,5.210090184781341
BTDR,2022-10-25,10.279999732971191,1.915375930737352,2.15615513017268,1.8757682098859847,1.915523451515717,5.214612880462545
BTDR,2022-10-26,10.3100004196167,2.081503348151883,2.226366568336852,1.9248654176093212,1.940493329664546,5.221305803239916
BTDR,2022-10-27,10.3100004196167,2.081503348151883,2.2213849173835327,1.9248654176093212,1.93555551866516,5.221305803239916
BTDR,2022-10-28,10.289999961853027,2.1714141513563363,2.262931242896284,1.9326248002164808,1.9492657023267816,5.225441518587324
BTDR,2022-10-31,10.289999961853027,2.1714141513563363,2.2598511503565,1.9326248002164808,1.9468169517956748,5.215865043082936
BTDR,2022-11-01,10.289999961853027,2.1714141513563363,2.2539066594670967,1.9326248002164808,1.9468169517956748,5.215865043082936
BTDR,2022-11-02,10.3100004196167,2.2216071844619245,2.282862338408796,1.9533408127080236,1.955717543915634,5.218935502570748
BTDR,2022-11-03,10.300000190734863,2.231302900149208,2.295035571704872,1.896880328770257,1.955476833005828,5.206367115639137
BTDR,2022-11-04,10.300000190734863,2.208399921816051,2.1296283232879576,1.896880328770257,1.9539795576224508,5.205342845341312
BTDR,2022-11-07,10.300000190734863,2.208399921816051,1.9863835064761743,1.896880328770257,1.9342784848464556,5.205342845341312
BTDR,2022-11-08,10.300000190734863,2.208399921816051,1.9863835064761743,1.896880328770257,1.8928263817702968,5.204631578041783
BTDR,2022-11-09,10.300000190734863,2.1401887426828483,1.9863835064761743,1.896880328770257,1.8889571335462865,5.204631578041783
BTDR,2022-11-10,10.300000190734863,2.1176428896065627,1.9796296916777285,1.8970250452808035,1.8886325453289168,5.204631578041783
BTDR,2022-11-11,10.300000190734863,2.1176428896065627,1.965586039123934,1.8956985200626977,1.888656437586011,5.1900855326937965
BTDR,2022-11-14,10.335000038146973,2.311764929707256,2.07243579139042,1.9625263067451957,1.9269946579140171,5.190876318284347
BTDR,2022-11-15,10.350000381469728,2.340111434743837,2.0818597595503,1.9718687838783004,1.9208177021431247,5.189178309341756
BTDR,2022-11-16,10.335000038146973,2.389526819995699,2.1098291314545685,1.9896228250915515,1.930314841515468,5.190887663621818
BTDR,2022-11-17,10.335000038146973,2.389526819995699,2.1098291314545685,1.9896228250915515,1.9254500118848128,5.181354822712772
BTDR,2022-11-18,10.31999969482422,2.2880088597357444,2.136857780035615,2.006997330045166,1.9335440675035065,3.1341553448324464
BTDR,2022-11-21,10.34000015258789,2.3535083306423297,2.1662678328687277,2.025398966972118,1.9421977345355528,3.1030233946708123
BTDR,2022-11-22,10.350000381469728,2.366690648544341,2.1664722762755604,2.0251909910582406,1.944178769130621,3.0298140631820045
BTDR,2022-11-23,10.43000030517578,3.1527425350180422,2.6502032730765173,2.346767027996177,2.120975438262128,2.712112223818975
BTDR,2022-11-25,10.43000030517578,3.1527425350180422,2.6304250977789567,2.346767027996177,2.1194570416128795,2.710091312642948
BTDR,2022-11-28,10.390000343322754,3.388335354070289,2.765956599312174,2.436883962323429,2.172948888912065,2.7230484595517344
BTDR,2022-11-29,10.390000343322754,3.383860864515708,2.765956599312174,2.3985048968017417,2.1684802959505345,2.706662006859813
BTDR,2022-11-30,10.34000015258789,3.642182419597005,2.956548899017189,2.529157255641324,2.248266758601945,2.750329853214309
BTDR,2022-12-01,10.369999885559082,3.724628928586796,2.8482434257034286,2.5583313525276123,2.271214593771424,2.7380136048016475
BTDR,2022-12-02,10.4399995803833,4.102822760612022,3.1160888282893624,2.756526766061261,2.3992866793620173,2.639972557273533
BTDR,2022-12-05,10.399999618530272,4.283648586609254,3.229444315347903,2.8328158005308377,2.446618942591209,2.621408334372991
BTDR,2022-12-06,10.40999984741211,4.287055542935681,3.232371735446967,2.834822303247958,2.4472318850621217,2.577855753527962
BTDR,2022-12-07,10.399999618530272,4.195346220144151,3.241638068420343,2.841103766651453,2.446286727734985,2.573092446477736
BTDR,2022-12-08,10.399999618530272,4.127266360303341,3.241638068420343,2.838862036710261,2.4461227409469424,2.573092446477736
BTDR,2022-12-09,10.399999618530272,4.127266360303341,3.241638068420343,2.838862036710261,2.4444362663393027,2.5649445806774853
BTDR,2022-12-12,10.399999618530272,4.074062777118932,3.241638068420343,2.838862036710261,2.444099507451348,2.467242593958367
BTDR,2022-12-13,10.399999618530272,4.074062777118932,3.241638068420343,2.838862036710261,2.436807367498416,2.4656969919642475
BTDR,2022-12-14,10.399999618530272,4.074062777118932,3.241638068420343,2.832402069713687,2.407535432833522,2.4128025406953784
BTDR,2022-12-15,10.399999618530272,4.047101500073877,3.2383783894577585,2.8257258536774503,2.407535432833522,2.3577731957821686
BTDR,2022-12-16,10.399999618530272,4.030584192175854,3.234915769984558,2.825638171067445,2.3847171376696665,2.3004369223153307
BTDR,2022-12-19,10.399999618530272,4.030584192175854,3.2258364483988085,2.8235464665858934,2.3847171376696665,2.3004369223153307
BTDR,2022-12-20,10.399999618530272,4.030584192175854,3.2258364483988085,2.8214298094320345,2.3847171376696665,2.299202265182626
BTDR,2022-12-21,10.399999618530272,4.030584192175854,3.2258364483988085,2.8214298094320345,2.3806936379932493,2.2985508690839747
BTDR,2022-12-22,10.399999618530272,4.030584192175854,3.206075897235254,2.8213632484064743,2.380670408538495,2.2985508690839747
BTDR,2022-12-23,10.40999984741211,4.033535157646297,3.2005159378908234,2.8212142213559703,2.38240176991821,2.299839707566562
BTDR,2022-12-27,10.40999984741211,4.033535157646297,3.2005159378908234,2.820210215711137,2.38240176991821,2.267477286025668
BTDR,2022-12-28,10.489999771118164,4.477409157345703,3.5419585313925674,3.055614220533786,2.540587235810325,2.3665530510114934
BTDR,2022-12-29,10.420000076293944,4.926464702981264,3.8237420489169858,3.2489310229637414,2.669458462331627,2.4561327546492344
BTDR,2022-12-30,10.420000076293944,4.901483106369095,3.8237420489169858,3.2489310229637414,2.667864367720398,2.4551309757489443
BTDR,2023-01-03,10.489999771118164,5.241409610785406,4.046582318449523,3.4072179157379887,2.776563790639961,2.540050962224531
BTDR,2023-01-04,10.489999771118164,5.211303591598718,4.01123092488814,3.339659645868042,2.775363035954761,2.5388685511166016
BTDR,2023-01-05,10.489999771118164,5.196569893330001,4.01123092488814,3.289618806034316,2.7625284677791204,2.532487577645639
BTDR,2023-01-06,10.489999771118164,5.196256877466022,4.01123092488814,3.289618806034316,2.755209898383193,2.532487577645639
BTDR,2023-01-09,10.545000076293944,4.93966421409194,4.108970548210251,3.381343736708521,2.8143018224366214,2.579183295142956
BTDR,2023-01-10,10.545000076293944,4.93966421409194,4.108970548210251,3.3802145006420927,2.7882314858504698,2.5763654705572807
BTDR,2023-01-11,10.545000076293944,4.778121209025051,4.108970548210251,3.374092911568104,2.7695937959250867,2.5667181739040896
BTDR,2023-01-12,10.545000076293944,4.778121209025051,4.108104215495199,3.374092911568104,2.757032304644449,2.5667181739040896
BTDR,2023-01-13,10.545000076293944,4.508557391831639,4.0801246730691565,3.372961247993705,2.7495089676082496,2.5667181739040896
BTDR,2023-01-17,10.550000190734863,4.45823217098156,4.079176142866151,3.3729431607876905,2.749486327787137,2.565659944139723
BTDR,2023-01-18,10.553999900817873,4.05851781341755,4.046245446399474,3.3725287774881942,2.745569166288575,2.562713670165011
BTDR,2023-01-19,10.553999900817873,3.860937992369859,4.046245446399474,3.3725287774881942,2.7443320061317262,2.560273052541786
BTDR,2023-01-20,10.5600004196167,3.858450762995655,4.045583101324928,3.3722931744661238,2.740602555387601,2.560374729890766
BTDR,2023-01-23,10.5600004196167,3.8373226129117968,3.987302945171848,3.3701119501604344,2.733075929251122,2.5602601959060003
BTDR,2023-01-24,10.529999732971191,3.956840021040975,4.009778498793732,3.407618544758279,2.757325237905884,2.577429273173826
BTDR,2023-01-25,10.529999732971191,3.956840021040975,4.009778498793732,3.3977880217036778,2.753632152912445,2.576749377359412
BTDR,2023-01-26,10.529999732971191,3.956840021040975,3.981987008521689,3.3977880217036778,2.749899993780843,2.5756808409830207
BTDR,2023-01-27,10.529999732971191,3.956840021040975,3.981987008521689,3.3977880217036778,2.749899993780843,2.574598976555293
BTDR,2023-01-30,10.529999732971191,3.956840021040975,3.981987008521689,3.3977880217036778,2.7461285006249696,2.574598976555293
BTDR,2023-01-31,10.529999732971191,3.956840021040975,3.969411599441735,3.3176567004228183,2.7448515292924163,2.568458693559848
BTDR,2023-02-01,10.56999969482422,4.07323587156432,4.021282383159044,3.3458296165852683,2.776609552964534,2.5902507426553303
BTDR,2023-02-02,10.550000190734863,4.131638471411083,4.048596089969212,3.363718826176862,2.788160372467547,2.592851004495101
BTDR,2023-02-03,10.550000190734863,4.131638471411083,4.048596089969212,3.363718826176862,2.788160372467547,2.592851004495101
BTDR,2023-02-06,10.550000190734863,4.131638471411083,4.048596089969212,3.363718826176862,2.7843877969652824,2.5832999668642884
BTDR,2023-02-07,10.550000190734863,4.131638471411083,4.048596089969212,3.363718826176862,2.7769650650746507,2.582225670806342
BTDR,2023-02-08,10.699999809265137,5.71987604438865,4.927500681260297,4.016212977335035,3.225441539336383,2.9313701824515768
BTDR,2023-02-09,10.699999809265137,5.71987604438865,4.927500681260297,4.016212977335035,3.225441539336383,2.9305937642376017
BTDR,2023-02-10,10.699999809265137,5.354721329893797,4.895362198317916,4.016212977335035,3.225441539336383,2.9279327457673525
BTDR,2023-02-13,10.699999809265137,4.886614906348612,4.893352182835637,4.016212977335035,3.225441539336383,2.927155415784901
BTDR,2023-02-14,10.649999618530272,5.142115879127172,4.993771059198791,4.096319100841946,3.279271371077291,2.9678712497808903
BTDR,2023-02-15,10.649999618530272,4.823168568694906,4.993771059198791,4.095599223721623,3.279271371077291,2.9678712497808903
BTDR,2023-02-16,10.649999618530272,4.823168568694906,4.978358532960259,4.090417272839582,3.278429319727995,2.967019582107323
BTDR,2023-02-17,10.649999618530272,4.823168568694906,4.9707179901777705,4.090417272839582,3.275055797525264,2.964489706085084
BTDR,2023-02-21,10.649999618530272,4.823168568694906,4.97072580562009,4.090417272839582,3.2659087968109457,2.963641051404553
BTDR,2023-02-22,10.649999618530272,4.611505201857578,4.737818614552089,4.083014049176093,3.265879982573934,2.955147533256607
BTDR,2023-02-23,10.649999618530272,4.611505201857578,4.737818614552089,4.077883972505479,3.265879982573934,2.934998800606098
BTDR,2023-02-24,10.649999618530272,4.611505201857578,4.657424638368968,4.077883972505479,3.259839418651087,2.9335687494954974
BTDR,2023-02-27,10.649999618530272,4.611505201857578,4.657424638368968,4.077105616971315,3.259839418651087,2.9335669784232
BTDR,2023-02-28,10.649999618530272,4.611505201857578,4.528947026491032,4.077105616971315,3.259839418651087,2.933666928841883
BTDR,2023-03-01,10.649999618530272,4.61226745501937,4.5020811821076,4.077105616971315,3.259839418651087,2.933767052767232
BTDR,2023-03-02,10.649999618530272,4.613114520559714,4.307967167590052,4.077105616971315,3.237208896276507,2.928598594779192
BTDR,2023-03-03,10.65999984741211,4.615797466420485,4.220792855212817,4.057538827048825,3.237933648530139,2.9293366009108537
BTDR,2023-03-06,10.600000381469728,4.928875560442296,4.397448149359387,4.166820628751819,3.313157078721414,2.985394209334834
BTDR,2023-03-07,10.600000381469728,4.928875560442296,4.390067176796861,4.166820628751819,3.313157078721414,2.98491834308915
BTDR,2023-03-08,10.699999809265137,5.527228798297557,4.766657795113124,4.395217794665174,3.4845115833216083,3.121117103152008
BTDR,2023-03-09,10.699999809265137,5.527228798297557,4.766657795113124,4.395217794665174,3.4847104847419508,3.121017567235991
BTDR,2023-03-10,10.720000267028809,5.538044655616021,4.774085008168111,4.400985872213924,3.4887816102540823,3.117157934880021
BTDR,2023-03-13,10.720000267028809,5.538044655616021,4.774085008168111,4.40052990561191,3.4887816102540823,3.116343155603335
BTDR,2023-03-14,10.720000267028809,5.538044655616021,4.774085008168111,4.384973125998082,3.4887816102540823,3.116343155603335
BTDR,2023-03-15,10.720000267028809,5.538044655616021,4.774085008168111,4.384973125998082,3.4887816102540823,3.113901245370851
BTDR,2023-03-16,10.720000267028809,5.456365728987063,4.774085008168111,4.367132274298996,3.4887816102540823,3.113901245370851
BTDR,2023-03-17,10.720000267028809,5.412508674408976,4.774085008168111,4.367132274298996,3.4887816102540823,3.113901245370851
BTDR,2023-03-20,10.699999809265137,5.455375907413218,4.797805003015884,4.381415429818241,3.498218779468703,3.1210925910483867
BTDR,2023-03-21,10.699999809265137,5.455375907413218,4.797805003015884,4.35010302509727,3.497494698832303,3.120994990657197
BTDR,2023-03-22,10.725000381469728,5.479759380182489,4.8117768681887725,4.34253605846488,3.505477933194437,3.1272040452486687
BTDR,2023-03-23,10.710000038146973,3.695911969215937,4.826683034015915,4.35144835139022,3.5111981550866025,3.129179765548309
BTDR,2023-03-24,10.729999542236328,3.733903602705721,4.83400339665779,4.341687639382809,3.5157792901679787,3.1332350632491366
BTDR,2023-03-27,10.739999771118164,3.741633515944297,4.599901005718132,4.3419192538775375,3.5025450490702825,3.132766298094549
BTDR,2023-03-28,10.800000190734863,4.060357441100577,4.477903575731883,4.41735199230279,3.5571197762966125,3.1769956569709925
BTDR,2023-03-29,10.84000015258789,3.887496189758557,4.520740740945484,4.440821620712653,3.5755625703002205,3.191726094097083
BTDR,2023-03-30,10.850000381469728,3.884532043968895,4.34278841274843,4.4350151935820055,3.575416687682804,3.1752528062789267
BTDR,2023-03-31,10.850000381469728,3.884532043968895,4.34278841274843,4.4350151935820055,3.575416687682804,3.1752528062789267
BTDR,2023-04-03,10.850000381469728,3.884532043968895,4.34278841274843,4.4350151935820055,3.575416687682804,3.1640198192573186
BTDR,2023-04-04,10.850000381469728,3.884532043968895,4.34278841274843,4.4350151935820055,3.575416687682804,3.1640198192573186
BTDR,2023-04-05,10.199999809265137,18.502156506732117,13.443297598351084,10.838816982487256,8.17590300864628,6.967613695469177
BTDR,2023-04-06,10.529999732971191,20.86754295583538,14.993691666129314,11.96605440880334,9.001075061184629,7.657494728889222
BTDR,2023-04-10,11.75,38.10684148781522,27.014316932638728,21.09023850941613,15.768727062689983,13.35699514115215
BTDR,2023-04-11,8.760000228881836,94.1437969745826,66.3088600627648,51.35197420518105,38.24416442002245,32.317205612969566
BTDR,2023-04-12,8.350000381469727,94.87787466459844,66.93811961209424,51.87177451400008,38.64826955785784,32.662703322737855
BTDR,2023-04-13,10.0,109.48680343989824,76.85233122903948,59.41196678843051,44.20851420213118,37.34548069667365
BTDR,2023-04-14,7.03000020980835,149.29938039918002,105.33255116466624,81.56789965415564,60.76218600990152,51.3455253734664
BTDR,2023-04-17,6.900000095367432,149.2387909764236,105.35075337651108,81.60076324791218,60.793659696163296,51.37386599812569
BTDR,2023-04-18,6.699999809265137,149.275238194319,105.43689955917831,81.69416624035574,60.87879464233485,51.44939138097426
BTDR,2023-04-19,6.409999847412109,149.43215293504915,105.6906343929447,81.93437774814734,61.07991949949989,51.625553353145584
BTDR,2023-04-20,6.150000095367432,149.3847538447807,105.90056547617112,82.11445881822715,61.2514072212619,51.77543020481195
BTDR,2023-04-21,6.679999828338623,152.167792917309,107.54178618254582,83.28999126897175,62.07918691376961,52.4625518126793
BTDR,2023-04-24,6.920000076293945,152.8103575498859,107.89085429380847,83.52873744959216,62.23832112984775,52.59151698052524
BTDR,2023-04-25,6.920000076293945,152.8103575498859,107.89085429380847,83.52873744959216,62.2378702373797,52.59151801187188
BTDR,2023-04-26,7.704999923706055,156.8226868557553,110.40654745140937,85.3837551508229,63.57383397798089,53.70643863396703
BTDR,2023-04-27,7.599999904632568,156.78941147442086,110.41472329100635,85.39558237079507,63.589843475701215,53.721267205798725
BTDR,2023-04-28,7.5,156.7522362334494,110.4091229034454,85.395887722481,63.60437640084765,53.734026806316905
BTDR,2023-05-01,7.34499979019165,156.73124186203333,110.44960474605898,85.44143993104991,63.644351040463945,53.770002053168106
BTDR,2023-05-02,7.190000057220459,156.71689750568464,110.4863141320639,85.48521913704657,63.6825084785015,53.80742927173442
BTDR,2023-05-03,6.809999942779541,157.10759512569052,110.911747332619,85.86021150138596,63.98263389369082,54.06681640313148
BTDR,2023-05-04,6.25,158.33177069764275,112.05892606667229,86.8276355287517,64.74145780374393,54.71923847424925
BTDR,2023-05-05,6.269999980926514,158.3792220693258,111.98615577529728,86.83388603012386,64.74376743567558,54.720235908204806
BTDR,2023-05-08,5.789999961853027,159.25708191232454,112.90132173181668,87.63249584409246,65.38020207054014,55.269434689366605
BTDR,2023-05-09,5.929999828338623,159.66488234615193,113.09983363391332,87.75512917823151,65.45742839349774,55.330913837710405
BTDR,2023-05-10,6.064000129699707,159.97021454959082,113.27542112496774,87.86316828687268,65.52453358920981,55.384834879560266
BTDR,2023-05-11,5.510000228881836,161.32418967547173,114.64221341267726,89.02205834750868,66.43885274026779,56.17282723574616
BTDR,2023-05-12,5.619999885559082,161.65462631115372,114.7945725304867,89.11321959658613,66.49433876248968,56.21638059060871
BTDR,2023-05-15,5.550000190734863,161.54766931384188,114.77362522477992,89.11339656721765,66.50208130475875,56.2246641455406
BTDR,2023-05-16,5.460000038146973,161.42060020971178,114.7564400336295,89.12186176927266,66.5185033139479,56.24151850646674
BTDR,2023-05-17,5.420000076293945,161.34404239155734,114.73585794413648,89.11597315648906,66.51912476827422,56.24313159026468
BTDR,2023-05-18,5.059999942779541,161.50122810560782,115.3109623904701,89.65428897761647,66.9636346006725,56.63152123450135
BTDR,2023-05-19,4.809999942779541,160.8192967871889,115.54550021281078,89.9088688656002,67.18802633636878,56.83369720737473
BTDR,2023-05-22,4.869999885559082,156.0871628027729,115.63410557229832,89.95749053566577,67.2149081793471,56.85227579487557
BTDR,2023-05-23,5.139999866485596,136.18502601221974,116.4201212157916,90.45625063485676,67.56376761563887,57.135183116193865
BTDR,2023-05-24,5.0,135.92103203694182,116.43466553921836,90.51461157746748,67.62078190677346,57.18890584390599
BTDR,2023-05-25,4.929999828338623,122.38927488127428,116.40533673054972,90.51316870816952,67.62309270176304,57.19938806504745
BTDR,2023-05-26,5.119999885559082,73.95876964349507,116.84062095513666,90.77170837910067,67.80414735790934,57.34307410818828
BTDR,2023-05-30,5.03000020980835,73.95040445173939,116.81355646104392,90.77969412095848,67.82241484862614,57.3621356089336
BTDR,2023-05-31,4.920000076293945,73.81859064210833,116.82091832381998,90.80198151053006,67.85471717635366,57.39405278373274
BTDR,2023-06-01,5.03000020980835,73.67150097148082,117.01206947619724,90.91668280441657,67.9238259061256,57.44708061579812
BTDR,2023-06-02,4.849999904632568,73.49013846373764,117.02411397023415,91.01052422123678,68.03072766290414,57.54537849498082
BTDR,2023-06-05,4.829999923706055,68.31714894504094,117.00728721267836,91.00391169758451,68.0289296814959,57.54306021876805
BTDR,2023-06-06,5.170000076293945,70.84817728417615,118.15249837258096,91.7897991481299,68.56185433798143,57.97801588611027
BTDR,2023-06-07,4.989999771118164,71.16950331611645,118.21997854412902,91.89207625065478,68.66232486312623,58.06988497725221
BTDR,2023-06-08,5.010000228881836,61.93698483087838,118.2412374179722,91.90256021385498,68.66723586401528,58.07191245884758
BTDR,2023-06-09,5.050000190734863,62.27365839891953,118.28887777703012,91.92662108627934,68.6792811091052,58.081203220734025
BTDR,2023-06-12,6.239999771118164,90.21754533347443,126.8834223813949,98.27508223377724,73.25989488740471,61.910341447489856
BTDR,2023-06-13,7.400000095367432,103.56269533798448,132.1049152745014,102.1576060016143,76.07443726752415,64.2665415642529
BTDR,2023-06-14,7.480000019073486,103.39913605490936,132.1478118529608,102.1808479011711,76.08868739573063,64.27750636136118
BTDR,2023-06-15,7.559999942779541,102.06822000323032,132.18630805805466,102.20393984322622,76.10255379762751,64.28829579728811
BTDR,2023-06-16,11.40999984741211,153.2422084565028,157.45741132923465,121.59357734548291,90.46138693792972,76.3990816814806
BTDR,2023-06-20,10.729999542236328,154.9957363894218,157.9770415605497,121.9944923473094,90.75849632970665,76.6496499421428
BTDR,2023-06-21,10.880000114440918,152.22612063472795,158.00219667478757,122.01385163805224,90.77283585941308,76.66179166539031
BTDR,2023-06-22,11.40999984741211,152.41932562060683,158.29976462679295,122.24401338308796,90.94478323632308,76.8074041424693
BTDR,2023-06-23,11.369999885559082,152.59564825868492,158.29952758751668,122.24587149967468,90.94604747913382,76.80840299980339
BTDR,2023-06-26,11.0,149.47624280932482,158.45073210070822,122.3639113602986,91.03311424913574,76.88163145448735
BTDR,2023-06-27,10.539999961853027,150.68743154128146,158.6949705034444,122.5540443041658,91.1758054611812,77.00208102589899
BTDR,2023-06-28,10.470000267028809,150.58361403132184,158.69997966469504,122.55823112729638,91.1787436691194,77.00510774505383
BTDR,2023-06-29,11.880000114440918,153.15228845118034,160.818269784992,124.19042367007516,92.39443777577117,78.0324168535441
BTDR,2023-06-30,11.199999809265137,154.8465479405828,161.29489768467735,124.55671229112356,92.66433057763804,78.25955563501981
BTDR,2023-07-03,11.489999771118164,152.3204972620716,160.84641596551867,124.61967847096702,92.711431531502,78.29996372467437
BTDR,2023-07-05,11.789999961853027,150.51928049318573,160.80312304674396,124.66499108711444,92.75917992703744,78.34071173531075
BTDR,2023-07-06,12.489999771118164,150.63417397793904,159.66487448085556,124.98936614705552,93.00327952925744,78.5482722000846
BTDR,2023-07-07,12.640000343322754,150.57951343436176,147.3861097050184,124.99997202760696,93.01215692887187,78.55606975083381
BTDR,2023-07-10,13.199999809265137,149.6219021473023,147.14349005184312,125.17457026497274,93.14533693985184,78.67070999801409
BTDR,2023-07-11,12.609999656677246,150.75180327838794,143.04782863365068,125.4005454137339,93.31192384938636,78.8094003872425
BTDR,2023-07-12,11.899999618530272,152.93182468909222,123.05703544279596,125.75735572496625,93.5731329422365,79.02852496674636
BTDR,2023-07-13,13.739999771118164,155.8601034039921,125.97826663117333,127.7798494657671,95.08992964809688,80.31412335055848
BTDR,2023-07-14,14.010000228881836,155.0347757010402,125.69851360336892,127.80731297308785,95.1132074018814,80.33486076602728
BTDR,2023-07-17,14.270000457763672,155.0651801292558,125.14933723232735,127.83060261997603,95.13204239260634,80.35296413656177
BTDR,2023-07-18,12.90999984741211,158.66519576806093,126.81510756742212,128.87348695498636,95.89404556291976,80.99155839401915
BTDR,2023-07-19,12.420000076293944,159.67412330043624,126.37953432822512,129.03447922228412,96.01036628351406,81.08851009532273
BTDR,2023-07-20,12.050000190734863,160.2588034907575,126.5403148151592,129.13292980113565,96.0810898468445,81.14790929399427
BTDR,2023-07-21,11.279999732971191,161.55476659604935,127.46659718368234,129.57371620753258,96.40670397727747,81.42164957391225
BTDR,2023-07-24,10.25,165.34140278433455,127.50745332404712,130.4729920302824,97.0772411715508,81.98762250930017
BTDR,2023-07-25,10.270000457763672,165.40073746606402,127.45088878621333,130.47350459404464,97.07724333124746,81.98784589808021
BTDR,2023-07-26,10.199999809265137,155.66322108835308,127.4184393628707,130.4775370486215,97.0805345473932,81.99067282252915
BTDR,2023-07-27,10.199999809265137,148.68123358837866,127.30820486015246,130.47737121783015,97.0805345473932,81.99054229422644
BTDR,2023-07-28,10.199999809265137,148.7135404367131,127.19140655615416,130.4747181983665,97.0805345473932,81.99052824992488
BTDR,2023-07-31,10.420000076293944,148.74775194060973,126.60742986082316,130.52028668301574,97.11353098045794,82.0182418749562
BTDR,2023-08-01,10.199999809265137,87.774486009765,125.26924294399548,130.5541415860126,97.14654759292372,82.04623836228599
BTDR,2023-08-02,10.220000267028809,86.05888377076391,125.2715928598149,130.55469471031904,97.14683948177507,82.04646847576001
BTDR,2023-08-03,9.9399995803833,86.25347365937355,124.16526411641422,130.62605619065474,97.20225537748306,82.09354301280459
BTDR,2023-08-04,9.15999984741211,87.79125285445556,125.50376839970444,131.25668219276287,97.67852682331296,82.49829736135673
BTDR,2023-08-07,9.5,88.70103603993181,125.60944223396272,131.39523319094704,97.77693872322654,82.58061410612912
BTDR,2023-08-08,9.279999732971191,88.48869448690814,123.93207065213204,131.4423843410946,97.81460187554212,82.61300155549918
BTDR,2023-08-09,9.760000228881836,89.21492528648844,124.20817036788382,131.7000167685231,98.00077353695228,82.768953928562
BTDR,2023-08-10,9.289999961853027,90.23754340611522,124.71153673525082,131.92391538018737,98.17232454524866,82.91494577948048
BTDR,2023-08-11,12.579999923706056,121.55033916245269,138.42059192482796,140.50606419000704,104.54455816087082,88.29632287461558
BTDR,2023-08-14,11.960000038146973,121.20874153252694,138.98577238440183,140.749736078077,104.72289354440429,88.44448229181737
BTDR,2023-08-15,13.510000228881836,125.94339499264277,139.6744459825318,142.04911158502333,105.69539394829404,89.2707748714973
BTDR,2023-08-16,14.3100004196167,126.7236533993437,139.21578134654794,142.31771923680787,105.90335794082036,89.4487210528898
BTDR,2023-08-17,13.729999542236328,126.49628211639492,139.74619246887502,142.49113695148682,106.02434113951828,89.55061371080099
BTDR,2023-08-18,13.289999961853027,126.88491235572938,139.90108175716085,142.5995293814745,106.10105347109642,89.61420784757699
BTDR,2023-08-21,13.760000228881836,126.6638080176715,139.65746500112067,142.69267299722443,106.17185891506531,89.67730333472598
BTDR,2023-08-22,13.890000343322754,125.88739420315704,139.517838779851,142.6968459345431,106.17577959211717,89.68097853005041
BTDR,2023-08-23,13.81999969482422,124.58044514447008,139.52472932536708,142.70165717420124,106.17695623889738,89.68317566838687
BTDR,2023-08-24,13.619999885559082,117.50373985695988,139.49309393406426,142.7267096286178,106.1922424966852,89.69703842687558
BTDR,2023-08-25,14.0,117.64456928819132,139.2754312832247,142.7823897507365,106.23683120594276,89.73571299230598
BTDR,2023-08-28,13.989999771118164,117.514983878056,139.3212077223775,142.78275950958712,106.23675003259352,89.73584174911194
BTDR,2023-08-29,13.5600004196167,114.09166212070714,139.23964809411058,142.5145123211609,106.3077581235198,89.79449840438987
BTDR,2023-08-30,13.779999732971191,113.51222263395972,139.16937517033617,142.45487836575202,106.3216709177651,89.80681169815391
BTDR,2023-08-31,13.550000190734863,113.23236058454032,138.93918088791784,141.4494505035742,106.34380524137704,89.82482924255622
BTDR,2023-09-01,12.710000038146973,113.1245626734978,139.51341157516623,133.7424665846891,106.62548027948748,90.0605385211201
BTDR,2023-09-05,12.75,109.10812116383624,139.51656444982947,133.4858407839583,106.62566614848716,90.06078358470553
BTDR,2023-09-06,12.109999656677246,110.42656059313764,140.18559546955342,130.74616822993244,106.8073264680671,90.2129404254977
BTDR,2023-09-07,11.600000381469728,111.2725724137569,134.49806184419063,118.0089227342968,106.93337794456696,90.31870834511032
BTDR,2023-09-08,11.529999732971191,111.30666093538323,130.3200400020021,117.96149375505364,106.9362596244184,90.32000523170662
BTDR,2023-09-11,10.40999984741211,115.49391363345067,132.23688386641848,119.0645095379144,107.62526867041493,90.9011762997402
BTDR,2023-09-12,9.699999809265137,117.1292204479671,133.14820580659938,119.41224952345128,107.94939181412934,91.17572346487208
BTDR,2023-09-13,10.260000228881836,118.18705333451535,103.25943516812636,119.46898658205194,108.15630501030007,91.34966666783616
BTDR,2023-09-14,11.0,119.89049628976343,103.51808666992424,119.27152954968236,108.4704117592174,91.61471957462776
BTDR,2023-09-15,13.0,128.60300483465704,108.98442250915284,121.92813438700074,110.25011831091987,93.12028521490384
BTDR,2023-09-18,12.93000030517578,125.79908821620738,108.59856504846152,121.93825352102732,110.25023481453232,93.12239942449682
BTDR,2023-09-19,13.579999923706056,126.069062144882,109.01627607497318,121.0536545645038,110.39150575737412,93.24661105048142
BTDR,2023-09-20,12.949999809265137,126.84609742861934,109.25967885944328,121.30988549490512,110.5434000441334,93.37322961880196
BTDR,2023-09-21,13.579999923706056,126.7700233330439,109.22159813603804,121.45632497184846,110.67728559584224,93.48924923756977
BTDR,2023-09-22,12.010000228881836,131.51277746820887,112.2696522520498,123.09723154611724,111.6500873742946,94.30767973734736
BTDR,2023-09-25,11.220000267028809,99.3186426952376,110.14315086457106,123.57319082422036,111.946405600859,94.55731830372522
BTDR,2023-09-26,9.529999732971191,108.84236230489697,114.47807278223898,126.07676297455929,113.60826725502972,95.96223068079246
BTDR,2023-09-27,9.979999542236328,103.0773735395261,114.77224868243356,125.43961485020094,113.74051891406118,96.07449474604375
BTDR,2023-09-28,9.800000190734863,101.07755447550863,114.66579804999152,125.49203314664796,113.76021512957,96.09152431544484
BTDR,2023-09-29,9.640000343322754,100.7189169725816,113.99257913662976,124.8130745741538,113.77605857602492,96.10506081100075
BTDR,2023-10-02,9.619999885559082,100.55978715280004,113.94339456651026,124.78161458087196,113.77619585118283,96.1052069881472
BTDR,2023-10-03,8.680000305175781,103.02252533221822,115.24917801358016,125.9114834486199,114.41836034869328,96.65091918677264
BTDR,2023-10-04,8.505000114440918,102.76173896600258,115.0020032839885,124.9615996241794,114.4409435864622,96.67084002155396
BTDR,2023-10-05,8.0,103.51152923706964,115.06616386552382,125.367699291659,114.66082972379444,96.8596755223264
BTDR,2023-10-06,7.829999923706055,103.50973743848547,110.74375370684557,125.40491385727236,114.68493305839476,96.88127304416533
BTDR,2023-10-09,6.989999771118164,106.10263149852776,112.60122315588052,126.73599877665114,115.4451703329726,97.53102571883954
BTDR,2023-10-10,7.369999885559082,108.2071241089905,113.21500602311752,126.97819541170934,115.62973973450694,97.68207896260095
BTDR,2023-10-11,5.75,126.6328147335648,121.92560552728796,132.63261687299718,119.24343790601505,100.7535109923296
BTDR,2023-10-12,5.639999866485596,125.9609604899296,121.8190729287512,132.41323870624845,119.25767404413664,100.7675655942098
BTDR,2023-10-13,4.5,138.07355249309543,129.3507466460034,137.2301263959109,122.12362951129822,103.21446261787048
BTDR,2023-10-16,3.9600000381469727,140.38863251270192,130.97312801489807,138.4132626782525,122.98764241644994,103.96256176248122
BTDR,2023-10-17,4.0,140.58242398005137,130.06296790429997,138.36918306025078,122.9996415470025,103.97109726899772
BTDR,2023-10-18,3.549999952316284,142.48406055982687,131.7255165225834,139.60215190444055,123.73460635806266,104.61045928883048
BTDR,2023-10-19,3.4100000858306885,142.4827420884721,131.78564871048872,139.56707738513202,123.79499897710208,104.672131302957
BTDR,2023-10-20,3.200000047683716,142.2383861130988,132.05297215525636,139.87059895808872,123.97910205917157,104.83828934107416
BTDR,2023-10-23,2.930000066757202,141.7859567690401,132.73601500415833,140.47351990975835,124.35091570765135,105.16745757675834
BTDR,2023-10-24,3.0999999046325684,144.334044615089,133.40409639044458,140.7482917935579,124.57522041837652,105.34541883568605
BTDR,2023-10-25,3.7200000286102295,155.6756945106744,139.71038663106577,143.75027237176278,126.56733562365126,106.9931162562161
BTDR,2023-10-26,3.190000057220459,156.2344685055495,142.4327459020808,145.73663074588055,127.74783178798018,108.03459786407824
BTDR,2023-10-27,3.7799999713897705,156.542972716391,147.59333391881088,147.8961885564645,129.44042108332627,109.43021103566602
BTDR,2023-10-30,3.619999885559082,156.1752607039657,147.07259269948,147.94482335567855,129.5143659973154,109.49985762317228
BTDR,2023-10-31,3.740000009536743,155.409395634098,147.01687239220294,148.04999675059435,129.59316663360266,109.5613646228418
BTDR,2023-11-01,3.829999923706055,156.59792908862823,147.22681315210363,148.10090089963762,129.64049220341775,109.59591581458872
BTDR,2023-11-02,3.819999933242798,154.81104536222978,146.62386748944004,144.0575847889322,129.63924820109327,109.59528836440728
BTDR,2023-11-03,3.990000009536743,154.7966720328357,146.94697537683362,141.50991172728325,129.76848292628603,109.69657503211432
BTDR,2023-11-06,3.890000104904175,154.54043171417916,131.23653094769463,141.51613242965422,129.78821459449986,109.71748699699673
BTDR,2023-11-07,3.799999952316284,149.71956365870128,131.0806806965403,141.51415071856246,129.8035593720715,109.73417953704528
BTDR,2023-11-08,3.7699999809265137,148.12153462650102,127.77589623415273,124.59278262721077,129.80202548940073,109.73417256556972
BTDR,2023-11-09,3.5299999713897705,148.36543517557976,127.0245250984526,124.6392364610038,129.99405187116443,109.9071752368499
BTDR,2023-11-10,3.9700000286102295,154.68708168128276,130.19237601612144,126.24250978024077,130.8125654071716,110.57847068878272
BTDR,2023-11-13,3.7699999809265137,154.58909086496425,130.325860774319,126.0719985046674,130.9250009618016,110.68148489539288
BTDR,2023-11-14,5.0,177.67330197307746,144.01085299459334,134.40112397965808,135.2901608586551,114.3253792692251
BTDR,2023-11-15,4.28000020980835,182.0656270231832,146.6660393205568,136.36778580672518,136.46792680433782,115.33750735046917
BTDR,2023-11-16,3.990000009536743,182.2476966790855,146.99642905063487,136.6076425907984,136.6836042647882,115.52881745234176
BTDR,2023-11-17,4.0,182.39972406624813,147.0685036519798,136.6206023678791,136.6847598241605,115.53029516396089
BTDR,2023-11-20,4.760000228881836,188.836368865699,152.08363547643532,138.02850587023562,138.32314741813383,116.88885350464464
BTDR,2023-11-21,4.139999866485596,191.2385001922076,154.05923085555875,139.35554253228523,139.24246079025966,117.68268872913386
BTDR,2023-11-22,4.110000133514404,178.49292318090414,154.06486704074428,139.2399671225235,139.23180003736894,117.68192308332031
BTDR,2023-11-24,4.320000171661377,179.3425390380259,154.55585918122935,139.45075271675148,139.3833501332625,117.80260778303904
BTDR,2023-11-27,4.179999828338623,167.384219086844,154.57999549563402,139.07211451996866,139.41992290105463,117.8340366669192
BTDR,2023-11-28,4.550000190734863,164.87107936271116,155.75850163509702,139.8563524866513,139.82532953811102,118.16504318673988
BTDR,2023-11-29,4.699999809265137,165.06257232351663,156.03671111734715,139.76063458687082,139.89352884018442,118.21902157119646
BTDR,2023-11-30,4.5,161.50759369767437,155.96884843604565,139.74663423872974,139.96808222057882,118.28735307931537
BTDR,2023-12-01,5.0,163.23983448665572,157.84427149282817,140.7305306347814,140.57304798151026,118.78542726485794
BTDR,2023-12-04,5.300000190734863,162.10521910516488,158.5319851968858,139.0170498246802,140.76671172913845,118.94143528649666
BTDR,2023-12-05,5.579999923706055,159.27526108963414,157.96467423327456,139.2796947000652,140.9190778339308,119.06105106947724
BTDR,2023-12-06,5.699999809265137,158.93091512345825,157.59006192905912,139.2950198240639,140.94925179960973,119.08467501626863
BTDR,2023-12-07,5.769999980926514,151.32695202183132,157.0726571532021,138.56705699959522,140.9598427098078,119.09315722813874
BTDR,2023-12-08,6.230000019073486,143.59160628652674,157.23139913094582,139.12728994368615,141.27836334527458,119.35515126437414
BTDR,2023-12-11,5.550000190734863,141.94112350209025,154.32005219496386,140.14751142097836,141.90333501638565,119.89377195661687
BTDR,2023-12-12,5.949999809265137,141.8366611078693,155.2648358163984,140.36545678277366,142.1669438597901,120.11007951612191
BTDR,2023-12-13,6.489999771118164,143.23502811313108,156.10101159949463,140.39996725044116,142.5631076407084,120.43987212631852
BTDR,2023-12-14,6.590000152587891,143.22831322689092,156.02671207868923,140.43170719346,142.57717914897165,120.45196317802268
BTDR,2023-12-15,7.900000095367432,150.64561485316594,160.52406916406218,143.49261231425115,144.23083172476723,121.835946585153
BTDR,2023-12-18,7.789999961853027,150.9276353839778,158.7677065532847,143.50352057809135,144.23796121626194,121.84275453335736
BTDR,2023-12-19,7.840000152587891,150.33504026627463,158.28179214357067,143.51017358689592,144.241097222713,121.84503884313212
BTDR,2023-12-20,8.180000305175781,149.7653563849826,155.13421204480565,143.63902744327038,144.33601033186542,121.92289446884502
BTDR,2023-12-21,8.449999809265137,149.4378649381534,154.97625396778,143.71261748617542,144.21328450868464,121.96868150234556
BTDR,2023-12-22,10.220000267028809,153.98738431435228,159.89614084792348,146.9111617939005,145.92836431088244,123.45521798346606
BTDR,2023-12-26,11.4399995803833,153.77573880780955,161.4891826701517,147.92539065788324,145.96213987140703,123.96982280055757
BTDR,2023-12-27,13.670000076293944,156.87256056573636,165.42723331985923,149.94483421451244,143.25494127447735,125.23708887517972
BTDR,2023-12-28,13.220000267028809,140.87623668762953,164.08637490122376,149.970559517321,143.19350987842995,125.28471313669772
BTDR,2023-12-29,9.859999656677246,161.05516768210788,175.18549885836316,157.13991264356696,145.85514159920473,128.69010768183608
BTDR,2024-01-02,8.880000114440918,163.17701800229287,176.08462595900005,157.815809660937,140.2692172474245,129.11178412732147
BTDR,2024-01-03,8.020000457763672,167.27217544924954,177.30374007781114,158.44468543701663,140.78041150226056,129.50797521942533
BTDR,2024-01-04,8.020000457763672,161.13312302492668,175.70863615385804,150.72843038154738,140.73444617985783,129.5056915068726
BTDR,2024-01-05,8.109999656677246,154.1464987249642,175.40263398424793,150.56686616896303,140.63632158395586,129.5114210267726
BTDR,2024-01-08,9.079999923706056,156.06208890798192,168.93076302443762,150.38445864893438,141.16154435310293,130.01215794536228
BTDR,2024-01-09,7.889999866485596,163.16676555161084,171.56021674872508,151.60320101095863,141.8375907807011,130.76271000181728
BTDR,2024-01-10,7.639999866485596,163.14585038609124,164.8640296759789,151.55561404714211,141.83214905159562,130.79799416753357
BTDR,2024-01-11,7.190000057220459,163.5810820740921,163.0514872846032,151.74751680903088,142.01722494643082,130.93284217119842
BTDR,2024-01-12,6.150000095367432,170.83782759757932,166.57017292332492,153.45653569246994,142.63989527593606,131.84365007268852
BTDR,2024-01-16,6.71999979019165,171.60293576919733,165.2714168976957,154.19962044483998,143.0275576766973,132.15566459483424
BTDR,2024-01-17,6.53000020980835,169.74620385791388,165.1364245194849,154.23662344985357,143.0583011083132,132.18288872243514
BTDR,2024-01-18,6.190000057220459,170.01130674360348,164.95514048886346,154.4055621717644,143.17472478143858,132.28319689241948
BTDR,2024-01-19,6.400000095367432,169.66319792556718,163.71075241557415,154.4424593860945,143.2113732800677,132.33055545364255
BTDR,2024-01-22,6.800000190734863,170.3816238311708,163.7608499613883,154.82086490751414,143.25079791059247,132.4784725681
BTDR,2024-01-23,6.150000095367432,173.12573670410362,161.5187558823653,155.4830670046954,143.38485480697975,132.84555750638393
BTDR,2024-01-24,6.239999771118164,171.73053671801568,157.94846533325045,155.4771129048437,143.39477968915622,132.85585655685816
BTDR,2024-01-25,6.599999904632568,168.86978732904004,154.76229559769482,155.80134503972909,143.2330744462854,132.98313858884077
BTDR,2024-01-26,7.599999904632568,172.4502992139479,156.68797336904828,157.2921640988063,144.16797237290885,133.74901249916712
BTDR,2024-01-29,8.989999771118164,177.2028049298221,159.85844053469333,159.67133264998816,145.4896571329174,134.81573910134912
BTDR,2024-01-30,8.979999542236328,177.23095176418474,159.87890113311818,159.48596081858477,145.0224328316583,134.81573303787883
BTDR,2024-01-31,8.1899995803833,171.94394452576162,161.32578704366327,159.98880403386872,145.44054948315684,135.12554094944267
BTDR,2024-02-01,7.940000057220459,172.14487079685338,161.44060024757755,160.04801822267464,145.48310090308055,135.1588005962899
BTDR,2024-02-02,7.659999847412109,172.45808720624157,161.55750935477138,159.3544897400552,145.53618263905938,135.20259532776112
BTDR,2024-02-05,6.929999828338623,174.2948594866071,163.0205168725314,159.74142165876904,146.03243232936504,135.56365373908508
BTDR,2024-02-06,6.78000020980835,173.97669774752617,163.11118573020863,159.4817208591704,145.8209122759844,135.57861162198276
BTDR,2024-02-07,7.090000152587891,164.47433203404867,162.4956117829907,159.23700985187307,145.77605101688883,135.6581118158202
BTDR,2024-02-08,8.25,167.39087457400836,163.58943229161014,158.83004885637547,146.83930304927543,136.51933499938636
BTDR,2024-02-09,7.889999866485596,157.7064631667279,163.47783018499518,158.95736479419924,146.8202447285937,136.58047287723787
BTDR,2024-02-12,9.15999984741211,164.90817506952777,156.19991811603984,160.61090995095006,147.79968158217324,137.40671136980853
BTDR,2024-02-13,7.960000038146973,147.28462934520684,155.54688010824685,161.92433666440414,148.76236637960315,138.11602161356035
BTDR,2024-02-14,8.75,147.14150879616315,155.5702697447945,162.4840877439587,149.10282981399507,138.44783907821562
BTDR,2024-02-15,7.489999771118164,151.1186313127443,159.35271295399812,163.17067449172626,150.25857081016693,139.30893432332914
BTDR,2024-02-16,6.929999828338623,152.68697352771042,156.64745775209414,163.27335084082307,150.52903300287596,139.5176925137574
BTDR,2024-02-20,7.170000076293945,153.03942223486723,153.75904407999786,161.39323361943414,150.55820943371938,139.56340293967233
BTDR,2024-02-21,6.710000038146973,149.90978727675267,154.5025889733281,161.51159609424062,150.70687187045743,139.71334523073887
BTDR,2024-02-22,6.78000020980835,144.79606989102837,154.2595588892513,161.51121646877093,150.7086058199741,139.71856683291858
BTDR,2024-02-23,6.480000019073486,145.0580126375457,154.41803379656164,161.63384202593528,150.6047016867881,139.78601889755873
BTDR,2024-02-26,8.010000228881836,157.06921608221091,159.2667499524635,165.229288695379,152.58808311248964,141.41370763477616
BTDR,2024-02-27,7.860000133514404,149.79998583704588,159.2974872474197,164.45889538908725,152.60925097614202,141.42482554858782
BTDR,2024-02-28,7.179999828338623,150.4343478342084,160.2419550835683,165.04482861482123,153.00373059366595,141.70628244257938
BTDR,2024-02-29,6.619999885559082,152.1320823204615,159.950984446928,165.25871134132254,151.26827126174103,141.92977260600526
BTDR,2024-03-01,6.760000228881836,151.3665641543858,159.5992907483977,165.26789283237048,149.9287579688819,141.94799342838047
BTDR,2024-03-04,6.829999923706055,151.1110958749842,159.29947197621524,164.29768582312298,149.92829077400282,141.95304577823268
BTDR,2024-03-05,6.480000019073486,150.86804233259983,159.66387665934937,164.28254737000665,150.0488057375403,142.04376471658838
BTDR,2024-03-06,6.590000152587891,147.99163634278392,159.67915384715226,159.45890815384234,141.8155485420867,142.05571926280757
BTDR,2024-03-07,6.869999885559082,148.3936482782731,159.14097883380322,159.55107465117575,141.74233372638182,142.12219319394114
BTDR,2024-03-08,7.360000133514404,148.8359884146576,157.82306586234768,155.65272608963937,141.98098583890385,142.29337091940275
BTDR,2024-03-11,6.329999923706055,149.4497527641569,160.39333169596287,156.19206439709887,142.93888710366346,143.0740835797707
BTDR,2024-03-12,6.289999961853027,140.05195852676437,159.3971071010357,156.19941753309132,142.9393450032304,143.07416216349588
BTDR,2024-03-13,6.739999771118164,141.98709164935323,160.00538191651052,155.2570851430055,143.150663547517,143.2511703920929
BTDR,2024-03-14,6.460000038146973,140.19739561692342,155.71153157021166,155.27426430034987,143.1495380179051,143.3085218262234
BTDR,2024-03-15,8.0,153.97160728255835,161.9216098570296,158.3070637039259,145.42297463231765,144.9245249050221
BTDR,2024-03-18,7.400000095367432,155.30654160356102,162.71014392907867,158.1558583105756,144.9028076006529,145.1278051680093
BTDR,2024-03-19,7.429999828338623,152.4445080026186,162.46261920079274,157.976956898887,144.7497738871694,145.1287807513944
BTDR,2024-03-20,8.34000015258789,155.71618573312003,164.09045318101337,156.45751614154943,145.38352174707217,145.59954999447967
BTDR,2024-03-21,7.949999809265137,156.0749679100116,159.4804915303568,154.5627551140937,145.44823364970748,145.6750283000151
BTDR,2024-03-22,7.159999847412109,152.62984658806866,158.89407119925264,153.43986911239932,145.77552041633106,146.04159692834756
BTDR,2024-03-25,7.210000038146973,152.18977782352337,154.14200947785093,153.2332931574012,145.76948382058958,146.04410603437694
BTDR,2024-03-26,6.929999828338623,145.46638277675416,154.18591923734348,153.3535478178522,145.72765509202117,146.09319311154357
BTDR,2024-03-27,6.920000076293945,140.0570513217789,142.5068369051694,153.33208550706203,145.64151975989586,146.0929509501423
BTDR,2024-03-28,7.019999980926514,137.01104897190126,141.06323198048767,153.33170877615188,145.51098771314554,146.0999990446392
BTDR,2024-04-01,6.960000038146973,129.6249193078987,139.5844565957512,153.2308310621776,144.46136320479414,146.1005978954345
BTDR,2024-04-02,7.0,127.65594665227025,139.59354006271283,153.15046631875057,144.43940261549955,146.1022748712035
BTDR,2024-04-03,6.940000057220459,127.27517401799126,139.5711147096606,153.09644608012664,144.41619374296184,146.10378212743785
BTDR,2024-04-04,7.039999961853027,125.8217410119392,137.53131183758816,153.0855632539584,143.9776903692799,146.11252950993338
BTDR,2024-04-05,7.050000190734863,125.79421852858476,134.57021573683022,152.65187319999674,143.91735277698157,146.11276588220176
BTDR,2024-04-08,7.099999904632568,125.02311884199128,134.43284675353132,151.61925821688789,143.88615924990208,145.99075819204756
BTDR,2024-04-09,6.809999942779541,108.744682110362,134.12976010581608,151.5310941747909,143.76470518355086,146.0076872184576
BTDR,2024-04-10,6.670000076293945,108.76617135392364,130.24594676745534,144.9519183177663,143.35537918274937,145.5909195475665
BTDR,2024-04-11,6.570000171661377,105.79998083780076,129.00589575029517,142.74410159220568,143.36231982949798,142.62784275920492
BTDR,2024-04-12,6.039999961853027,105.9899050015872,130.02146418584667,142.94630066597668,143.6865534985308,142.79278032431426
BTDR,2024-04-15,5.650000095367432,107.30386699069528,130.27722055502298,143.3886013134029,143.88443160269858,141.771789033712
BTDR,2024-04-16,5.420000076293945,107.67222059490425,130.32517794598957,140.925784210608,143.9550981679269,137.40479919216523
BTDR,2024-04-17,5.539999961853027,107.13654730603275,129.76102058237925,139.1375393164324,143.9564727673244,137.41241119775896
BTDR,2024-04-18,5.690000057220459,107.35142749685372,128.30764750450305,139.17881221153075,143.98496963535055,137.40999438957547
BTDR,2024-04-19,6.019999980926514,107.99069679642814,128.8137285514668,139.23843046870175,144.15651219728522,137.45787162091284
BTDR,2024-04-22,6.650000095367432,110.1410661772116,129.93302214024706,139.94650501202045,144.63391278043477,137.75638756867318
BTDR,2024-04-23,6.710000038146973,100.91085243127344,126.58962170117952,139.3571855979267,144.32998855640352,137.51096762253687
BTDR,2024-04-24,6.480000019073486,101.451947937204,121.6825425026823,139.4158190485403,144.31112757830135,137.50927094197144
BTDR,2024-04-25,6.460000038146973,99.37694948577108,121.68020181068148,139.218751767423,144.28891934528556,137.50955955179188
BTDR,2024-04-26,6.349999904632568,98.7386724549423,120.36450666071308,138.29509904227035,144.16466940310397,137.09345543529577
BTDR,2024-04-29,6.03000020980835,76.0164419663937,120.6356422061104,138.26594081334895,144.17573381681308,137.18209001549133
BTDR,2024-04-30,5.489999771118164,77.38543672803635,121.8555601597246,138.84605667822058,139.91940078585554,137.49105639635812
BTDR,2024-05-01,5.5,77.35313192672426,120.25578793746534,138.8039277647485,139.8145261070045,137.47723157013178
BTDR,2024-05-02,5.639999866485596,68.53646074173487,120.3407048083359,138.8488860905992,139.0519450963671,137.48727318477225
BTDR,2024-05-03,5.739999771118164,68.26950571146442,120.00862090976489,138.33125769694553,138.87986025580227,137.39517765330328
BTDR,2024-05-06,5.840000152587891,62.6241299872221,115.67588732277753,137.1282136679873,138.83740735734207,137.1403749467204
BTDR,2024-05-07,5.75,62.53414332906976,115.41183688477848,136.70174748965073,138.8039696128822,137.14841038132215
BTDR,2024-05-08,5.644999980926514,61.88833247720914,110.8486327111604,136.01199278301004,138.7340199472308,136.92948927996846
BTDR,2024-05-09,5.789999961853027,62.5751273534592,107.5520067526229,136.05283269111797,138.7701098092351,136.9321544871493
BTDR,2024-05-10,5.5,63.614396679988005,105.90765014618717,133.08530285285457,138.87924806417533,137.0093188035193
BTDR,2024-05-13,5.449999809265137,63.61493277161004,101.335617363864,133.07783950153856,138.87552150604455,136.67704278204772
BTDR,2024-05-14,5.380000114440918,63.49082545178226,100.22205046527692,133.0763450650871,138.8242768552397,136.6685691360182
BTDR,2024-05-15,5.659999847412109,65.79221705534034,100.55203965412323,133.15603518128933,138.98165735029835,136.75753935958528
BTDR,2024-05-16,5.860000133514404,66.62226720000724,100.00590832440533,133.17207620477564,139.0257226839415,136.7913154998078
BTDR,2024-05-17,5.710000038146973,66.82474147330373,100.08676368284344,129.53419279912802,139.02632112443766,136.81433709662682
BTDR,2024-05-20,6.03000020980835,69.07251518550187,100.37025383852618,128.50277863402354,139.19635103791367,136.74601165638225
BTDR,2024-05-21,5.909999847412109,68.36732089680359,90.05677474418296,125.06535666934153,139.0289948959936,136.66487416120384
BTDR,2024-05-22,5.900000095367432,68.20159346036516,90.01289134999313,125.00482408895788,139.02655052498864,136.6601514592933
BTDR,2024-05-23,5.630000114440918,69.25915949225492,88.6723536400732,116.5285773523596,139.00537413760352,136.6379570191802
BTDR,2024-05-24,6.059999942779541,68.71555801678969,88.59486685137327,116.10604984870176,139.2321886462064,136.8046722077727
BTDR,2024-05-28,6.110000133514404,65.74820449440378,88.49583948951826,115.05017634578915,139.23889731425356,136.79853347788918
BTDR,2024-05-29,5.980000019073486,64.82801180414145,88.55189049680709,115.08788106910256,138.76052832405304,136.76622177335375
BTDR,2024-05-30,5.820000171661377,65.1603748092777,88.08529906826249,115.1289691444436,138.55761315828633,136.78208512581577
BTDR,2024-05-31,6.130000114440918,66.3991038659526,88.69289405858889,113.96082265941664,138.53315834468597,136.85901276539116
BTDR,2024-06-03,6.340000152587891,65.11179811043282,88.54420392135887,111.9854515719556,138.3334045887159,136.88193439352486
BTDR,2024-06-04,7.150000095367432,68.02550545013574,90.87781759768724,113.5490362082507,137.63196724313028,137.34846523239827
BTDR,2024-06-05,7.010000228881836,68.29436459304972,85.42767726299618,113.18341416263426,137.64553244056046,137.36385781356063
BTDR,2024-06-06,7.320000171661377,68.43706920683167,85.83234264957446,110.5858504922802,137.6162444695707,137.26572567915193
BTDR,2024-06-07,7.300000190734863,68.43391986237735,84.70780918823844,109.70604940918278,137.51632551055783,137.2166104699352
BTDR,2024-06-10,7.289999961853027,68.16023793009525,84.21835217739061,109.60467656613486,137.3842424083049,137.21668293070758
BTDR,2024-06-11,7.539999961853027,66.50431564930595,72.08741199100163,109.37331859162748,136.71596846976055,137.2530561519452
BTDR,2024-06-12,8.15999984741211,62.37220810569429,72.10685054447433,109.9455476906411,136.8320388218425,135.8496742778883
BTDR,2024-06-13,9.850000381469728,80.25015510887695,81.62215110214011,113.4741604982391,137.31143654759092,136.0830231365414
BTDR,2024-06-14,9.949999809265137,80.27546731340594,78.29934517171294,112.24110218123776,137.20780830533985,136.08257627713934
BTDR,2024-06-17,9.380000114440918,83.39393213879877,78.63949368513327,112.68500275072668,137.3687152725094,136.21182544770778
BTDR,2024-06-18,9.079999923706056,84.58656352925009,75.76760530128541,112.5216009163452,137.40849420956025,129.8575866948118
BTDR,2024-06-20,9.859999656677246,86.28964466541252,77.454348021186,111.0676207911925,137.75660274974425,129.98102618118855
BTDR,2024-06-21,9.510000228881836,87.08803339564182,77.37186319825847,108.01660790836613,137.2800956654986,130.02234456273467
BTDR,2024-06-24,9.199999809265137,88.26506489000965,77.76112742937973,108.1488244415866,137.31575391977515,129.97306802897845
BTDR,2024-06-25,10.029999732971191,88.23315080259633,79.52217094781618,107.98114889259828,137.49322089638244,130.265121835881
BTDR,2024-06-26,9.25,92.64135562346333,81.44692544094204,108.65916873684009,137.81141916726062,130.47315949772894
BTDR,2024-06-27,9.779999732971191,92.8096835278787,82.114350824098,108.82906243674752,137.2870650566512,130.5261042829969
BTDR,2024-06-28,10.260000228881836,92.73183681661796,82.51344492569854,107.80947223775604,137.26203944800574,130.61344990932506
BTDR,2024-07-01,10.59000015258789,92.69325567537332,82.65990486025143,107.8182662962555,134.0409571236088,130.0352466992171
BTDR,2024-07-02,11.609999656677246,93.93626658488456,84.47059008364565,108.5257976971908,134.42162368762516,130.22924653843
BTDR,2024-07-03,11.829999923706056,93.4856440323611,84.49726608096407,105.97740406845146,131.62068494589695,130.2177072910143
BTDR,2024-07-05,11.539999961853027,93.68210985213284,84.13883158036808,105.79454555956318,130.71424793573337,130.21590401699896
BTDR,2024-07-08,12.420000076293944,94.53866611433423,84.938074608517,103.80821331279432,130.9576075054432,130.29589981959285
BTDR,2024-07-09,11.210000038146973,99.45305904088016,87.89428785674882,102.6423748354569,130.74508290915594,130.69239645822776
BTDR,2024-07-10,10.90999984741211,99.28048494318983,86.07562594669687,101.7040810373923,130.68846127383978,130.64513272155793
BTDR,2024-07-11,10.170000076293944,102.61011999178491,86.2111160782651,99.20933788414072,130.7411959409596,130.75278863909753
BTDR,2024-07-12,10.56999969482422,102.12816869377136,85.73514285787356,98.51453166660656,130.30980391425388,130.6858763288256
BTDR,2024-07-15,11.479999542236328,102.771906003291,86.95411297599838,99.18764962455748,130.48591941513305,130.14998445267244
BTDR,2024-07-16,11.18000030517578,103.34221304538455,87.25622953229697,98.66193668601866,128.87133625410155,130.1595723287692
BTDR,2024-07-17,10.31999969482422,107.22033750476332,88.71008070273061,99.57880865664282,127.87620409922307,130.3851506845661
BTDR,2024-07-18,9.43000030517578,106.82912424224982,88.95921930319614,100.39891436134238,126.9009043099647,130.31304096350135
BTDR,2024-07-19,10.984999656677246,114.19452908443871,93.91082317447172,97.67135115784184,127.96279681684322,131.16283044119436
BTDR,2024-07-22,11.800000190734863,115.09481226083386,94.35723115691717,98.20563227019704,128.15900966664938,131.32598057398016
BTDR,2024-07-23,10.899999618530272,118.27093256986412,96.08666637880891,97.94798054627137,128.54215628011357,131.39977186278654
BTDR,2024-07-24,9.880000114440918,122.57437575932305,98.42792862274608,98.36270431978495,129.12714391196954,131.4182483386565
BTDR,2024-07-25,9.649999618530272,122.740615697641,97.87376198153092,98.42133994421395,129.0912930012137,131.43891179955045
BTDR,2024-07-26,9.869999885559082,120.98876751054044,95.5902277337294,98.46185629397527,129.05752781103047,131.4569546926787
BTDR,2024-07-29,9.600000381469728,108.30217933315038,95.8867605783185,98.17873393986152,129.07203860451045,131.4859365066739
BTDR,2024-07-30,9.079999923706056,109.39675169816384,96.7429184697226,98.61016672199152,129.26373272318202,131.6027928335284
BTDR,2024-07-31,9.079999923706056,108.10377373314432,96.73517799802464,98.41870109378644,128.9915454751881,131.5846014885646
BTDR,2024-08-01,8.3100004196167,110.71261546453393,98.69906786013654,98.9007062416565,128.77204938247263,131.8630179649604
BTDR,2024-08-02,7.355000019073486,112.8541325749032,102.04498816205148,97.87840623026835,129.46884794853543,132.41905423000765
BTDR,2024-08-05,7.309999942779541,112.57956842486472,101.96011511170576,97.87799949117964,125.1555969796345,132.3932962054128
BTDR,2024-08-06,8.380000114440918,119.89805916569274,105.43094541019742,99.6355592794579,124.7487882585724,132.8598321134564
BTDR,2024-08-07,7.659999847412109,119.3451607176691,106.6152158730346,100.45661956806336,124.9344361177296,133.1085831139049
BTDR,2024-08-08,8.4399995803833,121.14871730695911,108.19804296149684,95.78035257997595,125.4215694133086,133.44766030515464
BTDR,2024-08-09,7.889999866485596,121.21304335307669,109.20361122760782,95.57422682857,124.06501252451044,133.51737734697207
BTDR,2024-08-12,7.610000133514404,120.33930478931968,109.14776137419692,95.75045634222184,122.99319632659572,133.4756905355484
BTDR,2024-08-13,7.889999866485596,120.48071162180749,109.16454604189704,94.13265017590771,123.04747604537476,129.9961614986418
BTDR,2024-08-14,7.730000019073486,116.57159813862371,109.10444501774396,93.88205606426172,122.95697376786356,129.91786630031302
BTDR,2024-08-15,6.329999923706055,127.9612416331821,116.38565741987983,97.71171323738396,125.21261535021787,130.82458486126575
BTDR,2024-08-16,6.460000038146973,128.50725938191866,116.37034115735084,97.76328040331758,124.84631634639123,130.70459751032175
BTDR,2024-08-19,6.889999866485596,127.96497544889752,117.08036916932788,98.1146893552707,125.0136793197908,130.82223433847375
BTDR,2024-08-20,6.730000019073486,125.5453092754402,116.75670133936408,98.18504373237616,124.93335630369188,130.80460134304252
BTDR,2024-08-21,6.909999847412109,126.12740198585756,115.93498540853857,98.24932669269782,124.3638027780148,130.78323912425233
BTDR,2024-08-22,6.989999771118164,125.2512584899698,115.94426701708971,98.2572451713519,124.1878288622463,130.785372541731
BTDR,2024-08-23,7.539999961853027,127.01886001408305,116.80319178854896,98.98624607634224,124.358239193599,131.0202831798088
BTDR,2024-08-26,7.230000019073486,124.11911202232795,117.01111783036067,99.2080414557733,124.44307124057984,131.07449842980964
BTDR,2024-08-27,7.03000020980835,124.13213213770118,116.74900873305532,99.2848563445726,124.48465654864138,131.06446880972192
BTDR,2024-08-28,6.590000152587891,123.51432613165004,117.35668644979968,99.81286831017148,124.39941990448152,131.21036440134603
BTDR,2024-08-29,6.610000133514404,121.5188595182872,114.68309107537289,99.80695516087069,123.63308842049716,131.18107633409753
BTDR,2024-08-30,6.539999961853027,111.080654296745,114.63556188955825,99.60386710353032,123.37034777450266,131.16955755348428
BTDR,2024-09-03,6.0,109.51334945483109,115.55871791003447,100.48159876776327,123.3643791331119,131.4262554126704
BTDR,2024-09-04,5.860000133514404,108.18505298781923,115.63341404122184,100.52092054916292,123.380427512992,131.30077578766068
BTDR,2024-09-05,6.025000095367432,106.48594682644516,115.81213387678868,99.7363155076826,121.51595320957016,131.33556608020473
BTDR,2024-09-06,5.449999809265137,109.216779621263,117.23668042215544,100.44739609016364,122.06864226590844,131.60698589921148
BTDR,2024-09-09,5.71999979019165,110.32142864770596,116.45919747002932,100.52273070278746,122.2100616944404,131.6463691762187
BTDR,2024-09-10,6.269999980926514,114.77277046348134,111.14898646132788,101.50861174908148,122.60028440355144,131.9854253022999
BTDR,2024-09-11,6.289999961853027,114.19032023035496,111.11116315469884,101.42697174567785,122.53505851756164,131.60582044515786
BTDR,2024-09-12,6.659999847412109,115.91127771737568,111.36797554105031,101.4379061241534,120.5990082823165,131.55710660682297
BTDR,2024-09-13,6.889999866485596,114.14814590435014,111.51766265485684,100.34496731853493,119.89808949483708,131.47826227905574
BTDR,2024-09-16,6.909999847412109,108.74698885956995,110.04869263741024,100.33629995824232,117.95287596628772,131.28453379815042
BTDR,2024-09-17,7.119999885559082,109.13199627354408,110.1069608459242,100.28551030265209,117.9668516159261,130.22525213557168
BTDR,2024-09-18,7.119999885559082,101.06105778250782,109.95229650887622,100.2835464699228,112.81497266158142,130.22511842331988
BTDR,2024-09-19,6.800000190734863,98.64894763092678,108.62957069106058,100.52026603259436,112.27389311422893,130.19516648693372
BTDR,2024-09-20,7.130000114440918,95.22773135392156,108.05396120809728,100.43642393939356,111.78306631488095,130.21345578755577
BTDR,2024-09-23,7.110000133514404,93.41006139905691,107.32790094696824,99.26607625383993,111.78332923898402,130.11716021855906
BTDR,2024-09-24,7.309999942779541,93.30359540160724,106.97966033567148,99.34623921472648,111.82524078641154,129.58981374734333
BTDR,2024-09-25,7.539999961853027,93.13552469404476,106.96964536595056,99.38393359133194,111.07136358416268,129.46119314559516
BTDR,2024-09-26,8.0,94.57823548876712,105.89865487905674,99.75958249091292,110.0503749453868,128.58034731820305
BTDR,2024-09-27,8.4399995803833,74.08522131369408,106.4870287943228,100.0544078048432,110.16390324235536,128.60954380775692
BTDR,2024-09-30,7.829999923706055,77.9379930073881,107.3668043370716,100.78816215182692,110.2889034005484,128.81267550355903
BTDR,2024-10-01,6.940000057220459,84.17599263678936,108.55763489081248,102.63337713213303,109.65571183681092,129.3594182850242
BTDR,2024-10-02,6.929999828338623,83.87773158465734,106.82958877246432,102.5666863571783,109.1552532943076,129.35939578293812
BTDR,2024-10-03,6.945000171661377,83.53294068470736,106.77441555744612,102.21157671033929,109.1014730377538,128.95758422077358
BTDR,2024-10-04,7.300000190734863,84.71610475072318,106.59817514942314,102.4717231608881,109.06894871412614,129.0422279998541
BTDR,2024-10-07,7.059999942779541,82.26992800761182,106.34685967926514,102.604043298325,109.07553523551586,128.94108956410915
BTDR,2024-10-08,7.070000171661377,81.4029140372971,104.72388621798112,102.31482129303782,108.8411370351182,128.92400848619195
BTDR,2024-10-09,6.769999980926514,81.96803387591711,104.90753693940464,102.4342397706826,108.30580605356334,128.4965181692941
BTDR,2024-10-10,6.869999885559082,79.83440510183199,103.93449016352687,102.36077459844228,108.30605272796356,128.39479276505617
BTDR,2024-10-11,7.570000171661377,84.51379065694847,104.5973058253491,103.13693658227216,108.70926658466344,126.3263725201547
BTDR,2024-10-14,8.130000114440918,86.55295390138875,100.66256015121498,103.6526458318792,107.75121478612655,126.50465789484495
BTDR,2024-10-15,7.769999980926514,83.47410503027933,99.70954667255012,103.93558697978888,106.0222531361484,124.52127071678444
BTDR,2024-10-16,8.350000381469727,84.85404253151306,99.84105590544314,104.2037749493924,106.37158717320884,124.02914489856543
BTDR,2024-10-17,8.069999694824219,85.73296923967288,98.11744028120305,103.77288592562108,105.8881891571362,124.08239972815534
BTDR,2024-10-18,8.680000305175781,80.97710365481417,99.25364414211968,104.36359057529276,106.17404074843832,123.67103744818957
BTDR,2024-10-21,8.319999694824219,82.04135104461928,99.46574057373812,104.54317716579816,106.20795142376728,123.67876941277407
BTDR,2024-10-22,8.199999809265137,78.83380733999068,99.36134930225624,104.46898584003586,105.54718869591424,123.5087640575838
BTDR,2024-10-23,7.71999979019165,81.34557990816579,99.47144712383984,104.66238426675764,105.76193616058592,123.33213771548364
BTDR,2024-10-24,7.739999771118164,79.9369903067976,99.47586470129735,104.54142151253056,105.63265684546876,123.21926074958232
BTDR,2024-10-25,7.53000020980835,79.98792227340446,97.99796465647256,102.9060007568931,104.1422781497288,121.94421110613052
BTDR,2024-10-28,9.369999885559082,101.51189315136575,104.75492913694966,108.51502706911462,107.18573231248736,122.82753537044854
BTDR,2024-10-29,9.229999542236328,101.58733688674212,104.80784057349013,108.3575839588752,105.73872741812497,121.71377315112022
BTDR,2024-10-30,8.680000305175781,103.5829508667293,101.9151616306528,108.82695738278798,104.66926857250026,121.79753262784634
BTDR,2024-10-31,7.789999961853027,107.80912231149442,102.67683723906458,110.21645129472022,104.85175359606676,122.272154242994
BTDR,2024-11-01,7.829999923706055,107.04228235216831,100.68872191143907,110.09155731287254,103.22215334416794,122.25441921047997
BTDR,2024-11-04,7.130000114440918,110.6565732403636,101.56563975366976,110.36385004379476,103.40872126472108,122.63354544652717
BTDR,2024-11-05,7.809999942779541,113.51837503537509,103.05854886774416,107.14703045880762,103.8910907543598,122.88535075905396
BTDR,2024-11-06,8.510000228881836,115.81682787545796,104.2900122398947,108.04131389102814,104.0737512011727,123.13354557231816
BTDR,2024-11-07,8.899999618530273,115.29429898753018,104.566589668723,107.8933174789039,104.19560432870234,123.17502546643118
BTDR,2024-11-08,8.960000038146973,114.3248312430393,95.70311828994012,107.77698634583555,104.04855474816364,123.17023890991756
BTDR,2024-11-11,11.34000015258789,130.44592833266768,106.64013568913866,113.36036717503548,104.75460747518024,125.14067786569431
BTDR,2024-11-12,10.970000267028809,125.0469673053431,106.3633690328247,113.33630744829355,104.80814890845272,124.6828112379403
BTDR,2024-11-13,10.600000381469728,125.7891470052944,106.52203825001448,113.34554158220298,104.32100874879076,124.61691870767385
BTDR,2024-11-14,10.739999771118164,125.73835779256429,106.45657059006308,112.54152253991822,103.85576502268157,121.44929152752324
BTDR,2024-11-15,11.09000015258789,125.40947273075054,106.57419287173262,111.88277143930358,103.89167096207557,120.43550050656025
BTDR,2024-11-18,11.850000381469728,125.46656437809168,106.33361893452027,112.02485904037567,104.15977610982524,120.36737367531732
BTDR,2024-11-19,11.539999961853027,126.03279515129552,106.0727967989364,111.86994432686105,104.00909676120082,120.406725925513
BTDR,2024-11-20,11.890000343322754,124.80007015141447,105.900910472959,111.85796264136442,104.0446067741959,119.22363695968956
BTDR,2024-11-21,11.1899995803833,126.90812470270434,105.78685036054164,111.32719157238122,104.21785266723454,118.53149323801227
BTDR,2024-11-22,11.539999961853027,124.67748375225376,105.87492234130518,111.3961752317606,103.97444147893158,118.5564556805296
BTDR,2024-11-25,12.329999923706056,124.48047573480936,106.42718708254048,111.821624155771,102.63278055368484,118.63120782138432
BTDR,2024-11-26,11.15999984741211,127.68549770541146,106.98679287095308,112.32909767298058,103.3533454356302,119.02799551617076
BTDR,2024-11-27,12.229999542236328,128.60593618807664,108.02408475119132,112.09254965089976,103.5888625010912,119.07589669837148
BTDR,2024-11-29,14.270000457763672,134.11617808667847,111.84295942692611,114.6096461793438,104.97136677783008,119.98853993736758
BTDR,2024-12-02,13.84000015258789,133.8571647212407,109.68181857171436,114.13941778037253,102.04998704236137,119.94380536364056
BTDR,2024-12-03,14.789999961853027,133.4789866296278,109.9742105764946,114.44454461103076,101.86596439448168,119.67766618277504
BTDR,2024-12-04,16.079999923706055,134.35385192999877,109.745313353011,114.46296018242236,102.30239420241271,119.81923484771352
BTDR,2024-12-05,16.979999542236328,132.3123523390156,109.99842746899972,114.64668956808843,101.6203230370673,119.83135161424738
BTDR,2024-12-06,21.01000022888184,142.6820729600851,116.87452212308172,118.53703281935412,104.39615367552392,121.62188520760652
BTDR,2024-12-09,20.6299991607666,142.36429248444912,117.08158735706616,117.58024432111876,103.6113542804876,121.64234855497472
BTDR,2024-12-10,18.899999618530277,135.2673889277196,119.04130386008826,116.2256543388858,104.19969450652776,121.78017169526184
BTDR,2024-12-11,19.93000030517578,135.0256847755831,119.24474218769434,115.99449081108072,104.21367022006616,121.27868210984064
BTDR,2024-12-12,21.3700008392334,133.01097553177686,119.67237424732902,115.6414316019372,104.48354810755087,121.27958451759216
BTDR,2024-12-13,20.920000076293945,127.43191905310192,119.2116383971445,114.5026959260222,104.5297832518194,121.02921507729845
BTDR,2024-12-16,23.13999938964844,128.6317082838717,120.2596615402735,115.343908254906,105.1142898481238,121.40666534475672
BTDR,2024-12-17,21.21999931335449,128.02992204155416,122.13917858504682,116.30921505559029,105.69231347224814,120.4525583611696
BTDR,2024-12-18,19.399999618530277,131.97259339957162,124.10286329504252,117.20105084660312,106.2853337405756,120.80274066451716
BTDR,2024-12-19,18.13999938964844,133.81701071649417,125.2304044148201,117.37123958602828,106.62906627464376,121.00949921101764
BTDR,2024-12-20,20.489999771118164,136.6279060316853,126.82925396236662,118.77308446945658,107.5159691904336,121.52627162445344
BTDR,2024-12-23,20.520000457763672,136.7068320303845,126.61403852847592,117.76175165283304,107.51717745083388,121.4919712980689
BTDR,2024-12-24,23.559999465942383,126.35408136016312,127.68684988903718,117.6320221905716,108.49774902906124,120.79883658916896
BTDR,2024-12-26,24.459999084472656,125.21213284402296,124.40368351581546,117.668040721249,108.50758450128733,120.34773467685258
BTDR,2024-12-27,23.649999618530277,125.185396705507,124.82667513951228,116.17638832115584,108.58359297132954,119.11164222264628
BTDR,2024-12-30,22.290000915527344,127.60250000480488,125.84082948418124,115.60449573497375,108.32888403762423,119.21681263597004
BTDR,2024-12-31,21.670000076293945,128.47812769874875,126.05163992356034,114.93207063029074,108.05387061755658,115.51387885431596
BTDR,2025-01-02,22.8700008392334,128.15964464307228,125.79607707731192,114.48044327455877,108.03441001828278,115.1157844039417
BTDR,2025-01-03,26.100000381469727,131.16165785106278,127.82467026658624,115.8379751663409,109.01659134695024,115.33809240797268
BTDR,2025-01-06,23.280000686645508,137.4171500246952,130.1754780221858,117.50166141576256,109.9602996568656,115.9498348065867
BTDR,2025-01-07,19.70499992370605,146.14766390082605,135.7174932387344,120.7419019956968,111.7278781673236,117.2008029584798
BTDR,2025-01-08,18.57999992370605,147.80877619118584,135.57728189410312,116.52509065249929,111.44377781717264,116.84842528733074
BTDR,2025-01-10,18.5,147.1334048364636,135.11890844446103,116.53928902414754,111.44938418689708,115.96166264418426
BTDR,2025-01-13,17.110000610351562,145.81675992600563,135.89603331013714,117.05628964077636,111.7874730016934,116.19372983664591
BTDR,2025-01-14,19.040000915527344,146.58831312763706,136.72670838411742,117.95844156124896,112.4254131970124,116.47653947287692
BTDR,2025-01-15,20.84000015258789,142.41244747709715,137.2441877206238,118.61397651370824,112.83224892255774,115.68091331048136
BTDR,2025-01-16,21.540000915527344,141.92767556195227,136.77889775671423,118.66537009319411,112.66111108951908,115.40987395722746
BTDR,2025-01-17,20.899999618530277,141.633153184205,136.5825688854403,118.3909756265213,112.10898114262436,115.41426088803767
BTDR,2025-01-21,21.709999084472656,140.22565138798876,136.5161345809571,118.17446522988855,112.16531666171366,115.3145529331827
BTDR,2025-01-22,20.540000915527344,140.81295744507517,136.40195504703786,118.48379957893012,112.39287883345575,115.43675533396488
BTDR,2025-01-23,19.7549991607666,126.937671495011,136.8456422644806,118.13784427884876,112.51830850216427,115.38131684751272
BTDR,2025-01-24,20.65999984741211,127.55216537234266,136.6745738142323,118.2522862218389,112.60122840180978,114.97156935165604
BTDR,2025-01-27,15.539999961853027,150.13119518978598,143.6854999410022,127.2203554405789,117.74947931786126,118.55763417583722
BTDR,2025-01-28,16.670000076293945,150.8025658843963,144.15170766982317,126.67388471810744,117.9623927747834,118.6286686015674
BTDR,2025-01-29,17.1200008392334,149.4327803561482,143.41949803696315,126.58342219603686,117.9654321125235,117.8473036674874
BTDR,2025-01-30,18.170000076293945,150.61066799390576,141.55716161941615,126.79249271844868,117.93550420938185,116.8197899067267
BTDR,2025-01-31,18.520000457763672,147.46234579702383,141.5481853738039,125.53406657390089,117.92963089629092,116.83046350962783
BTDR,2025-02-03,17.770000457763672,145.92518820685416,140.2433952565873,125.68451188989891,118.0443888389647,116.52617413305263
BTDR,2025-02-04,16.889999389648438,144.4132295762284,139.97894163321217,125.3986696669172,118.12165148368928,116.6010524231541
BTDR,2025-02-05,16.25,143.57407580046336,139.53060919157454,125.6312067690581,118.19001375181612,116.610505760918
BTDR,2025-02-06,16.260000228881836,138.57936898670482,139.3641163385919,125.405562827317,118.13182553454978,116.15018916599058
BTDR,2025-02-07,16.65999984741211,138.8685019253086,139.392782231781,125.36589702045048,118.01042544357534,116.14114243267366
BTDR,2025-02-10,17.40999984741211,132.87291971997809,131.47640348253373,125.486372609632,118.05741210783532,116.1387645547098
BTDR,2025-02-11,15.65999984741211,134.89750116267402,133.26293946541543,126.76313607882868,118.79506842431056,115.69852799960556
BTDR,2025-02-12,16.15999984741211,135.4272339021303,133.09594492921528,126.81156809062205,118.67119544055612,115.63722037118455
BTDR,2025-02-13,16.579999923706055,135.12712691151535,133.14524911437184,126.54210289268195,118.42122622284865,114.72307953969478
BTDR,2025-02-14,16.5,135.0211533015243,133.06606423079327,126.40941017287616,118.42722436312924,113.82671954983536
BTDR,2025-02-18,15.029999732971191,135.79282572330203,134.0259894893312,127.42585605722932,118.9614751473768,113.85760486317832
BTDR,2025-02-19,14.920000076293944,128.5780961958183,133.89738377791426,127.4056150159332,118.90902459135188,112.75689300726874
BTDR,2025-02-20,14.93000030517578,125.42162452557184,133.7926523425128,127.3520649413776,118.78041637581067,112.46753026065026
BTDR,2025-02-21,13.09000015258789,122.08750283598262,136.02009546700498,128.94450380009988,119.82160398021342,113.22551115765272
BTDR,2025-02-24,13.100000381469728,121.39167695265978,135.89348919697127,128.70995619720037,119.0215975767401,113.0154198221868
BTDR,2025-02-25,9.260000228881836,155.4295698517701,152.88237558792397,139.74392704162997,126.00593880157024,118.29459688428238
BTDR,2025-02-26,10.25,158.59258019772585,153.10893404246755,139.24382400566776,126.46571943691488,118.62598994680138
BTDR,2025-02-27,10.890000343322754,155.99381003858215,152.43543309051074,139.53091850447683,126.65492516102704,116.88657007773124
BTDR,2025-02-28,12.3100004196167,158.21422642097716,151.1812729509276,140.782661999349,127.45187474402093,117.4965862154084
BTDR,2025-03-03,11.31999969482422,158.5928365248348,151.99608255249703,141.31465868548077,127.81035773678926,117.44605496707918
BTDR,2025-03-04,11.380000114440918,158.7562144655299,151.31295915965072,141.1845245388809,127.48424053008904,117.15040405059489
BTDR,2025-03-05,11.68000030517578,158.41100696379263,150.33955992429767,141.22364954115895,125.57611485906574,117.15970668985038
BTDR,2025-03-06,10.949999809265137,158.60718707867306,150.296258666775,141.44817502037895,125.8098446054577,117.34644239736323
BTDR,2025-03-07,11.0,158.6795773717622,143.14906796363238,141.43935044812045,125.61109483421733,117.2191695734196
BTDR,2025-03-10,10.005000114440918,158.92135291448392,144.1757878717991,141.53042416061675,126.05978711352115,117.6093019609417
BTDR,2025-03-11,10.56999969482422,139.86995180656578,143.94543831950295,141.3516661606697,125.85030036064346,117.66228195613012
BTDR,2025-03-12,10.710000038146973,137.89030975681175,143.4338313135712,141.15171840578128,125.78401886347706,117.47461476504644
BTDR,2025-03-13,9.779999732971191,139.02536158654203,143.37878017654762,141.49832768634647,126.18691563409104,116.8460761418481
BTDR,2025-03-14,10.350000381469728,138.88717501760155,144.07493740774424,141.6490188981227,125.95035026316128,116.97212231298256
BTDR,2025-03-17,10.479999542236328,138.74407645169177,142.25212763531542,141.20897373197525,125.5877107462358,116.78280677332916
BTDR,2025-03-18,9.484999656677246,140.58303651430336,142.566884337748,141.95872277183707,125.97545493179862,117.14070709377629
BTDR,2025-03-19,10.56999969482422,145.13473802394813,143.81231256582151,142.94568644165906,126.50156860499362,115.68719328889642
BTDR,2025-03-20,10.0,145.44761916150136,143.6337533389079,142.8930995799034,126.61600435845708,115.55447524619554
BTDR,2025-03-21,10.010000228881836,145.45151885280572,141.01079503340378,142.89332199429734,126.1392816325303,115.55412220764578
BTDR,2025-03-24,11.649999618530272,153.02352131345353,144.9287082302791,144.7534049805192,127.40459593442124,115.96954013052635
BTDR,2025-03-25,10.989999771118164,152.64605253457773,141.9457668884359,140.94524296246948,127.55773006824003,116.01865663565958
BTDR,2025-03-26,10.149999618530272,151.4708482162926,142.20349491887373,141.50935074349306,127.59682141524758,115.8151566691891
BTDR,2025-03-27,9.920000076293944,150.85802597749745,142.15913895611965,141.2088834429555,127.05293238521472,115.83925977159448
BTDR,2025-03-28,9.140000343322754,151.47987581707548,142.53926731719892,140.75083478421277,127.37825650766152,116.06600524343624
BTDR,2025-03-31,8.829999923706055,151.4683938763211,142.57029293776966,140.86611028306788,127.1747592290395,116.12035118979692
BTDR,2025-04-01,8.960000038146973,150.20576988012792,141.98601883661684,140.05655755083518,127.10192948532936,116.12066407399276
BTDR,2025-04-02,9.479999542236328,151.70011946931322,139.4469531240994,139.6042743392359,126.89741461280646,116.24882391288448
BTDR,2025-04-03,8.770000457763672,152.69366384714985,138.55526341455317,139.51843024076845,127.1874797669951,116.51644748119416
BTDR,2025-04-04,8.029999732971191,150.38502766950143,135.8199094332028,140.03436431162834,127.26171651314915,116.85261332093316
BTDR,2025-04-07,8.279999732971191,150.92820592379746,135.82418403978144,140.1196188437844,126.87737536996904,116.88333703666264
BTDR,2025-04-08,7.340000152587891,118.47707618411948,137.5657354066948,136.1765435723225,126.34447102205093,117.50944203552064
BTDR,2025-04-09,8.829999923706055,127.28078116318989,142.89681119777453,139.36165484443202,127.97587359272973,118.94985811342482
BTDR,2025-04-10,7.599999904632568,132.38816735563103,143.54019229438373,141.23843585303214,128.8503159433715,119.8287930597564
BTDR,2025-04-11,7.949999809265137,127.35132755310306,142.4118701708257,141.42368148132567,128.458243150998,119.8925009067476
BTDR,2025-04-14,7.869999885559082,125.64804608779372,142.05055242762973,141.31585632284342,128.43516739644093,119.8869338929014
BTDR,2025-04-15,7.199999809265137,127.47043466031336,142.7966211584574,141.51540473126008,128.82299853198276,119.922491781796
BTDR,2025-04-16,7.380000114440918,127.43364241297036,142.60018077080994,141.5505670805792,128.82348363404992,119.7546717809662
BTDR,2025-04-17,7.619999885559082,127.26411484569464,142.74558074354127,141.56408907395323,128.72161547090028,119.7177584910076
BTDR,2025-04-21,7.599999904632568,127.19950123273142,142.6958361448568,141.27682431271018,128.7217111533771,119.70061928308748
BTDR,2025-04-22,9.380000114440918,140.1087012438314,149.5777042196858,145.22164146610643,130.70371584210883,121.48941629038352
BTDR,2025-04-23,9.84000015258789,139.87352532418788,138.93387226667014,145.03117592345313,130.00168592248252,121.45417279440838
BTDR,2025-04-24,10.399999618530272,140.8123301569256,138.61173975031923,144.46693242919807,130.15353706646323,121.17784577862312
BTDR,2025-04-25,10.529999732971191,138.243154540338,138.49118798338878,143.72478806788115,129.17061205772822,121.1803886437671
BTDR,2025-04-28,10.020000457763672,138.05531288532106,138.02071793512346,141.73091026045643,128.85869946035373,121.2342328540243
BTDR,2025-04-29,9.850000381469728,138.0691232263494,137.89516563238251,141.6815304857025,128.37476647332522,121.24793660548544
BTDR,2025-04-30,9.56999969482422,135.20911325080593,137.79960577453022,141.29345776036976,128.16713069736693,121.27174852741
BTDR,2025-05-01,10.18000030517578,132.62759105469192,138.31778541367467,140.98959384030326,128.29060780127486,121.30171152996492
BTDR,2025-05-02,10.970000267028809,133.3705839606964,139.2093112734882,141.2422507298671,128.5179609892834,121.13484842035956
BTDR,2025-05-05,10.25,134.94923658981912,139.76550243506648,137.22136562313014,128.75599334911018,121.3405911329397
BTDR,2025-05-06,10.920000076293944,128.6424149138021,140.3743493082005,137.66403514878007,126.71017248176328,121.47220016160064
BTDR,2025-05-07,11.350000381469728,128.0314447236661,140.29459904295197,137.225769318553,126.763807343973,121.51643690573916
BTDR,2025-05-08,13.539999961853027,135.3145724267415,143.69415101406992,139.92759284303992,128.21064154492908,122.7440894578768
BTDR,2025-05-09,14.119999885559082,135.2656070314907,143.8160620223124,139.6243576045549,128.2486410628269,122.78994294542667
BTDR,2025-05-12,14.18000030517578,132.3553473417659,143.70548813774548,139.60339556938314,128.22124940197187,122.77009914979298
BTDR,2025-05-13,14.43000030517578,131.53303744822935,143.7634413630009,138.63505682167985,128.22811639287806,122.7586333659229
BTDR,2025-05-14,14.09000015258789,132.04895560683514,142.58377878961647,138.0480357640865,127.9851767317844,122.6655919098358
BTDR,2025-05-15,13.729999542236328,131.96511109708084,142.66917116843248,137.41141224919272,127.91883058725236,122.69466152436796
BTDR,2025-05-16,15.1899995803833,131.52556465754785,144.20592857811494,138.0197326612565,128.3809116590974,123.06875770204408
BTDR,2025-05-19,15.31999969482422,127.6531333545054,141.57045348203053,136.60182283797403,128.11961008283544,122.98058826007636
BTDR,2025-05-20,15.59000015258789,127.6284271439698,141.60248731254208,136.63849072859392,128.12837433841187,122.94933840095496
BTDR,2025-05-21,14.75,122.64889417699008,122.104036410991,135.00275446389878,128.31336800491863,123.0562882012519
BTDR,2025-05-22,15.079999923706056,112.68656353418216,120.5728156932314,134.90259039299204,127.87479651157992,122.96471917748808
BTDR,2025-05-23,14.460000038146973,102.602836492814,120.43789992216728,134.9542304456002,127.95136734876064,123.02658514716892
BTDR,2025-05-27,15.0,102.4643865173042,118.11215655918426,134.83046160360942,127.977962290396,123.06995823240486
BTDR,2025-05-28,14.300000190734863,104.03359649155388,117.20379459844598,134.95587501707763,127.5192974851995,123.07390262659186
BTDR,2025-05-29,14.3100004196167,99.00271477506342,117.20523870977644,134.63721489485852,127.41772214617806,122.87394968571324
BTDR,2025-05-30,12.859999656677246,105.89461169116706,119.27463191270644,133.7979728502678,127.68208047968368,123.36642806926857
BTDR,2025-06-02,12.760000228881836,106.08228023373802,118.49502607842548,132.68821005758937,127.68968008692548,123.3467629963858
BTDR,2025-06-03,12.90999984741211,105.93097874336624,118.50919422107044,130.18680940466905,127.53608183532364,123.31264028445908
BTDR,2025-06-04,13.25,88.88073467529665,116.83932973408405,129.97792481512744,127.5129653216739,123.23705414147132
BTDR,2025-06-05,12.630000114440918,89.80694578118462,116.85131014253967,130.17010260911854,127.65878831127876,123.30362635056402
BTDR,2025-06-06,13.989999771118164,92.91755511756826,118.59722826323716,130.6979444549267,128.156760256981,123.14473075591792
BTDR,2025-06-09,14.010000228881836,92.94608985711945,116.9264372604553,129.52836141074602,128.15628284879986,123.1241946399952
BTDR,2025-06-10,14.300000190734863,91.27443494156395,116.49135522669518,128.71839549174348,128.0343257042538,123.06997323329767
BTDR,2025-06-11,13.829999923706056,91.84476463394142,116.75149130561316,128.66703286398467,128.0069610166858,123.12171188337
BTDR,2025-06-12,13.289999961853027,92.31626609705272,115.09733098768656,128.72537277490423,128.10828414953596,123.19400254848682
BTDR,2025-06-13,12.68000030517578,92.4932348508002,113.56962317799037,128.7174487101691,128.21409211281468,123.25223878346898
BTDR,2025-06-16,13.5600004196167,92.0346354183074,113.65149609808896,128.97433002025545,128.39591684774803,123.18323870483007
BTDR,2025-06-17,12.699999809265137,91.8697258350699,114.5673687440416,129.2254360142839,128.47885182844465,121.93936946038696
BTDR,2025-06-18,11.795000076293944,93.17940623418068,111.42766073938428,129.44868837317108,128.65201743558362,122.16576569501234
BTDR,2025-06-20,11.279999732971191,93.50442597486392,111.15577086623829,121.6435706369977,128.44651494047326,122.1038174784965
BTDR,2025-06-23,10.90999984741211,77.45871051723972,110.13561787377412,121.1628519464559,127.68562868663788,122.1061583787946
BTDR,2025-06-24,10.979999542236328,76.17344449266614,110.02516393042303,121.07412932649402,127.68557841461912,121.83192765326936
BTDR,2025-06-25,10.739999771118164,76.17666260508842,108.76014314077835,120.66911193758035,127.71890171581592,121.7976987140114
BTDR,2025-06-26,11.210000038146973,77.29621265378277,108.78534322480016,120.84982167932222,127.68489107396678,121.8240727752844
BTDR,2025-06-27,11.09000015258789,77.16220215306613,108.80367168010316,120.713313600733,127.62354158745984,121.52577446726517
BTDR,2025-06-30,11.479999542236328,77.92850742949295,108.44180020658384,120.64443680199662,127.6797950893978,121.2981831037334
BTDR,2025-07-01,11.300000190734863,71.03842017712212,107.1998086190987,120.53136000277264,127.58146312068048,121.18422944940588
BTDR,2025-07-02,13.079999923706056,84.1469438793242,109.31665247440354,122.8577339905067,128.69868059036003,121.966744702067
BTDR,2025-07-03,13.770000457763672,85.50775540328281,109.58166910077249,123.08158226519834,128.345032319927,122.03262044324072
BTDR,2025-07-07,13.125,85.14790981916556,106.91091161882365,123.07405619711346,128.2310309824269,121.78800166643862
BTDR,2025-07-08,12.68000030517578,85.22581148731336,100.84184517328974,122.06894557236684,128.18054000621834,121.82418458931814
BTDR,2025-07-09,12.970000267028809,84.8969487887361,95.49695330222278,122.0152954917148,127.93778892020444,121.81842785058544
BTDR,2025-07-10,13.170000076293944,84.2392461162924,95.2106891797926,121.96617827094369,127.87259962704424,121.60701399951054
BTDR,2025-07-11,13.239999771118164,83.25910007355859,95.13495384267236,121.97143371350283,127.60041127807312,121.16970105489264
BTDR,2025-07-14,13.510000228881836,83.51673004090526,92.95477005587412,121.14126935217048,127.50648896567468,121.15314141206264
BTDR,2025-07-15,12.550000190734863,80.39386740810214,94.48746797793044,121.6856906000037,127.81093556875702,121.174089494575
BTDR,2025-07-16,13.5,83.14491093315371,95.28585120969224,122.26186786369854,127.86363145746247,121.33034213901644
BTDR,2025-07-17,13.75,83.23557240215779,95.26848980754473,120.4913762568448,127.87633344261246,121.06627535149973
BTDR,2025-07-18,13.699999809265137,82.93896251337178,85.63521351487375,120.49315390264562,127.8268444771582,121.03630613410662
BTDR,2025-07-21,13.75,81.62586189275206,85.19694774233135,106.84723218397292,125.23397591075178,120.7640778435458
BTDR,2025-07-22,14.649999618530272,78.21772550180506,85.41355935814536,106.12890210073432,125.4263166943068,120.57448489702792
BTDR,2025-07-23,14.75,78.2325877881281,85.40246136249749,105.73639232860604,125.19575785340868,119.62040657045286
BTDR,2025-07-24,15.15999984741211,78.40266092062663,84.73024476406414,104.06399868016088,124.52757811303694,119.44087549826487
BTDR,2025-07-25,14.640000343322754,78.46196406062602,85.02354440815695,103.32279118529506,124.61116279294096,119.22329274372166
BTDR,2025-07-28,14.18000030517578,78.12947658773962,85.08083631495096,103.46666561957174,124.14699494104676,118.85190890682968
BTDR,2025-07-29,13.43000030517578,78.5594469553191,85.18922790305338,103.78169066564745,123.9000160466299,118.95672399261996
BTDR,2025-07-30,13.079999923706056,76.46410338280208,84.14878179835407,103.34062512623592,123.55498831704963,118.96972375592443
BTDR,2025-07-31,12.890000343322754,74.13113939629405,82.93349182337204,103.37238096429842,123.46782006469864,118.94502949699404
BTDR,2025-08-01,12.109999656677246,73.19651336236831,83.08377135060552,102.72942775314236,123.7018672058388,118.97923487849332
BTDR,2025-08-04,12.979999542236328,74.48306619045412,83.90223877639633,102.94455659289336,120.80714813526968,119.17466063100392
BTDR,2025-08-05,12.739999771118164,73.95111539195544,75.7305641792129,102.98111586377316,120.76198148504491,118.84894548072788
BTDR,2025-08-06,12.970000267028809,74.04269911681173,75.30705128137924,101.93429692651674,120.70607173876736,118.20792065651553
BTDR,2025-08-07,12.9399995803833,73.62146817237009,75.29800459572058,101.57088863290798,120.69828556619706,118.2058158567134
BTDR,2025-08-08,12.56999969482422,73.46050220340659,75.39956726851496,101.67783119620069,120.6935575398435,117.4740653486653
BTDR,2025-08-11,12.789999961853027,73.42752755834081,75.36945656687489,100.3912441811246,120.45783835911983,117.12485310124244
BTDR,2025-08-12,13.210000038146973,73.3509451235871,75.51253013613308,99.07811603774532,120.47374082400522,116.77662516658378
BTDR,2025-08-13,13.979999542236328,74.58845319408323,73.47936283898414,99.01530326185907,120.60645906113672,116.69778805645775
BTDR,2025-08-14,13.779999732971191,62.011015168577146,73.49761143416752,99.05482253560722,120.39796306581482,116.64622356550257
BTDR,2025-08-15,13.390000343322754,60.769627421449776,73.59065664254652,96.27026383719468,120.3975942409622,116.637941379478
BTDR,2025-08-18,14.359999656677246,62.42472313846809,74.2256040750098,96.39822109449663,120.42685741280536,116.81253049598604
BTDR,2025-08-19,12.9350004196167,69.02785357688609,77.06356661316266,97.0203858394165,120.48472953785183,115.53759078984282
BTDR,2025-08-20,12.9399995803833,68.71357791644344,76.62567441030103,96.9359120798897,120.00006863155944,115.52448637144197
BTDR,2025-08-21,12.609999656677246,68.94740589186236,76.35391101825596,96.09612578855578,118.6314648010344,115.39318272454548
